trade_date,next_trade_date,code,name,pool_type,board,pct_chg,close,limit_price,amount,turnover,first_seal_time,last_seal_time,break_count,close_vs_limit,industry,industry_board_rank,industry_limitup_count_today,market_index_trend,emotion_stage,prev_industry_open_good_rate,prev_industry_close_good_rate,prev_industry_sample_count,action_score,signal_risk_score,postclose_risk_score,risk_score,board_action_quality,broken_board_quality,next_day_premium_risk,realized_label,next_open,next_high,next_close,outcome_source,open_premium,high_premium,close_return,net_open_return,low_open,rushed_high,continued_limit_up,lhb_listed,lhb_net_buy,institution_net,tracked_seats,buy_concentration,sell_concentration,stock_personality_tag,hist_limitup_count_3y,hist_failed_seal_count_3y,hist_failed_seal_rate_3y,hist_limitup_count_1y,hist_failed_seal_count_1y,hist_broken_board_rate_1y,hist_open_premium_mean_1y,hist_high_premium_mean_1y,hist_broken_board_rate_3y,hist_broken_sample_count_3y,hist_broken_a_kill_count_3y,hist_broken_a_kill_rate_3y,hist_a_kill_bloodline_index,hist_open_premium_mean_3y,hist_high_premium_mean_3y,personality_forced_downgrade,hist_n,hist_open_win_rate,hist_no_premium_rate,hist_avg_open,hist_median_open,hist_avg_high,hist_avg_close,strong_is_new_high,strong_volume_ratio,tech_ma5_dev,tech_ma10_dev,tech_gain5,signal_decision_reason,postclose_risk_reason,decision_reason,data_gaps,data_lineage
2026-09-16,2026-09-17,001216,华瓷股份,涨停,2,9.981740951538086,18.07,,75532907.0,1.6934375762939453,09:25:00,09:25:00,0,,家居用品,1,4,指数上涨,情绪上升,,,0,12,-2,-2,-2,可以打板,,低/可控,实际有溢价,19.49,19.88,19.88,D:\codex\outputs\a_share_technical_screener\2026-09-17\all_metrics.csv,0.07858328721638075,0.10016602102933025,0.10016602102933025,0.07658328721638075,False,True,True,True,38685810.19,-3848090.0,,0.45875305802043237,0.20075049051371116,样本不足,1,0,0.0,1,0,0.0,,,0.0,0,0,,,,,,0,,,,,,,是,1.7845474481582642,14.96,17.76,21.77,收盘封住涨停；大环境：情绪上升，允许适度提高进攻仓位；指数环境：指数上涨；首次封板在10:30前，只作为前排证据之一；2板承接优于普通首板；未炸板；成交额过低，容量和滑点风险高；所属行业在今日涨停/炸板热度前排：家居用品；板块内封板排序第1，属于日内前排；图形新高或强势池新高；今日涨停家数尚可；今日炸板率不高，封板环境较好,盘后龙虎榜净买入0.39亿，可改善次日风险；机构净卖出0.04亿,收盘封住涨停；大环境：情绪上升，允许适度提高进攻仓位；指数环境：指数上涨；首次封板在10:30前，只作为前排证据之一；2板承接优于普通首板；未炸板；成交额过低，容量和滑点风险高；所属行业在今日涨停/炸板热度前排：家居用品；板块内封板排序第1，属于日内前排；图形新高或强势池新高；今日涨停家数尚可；今日炸板率不高，封板环境较好,前一交易日本行业涨停样本缺失；同股历史涨停溢价样本不足,AKShare/Eastmoney pools + local technical screener + local stock_personality_history/history detail + Eastmoney LHB
2026-09-16,2026-09-17,002442,龙星科技,涨停,1,10.077519416809082,5.68,,126778986.0,4.5411505699157715,09:25:00,09:25:00,0,,橡胶,1,3,指数上涨,情绪上升,,,0,10,-1,-1,-1,可以打板,,低/可控,实际无溢价,5.59,6.09,5.74,D:\codex\outputs\a_share_technical_screener\2026-09-17\all_metrics.csv,-0.015845070422535135,0.07218309859154926,0.010563380281690238,-0.017845070422535136,True,True,False,False,,,,,,样本不足,,,,,,,,,,,,,,,,,,,,,,,,,,5.81,6.19,1.97,收盘封住涨停；大环境：情绪上升，允许适度提高进攻仓位；指数环境：指数上涨；首次封板在10:30前，只作为前排证据之一；首板/低板位溢价弹性需依赖题材和封板质量；未炸板；换手处于可承接区间；题材/行业热度一般：橡胶；板块内封板排序第1，属于日内前排；今日涨停家数尚可；今日炸板率不高，封板环境较好,,收盘封住涨停；大环境：情绪上升，允许适度提高进攻仓位；指数环境：指数上涨；首次封板在10:30前，只作为前排证据之一；首板/低板位溢价弹性需依赖题材和封板质量；未炸板；换手处于可承接区间；题材/行业热度一般：橡胶；板块内封板排序第1，属于日内前排；今日涨停家数尚可；今日炸板率不高，封板环境较好,前一交易日本行业涨停样本缺失；同股历史涨停溢价样本不足；龙虎榜未上榜或未匹配；仅可作为盘后缺失项,AKShare/Eastmoney pools + local technical screener + local stock_personality_history/history detail + Eastmoney LHB
2026-09-16,2026-09-17,003001,中岩大地,涨停,1,10.005955696105957,18.47,,117358035.0,5.556595802307129,09:30:00,09:30:00,0,,专业工程,1,1,指数上涨,情绪上升,,,0,11,-2,-2,-2,可以打板,,低/可控,实际有溢价,19.03,20.32,20.32,D:\codex\outputs\a_share_technical_screener\2026-09-17\all_metrics.csv,0.030319436924743037,0.10016242555495403,0.10016242555495403,0.028319436924743036,False,True,True,False,,,,,,股性偏强,5,2,0.4,5,2,0.4,0.02313260131536714,0.05201362384756638,0.4,2,0,0.0,0.0,0.02313260131536714,0.05201362384756638,,5,0.6,0.4,0.02313260131536714,0.017799352750809128,0.05201362384756638,0.010030479211890797,,,11.74,12.85,14.44,收盘封住涨停；大环境：情绪上升，允许适度提高进攻仓位；指数环境：指数上涨；首次封板在10:30前，只作为前排证据之一；首板/低板位溢价弹性需依赖题材和封板质量；未炸板；换手处于可承接区间；题材/行业热度一般：专业工程；板块内封板排序第1，属于日内前排；今日涨停家数尚可；今日炸板率不高，封板环境较好；三年股性偏强：涨停样本5，次日开盘有溢价率60.0%，均值2.3%,,收盘封住涨停；大环境：情绪上升，允许适度提高进攻仓位；指数环境：指数上涨；首次封板在10:30前，只作为前排证据之一；首板/低板位溢价弹性需依赖题材和封板质量；未炸板；换手处于可承接区间；题材/行业热度一般：专业工程；板块内封板排序第1，属于日内前排；今日涨停家数尚可；今日炸板率不高，封板环境较好；三年股性偏强：涨停样本5，次日开盘有溢价率60.0%，均值2.3%,前一交易日本行业涨停样本缺失；龙虎榜未上榜或未匹配；仅可作为盘后缺失项,AKShare/Eastmoney pools + local technical screener + local stock_personality_history/history detail + Eastmoney LHB
2026-09-16,2026-09-17,603248,锡华科技,涨停,2,10.021668434143066,20.31,,160047802.0,11.04753589630127,09:30:02,09:36:11,1,,风电设备,2,3,指数上涨,情绪上升,,,0,10,-1,-2,-2,可以打板,,低/可控,实际无溢价,19.56,22.34,22.34,D:\codex\outputs\a_share_technical_screener\2026-09-17\all_metrics.csv,-0.03692762186115217,0.09995076317085183,0.09995076317085183,-0.03892762186115217,True,True,True,True,37658384.54,0.0,,0.20685599593196755,0.08301399286560537,样本不足,1,1,1.0,1,1,1.0,,,1.0,1,0,0.0,0.0,,,,0,,,,,,,否,2.5758602619171143,13.6,14.31,16.99,收盘封住涨停；大环境：情绪上升，允许适度提高进攻仓位；指数环境：指数上涨；首次封板在10:30前，只作为前排证据之一；2板承接优于普通首板；炸板次数1次，可接受但需看承接；换手处于可承接区间；题材/行业热度一般：风电设备；板块内封板排序第2，属于日内前排；今日涨停家数尚可；今日炸板率不高，封板环境较好,盘后龙虎榜净买入0.38亿，可改善次日风险,收盘封住涨停；大环境：情绪上升，允许适度提高进攻仓位；指数环境：指数上涨；首次封板在10:30前，只作为前排证据之一；2板承接优于普通首板；炸板次数1次，可接受但需看承接；换手处于可承接区间；题材/行业热度一般：风电设备；板块内封板排序第2，属于日内前排；今日涨停家数尚可；今日炸板率不高，封板环境较好,前一交易日本行业涨停样本缺失；同股历史涨停溢价样本不足,AKShare/Eastmoney pools + local technical screener + local stock_personality_history/history detail + Eastmoney LHB
2026-09-16,2026-09-17,002068,黑猫股份,涨停,1,9.978307723999023,10.14,,376181616.0,5.0889739990234375,09:30:18,09:30:18,0,,橡胶,2,3,指数上涨,情绪上升,,,0,10,-1,-1,-1,可以打板,,低/可控,实际有溢价,10.48,11.15,10.04,D:\codex\outputs\a_share_technical_screener\2026-09-17\all_metrics.csv,0.0335305719921104,0.09960552268244571,-0.009861932938856177,0.0315305719921104,False,True,False,False,,,,,,样本不足,2,0,0.0,2,0,0.0,0.030219780219780223,0.09945054945054954,0.0,0,0,,,0.030219780219780223,0.09945054945054954,,2,0.5,0.5,0.030219780219780223,0.030219780219780223,0.09945054945054954,0.06448551448551454,,,2.44,8.92,1.3,收盘封住涨停；大环境：情绪上升，允许适度提高进攻仓位；指数环境：指数上涨；首次封板在10:30前，只作为前排证据之一；首板/低板位溢价弹性需依赖题材和封板质量；未炸板；换手处于可承接区间；题材/行业热度一般：橡胶；板块内封板排序第2，属于日内前排；今日涨停家数尚可；今日炸板率不高，封板环境较好,,收盘封住涨停；大环境：情绪上升，允许适度提高进攻仓位；指数环境：指数上涨；首次封板在10:30前，只作为前排证据之一；首板/低板位溢价弹性需依赖题材和封板质量；未炸板；换手处于可承接区间；题材/行业热度一般：橡胶；板块内封板排序第2，属于日内前排；今日涨停家数尚可；今日炸板率不高，封板环境较好,前一交易日本行业涨停样本缺失；同股历史涨停溢价样本不足；龙虎榜未上榜或未匹配；仅可作为盘后缺失项,AKShare/Eastmoney pools + local technical screener + local stock_personality_history/history detail + Eastmoney LHB
2026-09-16,2026-09-17,603082,北自科技,涨停,2,10.008305549621582,52.98,,714451568.0,33.464378356933594,09:30:41,11:01:38,5,,自动化设,1,2,指数上涨,情绪上升,,,0,9,2,2,2,可以打板,,中：需看集合竞价承接,实际有溢价,55.0,55.0,51.17,D:\codex\outputs\a_share_technical_screener\2026-09-17\all_metrics.csv,0.03812759531898835,0.03812759531898835,-0.03416383540958845,0.03612759531898835,False,True,False,True,135109953.12,-25018505.0,,0.20242010368209715,0.11039285533178306,股性中性,5,3,0.6,5,3,0.6,-0.006479651567862538,0.058974277949630005,0.6,3,0,0.0,0.0,-0.006479651567862538,0.058974277949630005,,4,0.5,0.5,-0.006479651567862538,-0.009265586496751133,0.058974277949630005,0.03613663250339241,是,1.6486494541168213,12.27,13.2,11.49,收盘封住涨停；大环境：情绪上升，允许适度提高进攻仓位；指数环境：指数上涨；首次封板在10:30前，只作为前排证据之一；2板承接优于普通首板；炸板次数5次，封板稳定性一般；换手过高，次日抛压风险上升；题材/行业热度一般：自动化设；板块内封板排序第1，属于日内前排；图形新高或强势池新高；今日涨停家数尚可；今日炸板率不高，封板环境较好；三年股性中性：涨停样本5，次日开盘有溢价率50.0%；历史封板稳定性一般：涨停/炸板样本中未封住比例60.0%,盘后龙虎榜净买入1.35亿，可改善次日风险；机构净卖出0.25亿,收盘封住涨停；大环境：情绪上升，允许适度提高进攻仓位；指数环境：指数上涨；首次封板在10:30前，只作为前排证据之一；2板承接优于普通首板；炸板次数5次，封板稳定性一般；换手过高，次日抛压风险上升；题材/行业热度一般：自动化设；板块内封板排序第1，属于日内前排；图形新高或强势池新高；今日涨停家数尚可；今日炸板率不高，封板环境较好；三年股性中性：涨停样本5，次日开盘有溢价率50.0%；历史封板稳定性一般：涨停/炸板样本中未封住比例60.0%,前一交易日本行业涨停样本缺失,AKShare/Eastmoney pools + local technical screener + local stock_personality_history/history detail + Eastmoney LHB
2026-09-16,2026-09-17,002846,英联股份,涨停,2,10.008627891540527,12.75,,305941904.0,8.885948181152344,09:31:24,09:31:24,0,,包装印刷,1,4,指数上涨,情绪上升,,,0,13,-2,-4,-4,可以打板,,低/可控,实际无溢价,12.39,12.46,11.97,D:\codex\outputs\a_share_technical_screener\2026-09-17\all_metrics.csv,-0.028235294117647025,-0.02274509803921565,-0.06117647058823528,-0.030235294117647027,True,False,False,True,18706488.0,9519392.0,,0.14502770189654732,0.11920038961694004,样本不足,2,1,0.5,2,1,0.5,-0.019553072625698387,0.03351955307262555,0.5,1,0,0.0,0.0,-0.019553072625698387,0.03351955307262555,,1,0.0,1.0,-0.019553072625698387,-0.019553072625698387,0.03351955307262555,0.020484171322160183,是,4.597646236419678,13.96,14.81,17.62,收盘封住涨停；大环境：情绪上升，允许适度提高进攻仓位；指数环境：指数上涨；首次封板在10:30前，只作为前排证据之一；2板承接优于普通首板；未炸板；换手处于可承接区间；题材/行业热度一般：包装印刷；板块内封板排序第1，属于日内前排；图形新高或强势池新高；今日涨停家数尚可；今日炸板率不高，封板环境较好,盘后龙虎榜净买入0.19亿，可改善次日风险；机构净买入0.10亿,收盘封住涨停；大环境：情绪上升，允许适度提高进攻仓位；指数环境：指数上涨；首次封板在10:30前，只作为前排证据之一；2板承接优于普通首板；未炸板；换手处于可承接区间；题材/行业热度一般：包装印刷；板块内封板排序第1，属于日内前排；图形新高或强势池新高；今日涨停家数尚可；今日炸板率不高，封板环境较好,前一交易日本行业涨停样本缺失；同股历史涨停溢价样本不足,AKShare/Eastmoney pools + local technical screener + local stock_personality_history/history detail + Eastmoney LHB
2026-09-16,2026-09-17,600644,乐山电力,涨停,1,9.957627296447754,10.38,,498487808.0,8.387983322143555,09:32:09,10:07:00,1,,电力,1,4,指数上涨,情绪上升,,,0,8,0,0,0,可以打板,,低/可控,实际无溢价,10.12,10.12,9.81,D:\codex\outputs\a_share_technical_screener\2026-09-17\all_metrics.csv,-0.025048169556840194,-0.025048169556840194,-0.05491329479768792,-0.027048169556840196,True,False,False,False,,,,,,样本不足,2,0,0.0,2,0,0.0,0.004275227877712395,0.03126956598562636,0.0,0,0,,,0.004275227877712395,0.03126956598562636,,2,0.5,0.5,0.004275227877712395,0.004275227877712395,0.03126956598562636,-0.013454195907611988,,,4.68,9.17,12.83,收盘封住涨停；大环境：情绪上升，允许适度提高进攻仓位；指数环境：指数上涨；首次封板在10:30前，只作为前排证据之一；首板/低板位溢价弹性需依赖题材和封板质量；炸板次数1次，可接受但需看承接；换手处于可承接区间；题材/行业热度一般：电力；板块内封板排序第1，属于日内前排；今日涨停家数尚可；今日炸板率不高，封板环境较好,,收盘封住涨停；大环境：情绪上升，允许适度提高进攻仓位；指数环境：指数上涨；首次封板在10:30前，只作为前排证据之一；首板/低板位溢价弹性需依赖题材和封板质量；炸板次数1次，可接受但需看承接；换手处于可承接区间；题材/行业热度一般：电力；板块内封板排序第1，属于日内前排；今日涨停家数尚可；今日炸板率不高，封板环境较好,前一交易日本行业涨停样本缺失；同股历史涨停溢价样本不足；龙虎榜未上榜或未匹配；仅可作为盘后缺失项,AKShare/Eastmoney pools + local technical screener + local stock_personality_history/history detail + Eastmoney LHB
2026-09-16,2026-09-17,003026,中晶科技,涨停,2,10.006540298461914,33.64,,509792032.0,10.736010551452637,09:32:12,09:34:48,2,,半导体,1,5,指数上涨,情绪上升,,,0,11,-2,-4,-4,可以打板,,低/可控,实际有溢价,37.0,37.0,37.0,D:\codex\outputs\a_share_technical_screener\2026-09-17\all_metrics.csv,0.09988109393579081,0.09988109393579081,0.09988109393579081,0.09788109393579081,False,True,True,True,74474006.27,44417306.07,,0.15384963081972416,0.1164493971923516,样本不足,1,1,1.0,1,1,1.0,,,1.0,1,0,0.0,0.0,,,,0,,,,,,,否,2.0195443630218506,14.54,17.64,21.66,收盘封住涨停；大环境：情绪上升，允许适度提高进攻仓位；指数环境：指数上涨；首次封板在10:30前，只作为前排证据之一；2板承接优于普通首板；炸板次数2次，可接受但需看承接；换手处于可承接区间；所属行业在今日涨停/炸板热度前排：半导体；板块内封板排序第1，属于日内前排；今日涨停家数尚可；今日炸板率不高，封板环境较好,盘后龙虎榜净买入0.74亿，可改善次日风险；机构净买入0.44亿,收盘封住涨停；大环境：情绪上升，允许适度提高进攻仓位；指数环境：指数上涨；首次封板在10:30前，只作为前排证据之一；2板承接优于普通首板；炸板次数2次，可接受但需看承接；换手处于可承接区间；所属行业在今日涨停/炸板热度前排：半导体；板块内封板排序第1，属于日内前排；今日涨停家数尚可；今日炸板率不高，封板环境较好,前一交易日本行业涨停样本缺失；同股历史涨停溢价样本不足,AKShare/Eastmoney pools + local technical screener + local stock_personality_history/history detail + Eastmoney LHB
2026-09-16,2026-09-17,002584,西陇科学,涨停,2,10.023041725158691,9.55,,528102064.0,11.743729591369629,09:32:24,09:32:24,0,,电子化学,1,1,指数上涨,情绪上升,,,0,12,-2,-2,-2,可以打板,,低/可控,实际有溢价,10.25,10.51,9.52,D:\codex\outputs\a_share_technical_screener\2026-09-17\all_metrics.csv,0.0732984293193717,0.10052356020942388,-0.003141361256544628,0.07129842931937169,False,True,False,True,133412996.0,-12246674.0,,0.24728349794118923,0.16170584789000983,样本不足,1,1,1.0,1,1,1.0,,,1.0,1,0,0.0,0.0,,,,0,,,,,,,否,2.3460469245910645,14.1,16.07,18.49,收盘封住涨停；大环境：情绪上升，允许适度提高进攻仓位；指数环境：指数上涨；首次封板在10:30前，只作为前排证据之一；2板承接优于普通首板；未炸板；换手处于可承接区间；题材/行业热度一般：电子化学；板块内封板排序第1，属于日内前排；今日涨停家数尚可；今日炸板率不高，封板环境较好,盘后龙虎榜净买入1.33亿，可改善次日风险；机构净卖出0.12亿,收盘封住涨停；大环境：情绪上升，允许适度提高进攻仓位；指数环境：指数上涨；首次封板在10:30前，只作为前排证据之一；2板承接优于普通首板；未炸板；换手处于可承接区间；题材/行业热度一般：电子化学；板块内封板排序第1，属于日内前排；今日涨停家数尚可；今日炸板率不高，封板环境较好,前一交易日本行业涨停样本缺失；同股历史涨停溢价样本不足,AKShare/Eastmoney pools + local technical screener + local stock_personality_history/history detail + Eastmoney LHB
2026-09-16,2026-09-17,002617,露笑科技,涨停,1,10.031347274780273,7.02,,767538128.0,5.9126739501953125,09:34:06,09:34:06,0,,电力,2,4,指数上涨,情绪上升,,,0,10,-1,-1,-1,可以打板,,低/可控,实际有溢价,7.12,7.21,6.9,D:\codex\outputs\a_share_technical_screener\2026-09-17\all_metrics.csv,0.014245014245014342,0.027065527065527117,-0.017094017094017033,0.012245014245014342,False,True,False,False,,,,,,样本不足,,,,,,,,,,,,,,,,,,,,,,,,,,6.49,9.43,8.0,收盘封住涨停；大环境：情绪上升，允许适度提高进攻仓位；指数环境：指数上涨；首次封板在10:30前，只作为前排证据之一；首板/低板位溢价弹性需依赖题材和封板质量；未炸板；换手处于可承接区间；题材/行业热度一般：电力；板块内封板排序第2，属于日内前排；今日涨停家数尚可；今日炸板率不高，封板环境较好,,收盘封住涨停；大环境：情绪上升，允许适度提高进攻仓位；指数环境：指数上涨；首次封板在10:30前，只作为前排证据之一；首板/低板位溢价弹性需依赖题材和封板质量；未炸板；换手处于可承接区间；题材/行业热度一般：电力；板块内封板排序第2，属于日内前排；今日涨停家数尚可；今日炸板率不高，封板环境较好,前一交易日本行业涨停样本缺失；同股历史涨停溢价样本不足；龙虎榜未上榜或未匹配；仅可作为盘后缺失项,AKShare/Eastmoney pools + local technical screener + local stock_personality_history/history detail + Eastmoney LHB
2026-09-16,2026-09-17,605058,澳弘电子,涨停,4,10.0,44.33,,462543456.0,7.6002020835876465,09:34:36,09:37:54,1,,元件,1,4,指数上涨,情绪上升,,,0,12,-1,-1,-1,可以打板,,低/可控,实际有溢价,47.0,48.76,48.76,D:\codex\outputs\a_share_technical_screener\2026-09-17\all_metrics.csv,0.06023009248815714,0.09993232573877742,0.09993232573877742,0.05823009248815714,False,True,True,True,22440459.0,-20796932.0,,0.1249996908211632,0.10641752808693378,样本不足,3,2,0.6666666666666666,3,2,0.6666666666666666,-0.014096357625010103,0.09993040433980638,0.6666666666666666,2,0,0.0,0.0,-0.014096357625010103,0.09993040433980638,,2,0.0,1.0,-0.014096357625010103,-0.014096357625010103,0.09993040433980638,0.09993040433980638,是,1.0255334377288818,19.9,35.5,49.56,收盘封住涨停；大环境：情绪上升，允许适度提高进攻仓位；指数环境：指数上涨；首次封板在10:30前，只作为前排证据之一；3板以上有辨识度；炸板次数1次，可接受但需看承接；换手处于可承接区间；题材/行业热度一般：元件；板块内封板排序第1，属于日内前排；图形新高或强势池新高；5日涨幅过高，次日兑现风险；今日涨停家数尚可；今日炸板率不高，封板环境较好,盘后龙虎榜净买入0.22亿，可改善次日风险；机构净卖出0.21亿,收盘封住涨停；大环境：情绪上升，允许适度提高进攻仓位；指数环境：指数上涨；首次封板在10:30前，只作为前排证据之一；3板以上有辨识度；炸板次数1次，可接受但需看承接；换手处于可承接区间；题材/行业热度一般：元件；板块内封板排序第1，属于日内前排；图形新高或强势池新高；5日涨幅过高，次日兑现风险；今日涨停家数尚可；今日炸板率不高，封板环境较好,前一交易日本行业涨停样本缺失；同股历史涨停溢价样本不足,AKShare/Eastmoney pools + local technical screener + local stock_personality_history/history detail + Eastmoney LHB
2026-09-16,2026-09-17,003031,中瓷电子,涨停,1,10.0,137.72,,825492912.0,1.3555132150650024,09:35:06,09:35:06,0,,通信设备,1,6,指数上涨,情绪上升,,,0,10,-2,-2,-2,可以打板,,低/可控,实际无溢价,137.7,143.42,137.4,D:\codex\outputs\a_share_technical_screener\2026-09-17\all_metrics.csv,-0.00014522218995072222,0.041388324135927856,-0.0023235550392098903,-0.0021452221899507223,True,True,False,False,,,,,,样本不足,2,1,0.5,2,1,0.5,-0.0034790447019964477,0.05792707767994243,0.5,1,0,0.0,0.0,-0.0034790447019964477,0.05792707767994243,,2,0.5,0.5,-0.0034790447019964477,-0.0034790447019964477,0.05792707767994243,0.015335618040275056,,,10.36,13.05,14.2,收盘封住涨停；大环境：情绪上升，允许适度提高进攻仓位；指数环境：指数上涨；首次封板在10:30前，只作为前排证据之一；首板/低板位溢价弹性需依赖题材和封板质量；未炸板；所属行业在今日涨停/炸板热度前排：通信设备；板块内封板排序第1，属于日内前排；今日涨停家数尚可；今日炸板率不高，封板环境较好,,收盘封住涨停；大环境：情绪上升，允许适度提高进攻仓位；指数环境：指数上涨；首次封板在10:30前，只作为前排证据之一；首板/低板位溢价弹性需依赖题材和封板质量；未炸板；所属行业在今日涨停/炸板热度前排：通信设备；板块内封板排序第1，属于日内前排；今日涨停家数尚可；今日炸板率不高，封板环境较好,前一交易日本行业涨停样本缺失；同股历史涨停溢价样本不足；龙虎榜未上榜或未匹配；仅可作为盘后缺失项,AKShare/Eastmoney pools + local technical screener + local stock_personality_history/history detail + Eastmoney LHB
2026-09-16,2026-09-17,603042,华脉科技,涨停,1,10.0,17.16,,339419824.0,9.721922874450684,09:35:50,09:35:50,0,,通信设备,2,6,指数上涨,情绪上升,,,0,12,-3,-3,-3,可以打板,,低/可控,实际有溢价,17.58,18.55,17.69,D:\codex\outputs\a_share_technical_screener\2026-09-17\all_metrics.csv,0.02447552447552437,0.08100233100233112,0.030885780885780978,0.022475524475524367,False,True,False,False,,,,,,股性偏强,3,0,0.0,3,0,0.0,0.06344707353464744,0.065232468999743,0.0,0,0,,,0.06344707353464744,0.065232468999743,,3,0.6666666666666666,0.3333333333333333,0.06344707353464744,0.0998055735580039,0.065232468999743,0.03327389017453323,否,0.4720751941204071,4.25,6.1,-8.09,收盘封住涨停；大环境：情绪上升，允许适度提高进攻仓位；指数环境：指数上涨；首次封板在10:30前，只作为前排证据之一；首板/低板位溢价弹性需依赖题材和封板质量；未炸板；换手处于可承接区间；所属行业在今日涨停/炸板热度前排：通信设备；板块内封板排序第2，属于日内前排；今日涨停家数尚可；今日炸板率不高，封板环境较好；三年股性偏强：涨停样本3，次日开盘有溢价率66.7%，均值6.3%,,收盘封住涨停；大环境：情绪上升，允许适度提高进攻仓位；指数环境：指数上涨；首次封板在10:30前，只作为前排证据之一；首板/低板位溢价弹性需依赖题材和封板质量；未炸板；换手处于可承接区间；所属行业在今日涨停/炸板热度前排：通信设备；板块内封板排序第2，属于日内前排；今日涨停家数尚可；今日炸板率不高，封板环境较好；三年股性偏强：涨停样本3，次日开盘有溢价率66.7%，均值6.3%,前一交易日本行业涨停样本缺失；龙虎榜未上榜或未匹配；仅可作为盘后缺失项,AKShare/Eastmoney pools + local technical screener + local stock_personality_history/history detail + Eastmoney LHB
2026-09-16,2026-09-17,603122,合富中国,涨停,1,9.974640846252441,13.01,,418341856.0,8.203993797302246,09:36:14,10:03:50,2,,医疗服务,1,1,指数上涨,情绪上升,,,0,8,0,0,0,可以打板,,低/可控,实际有溢价,13.03,13.65,12.4,D:\codex\outputs\a_share_technical_screener\2026-09-17\all_metrics.csv,0.001537279016141424,0.04919292851652579,-0.046887009992313544,-0.000462720983858576,False,True,False,False,,,,,,样本不足,2,1,0.5,2,1,0.5,0.01957759254894398,0.08140932239102328,0.5,1,0,0.0,0.0,0.01957759254894398,0.08140932239102328,,2,1.0,0.0,0.01957759254894398,0.01957759254894398,0.08140932239102328,0.007374631268436516,,,4.75,1.26,-2.55,收盘封住涨停；大环境：情绪上升，允许适度提高进攻仓位；指数环境：指数上涨；首次封板在10:30前，只作为前排证据之一；首板/低板位溢价弹性需依赖题材和封板质量；炸板次数2次，可接受但需看承接；换手处于可承接区间；题材/行业热度一般：医疗服务；板块内封板排序第1，属于日内前排；今日涨停家数尚可；今日炸板率不高，封板环境较好,,收盘封住涨停；大环境：情绪上升，允许适度提高进攻仓位；指数环境：指数上涨；首次封板在10:30前，只作为前排证据之一；首板/低板位溢价弹性需依赖题材和封板质量；炸板次数2次，可接受但需看承接；换手处于可承接区间；题材/行业热度一般：医疗服务；板块内封板排序第1，属于日内前排；今日涨停家数尚可；今日炸板率不高，封板环境较好,前一交易日本行业涨停样本缺失；同股历史涨停溢价样本不足；龙虎榜未上榜或未匹配；仅可作为盘后缺失项,AKShare/Eastmoney pools + local technical screener + local stock_personality_history/history detail + Eastmoney LHB
2026-09-16,2026-09-17,002300,太阳电缆,涨停,1,9.973752975463867,8.38,,385979600.0,6.520051956176758,09:36:15,09:36:15,0,,电网设备,1,2,指数上涨,情绪上升,,,0,10,0,0,0,可以打板,,低/可控,实际无溢价,8.23,8.23,7.88,D:\codex\outputs\a_share_technical_screener\2026-09-17\all_metrics.csv,-0.017899761336515607,-0.017899761336515607,-0.059665871121718506,-0.01989976133651561,True,False,False,False,,,,,,股性中性,5,3,0.6,5,3,0.6,0.0019015610403807725,0.06541230946276597,0.6,3,0,0.0,0.0,0.0019015610403807725,0.06541230946276597,,5,0.4,0.6,0.0019015610403807725,-0.00476758045292025,0.06541230946276597,0.03429382990358656,,,4.33,3.53,1.21,收盘封住涨停；大环境：情绪上升，允许适度提高进攻仓位；指数环境：指数上涨；首次封板在10:30前，只作为前排证据之一；首板/低板位溢价弹性需依赖题材和封板质量；未炸板；换手处于可承接区间；题材/行业热度一般：电网设备；板块内封板排序第1，属于日内前排；今日涨停家数尚可；今日炸板率不高，封板环境较好；三年股性中性：涨停样本5，次日开盘有溢价率40.0%；历史封板稳定性一般：涨停/炸板样本中未封住比例60.0%,,收盘封住涨停；大环境：情绪上升，允许适度提高进攻仓位；指数环境：指数上涨；首次封板在10:30前，只作为前排证据之一；首板/低板位溢价弹性需依赖题材和封板质量；未炸板；换手处于可承接区间；题材/行业热度一般：电网设备；板块内封板排序第1，属于日内前排；今日涨停家数尚可；今日炸板率不高，封板环境较好；三年股性中性：涨停样本5，次日开盘有溢价率40.0%；历史封板稳定性一般：涨停/炸板样本中未封住比例60.0%,前一交易日本行业涨停样本缺失；龙虎榜未上榜或未匹配；仅可作为盘后缺失项,AKShare/Eastmoney pools + local technical screener + local stock_personality_history/history detail + Eastmoney LHB
2026-09-16,2026-09-17,000993,闽东电力,涨停,6,10.0,18.48,,1811384816.0,21.759681701660156,09:36:51,13:57:27,20,,电力,3,4,指数上涨,情绪上升,,,0,10,1,1,1,可以打板,,低/可控,实际无溢价,16.64,18.47,17.97,D:\codex\outputs\a_share_technical_screener\2026-09-17\all_metrics.csv,-0.09956709956709953,-0.00054112554112562,-0.02759740259740273,-0.10156709956709953,True,True,False,True,-116936152.15,43091238.73,,0.0731597365906837,0.11352655942319888,股性偏强,5,4,0.8,5,4,0.8,0.05528913755872039,0.1001109072855777,0.8,4,0,0.0,0.0,0.05528913755872039,0.1001109072855777,,4,1.0,0.0,0.05528913755872039,0.04757992069737993,0.1001109072855777,0.1001109072855777,是,1.5446442365646362,19.92,41.47,61.12,收盘封住涨停；大环境：情绪上升，允许适度提高进攻仓位；指数环境：指数上涨；首次封板在10:30前，只作为前排证据之一；3板以上有辨识度；炸板次数20次，封板分歧大；题材/行业热度一般：电力；板块内封板排序第3，属于日内前排；图形新高或强势池新高；5日涨幅过高，次日兑现风险；今日涨停家数尚可；今日炸板率不高，封板环境较好；三年股性偏强：涨停样本5，次日开盘有溢价率100.0%，均值5.5%；历史封板稳定性一般：涨停/炸板样本中未封住比例80.0%,盘后龙虎榜净卖出1.17亿，次日风险上升；机构净买入0.43亿,收盘封住涨停；大环境：情绪上升，允许适度提高进攻仓位；指数环境：指数上涨；首次封板在10:30前，只作为前排证据之一；3板以上有辨识度；炸板次数20次，封板分歧大；题材/行业热度一般：电力；板块内封板排序第3，属于日内前排；图形新高或强势池新高；5日涨幅过高，次日兑现风险；今日涨停家数尚可；今日炸板率不高，封板环境较好；三年股性偏强：涨停样本5，次日开盘有溢价率100.0%，均值5.5%；历史封板稳定性一般：涨停/炸板样本中未封住比例80.0%,前一交易日本行业涨停样本缺失,AKShare/Eastmoney pools + local technical screener + local stock_personality_history/history detail + Eastmoney LHB
2026-09-16,2026-09-17,605566,福莱蒽特,涨停,1,10.011966705322266,27.58,,92962496.0,2.5718464851379395,09:37:35,09:39:56,1,,化学制品,1,5,指数上涨,情绪上升,,,0,7,0,0,0,谨慎可打,,低/可控,实际有溢价,27.86,27.97,26.88,D:\codex\outputs\a_share_technical_screener\2026-09-17\all_metrics.csv,0.010152284263959421,0.014140681653372011,-0.025380710659898442,0.008152284263959421,False,False,False,False,,,,,,样本不足,1,0,0.0,1,0,0.0,-0.017537706068046277,0.099614170466503,0.0,0,0,,,-0.017537706068046277,0.099614170466503,,1,0.0,1.0,-0.017537706068046277,-0.017537706068046277,0.099614170466503,0.022448263767099075,,,5.6,1.55,0.47,收盘封住涨停；大环境：情绪上升，允许适度提高进攻仓位；指数环境：指数上涨；首次封板在10:30前，只作为前排证据之一；首板/低板位溢价弹性需依赖题材和封板质量；炸板次数1次，可接受但需看承接；成交额过低，容量和滑点风险高；所属行业在今日涨停/炸板热度前排：化学制品；板块内封板排序第1，属于日内前排；今日涨停家数尚可；今日炸板率不高，封板环境较好,,收盘封住涨停；大环境：情绪上升，允许适度提高进攻仓位；指数环境：指数上涨；首次封板在10:30前，只作为前排证据之一；首板/低板位溢价弹性需依赖题材和封板质量；炸板次数1次，可接受但需看承接；成交额过低，容量和滑点风险高；所属行业在今日涨停/炸板热度前排：化学制品；板块内封板排序第1，属于日内前排；今日涨停家数尚可；今日炸板率不高，封板环境较好,前一交易日本行业涨停样本缺失；同股历史涨停溢价样本不足；龙虎榜未上榜或未匹配；仅可作为盘后缺失项,AKShare/Eastmoney pools + local technical screener + local stock_personality_history/history detail + Eastmoney LHB
2026-09-16,2026-09-17,603230,内蒙新华,涨停,1,9.97038459777832,11.14,,127062155.0,3.2969000339508057,09:38:25,09:38:25,0,,出版,1,1,指数上涨,情绪上升,,,0,11,-1,-1,-1,可以打板,,低/可控,实际有溢价,12.25,12.25,12.25,D:\codex\outputs\a_share_technical_screener\2026-09-17\all_metrics.csv,0.09964093357271087,0.09964093357271087,0.09964093357271087,0.09764093357271086,False,True,True,False,,,,,,样本不足,2,2,1.0,2,2,1.0,0.0020956559207175873,0.027782130126522753,1.0,2,0,0.0,0.0,0.0020956559207175873,0.027782130126522753,,2,0.5,0.5,0.0020956559207175873,0.0020956559207175873,0.027782130126522753,-0.006262485800462236,是,1.0571757555007935,8.18,10.37,11.74,收盘封住涨停；大环境：情绪上升，允许适度提高进攻仓位；指数环境：指数上涨；首次封板在10:30前，只作为前排证据之一；首板/低板位溢价弹性需依赖题材和封板质量；未炸板；换手处于可承接区间；题材/行业热度一般：出版；板块内封板排序第1，属于日内前排；图形新高或强势池新高；今日涨停家数尚可；今日炸板率不高，封板环境较好,,收盘封住涨停；大环境：情绪上升，允许适度提高进攻仓位；指数环境：指数上涨；首次封板在10:30前，只作为前排证据之一；首板/低板位溢价弹性需依赖题材和封板质量；未炸板；换手处于可承接区间；题材/行业热度一般：出版；板块内封板排序第1，属于日内前排；图形新高或强势池新高；今日涨停家数尚可；今日炸板率不高，封板环境较好,前一交易日本行业涨停样本缺失；同股历史涨停溢价样本不足；龙虎榜未上榜或未匹配；仅可作为盘后缺失项,AKShare/Eastmoney pools + local technical screener + local stock_personality_history/history detail + Eastmoney LHB
2026-09-16,2026-09-17,000720,新能泰山,涨停,1,10.026385307312012,4.17,,272591312.0,5.27959680557251,09:39:21,09:39:21,0,,电网设备,2,2,指数上涨,情绪上升,,,0,11,4,4,4,不能打板,,高：次日无溢价风险高,实际无溢价,4.05,4.15,3.98,D:\codex\outputs\a_share_technical_screener\2026-09-17\all_metrics.csv,-0.02877697841726623,-0.004796163069544224,-0.0455635491606714,-0.030776978417266232,True,True,False,False,,,,,,A杀血统高,3,3,1.0,3,3,1.0,-0.01913855507688178,-0.00838938855717634,1.0,3,1,0.3333333333333333,0.3333333333333333,-0.01913855507688178,-0.00838938855717634,禁止打板,3,0.0,1.0,-0.01913855507688178,-0.0178117048346057,-0.00838938855717634,-0.04258727399457507,是,1.8013578653335571,5.84,7.36,7.47,收盘封住涨停；大环境：情绪上升，允许适度提高进攻仓位；指数环境：指数上涨；首次封板在10:30前，只作为前排证据之一；首板/低板位溢价弹性需依赖题材和封板质量；未炸板；换手处于可承接区间；题材/行业热度一般：电网设备；板块内封板排序第2，属于日内前排；图形新高或强势池新高；今日涨停家数尚可；今日炸板率不高，封板环境较好；三年股性偏弱：涨停样本3，次日开盘有溢价率0.0%，均值-1.9%；历史封板稳定性一般：涨停/炸板样本中未封住比例100.0%；A杀血统指数偏高：历史炸板样本3，炸板后A杀率33.3%；历史炸板A杀率>30%，按股性记忆强制禁止打板,,收盘封住涨停；大环境：情绪上升，允许适度提高进攻仓位；指数环境：指数上涨；首次封板在10:30前，只作为前排证据之一；首板/低板位溢价弹性需依赖题材和封板质量；未炸板；换手处于可承接区间；题材/行业热度一般：电网设备；板块内封板排序第2，属于日内前排；图形新高或强势池新高；今日涨停家数尚可；今日炸板率不高，封板环境较好；三年股性偏弱：涨停样本3，次日开盘有溢价率0.0%，均值-1.9%；历史封板稳定性一般：涨停/炸板样本中未封住比例100.0%；A杀血统指数偏高：历史炸板样本3，炸板后A杀率33.3%；历史炸板A杀率>30%，按股性记忆强制禁止打板,前一交易日本行业涨停样本缺失；龙虎榜未上榜或未匹配；仅可作为盘后缺失项,AKShare/Eastmoney pools + local technical screener + local stock_personality_history/history detail + Eastmoney LHB
2026-09-16,2026-09-17,600371,万向德农,涨停,1,9.976798057556152,14.22,,602055792.0,15.010863304138184,09:40:23,09:40:23,0,,种植业,1,1,指数上涨,情绪上升,,,0,11,-1,-1,-1,可以打板,,低/可控,实际有溢价,14.73,15.64,15.64,D:\codex\outputs\a_share_technical_screener\2026-09-17\all_metrics.csv,0.03586497890295348,0.09985935302391002,0.09985935302391002,0.03386497890295348,False,True,True,False,,,,,,股性偏强,9,5,0.5555555555555556,9,5,0.5555555555555556,0.038832102642952865,0.07809898972050482,0.5555555555555556,5,1,0.2,0.2,0.038832102642952865,0.07809898972050482,,9,0.7777777777777778,0.2222222222222222,0.038832102642952865,0.03806228373702414,0.07809898972050482,0.057489734607958476,,,1.15,-0.82,-7.66,收盘封住涨停；大环境：情绪上升，允许适度提高进攻仓位；指数环境：指数上涨；首次封板在10:30前，只作为前排证据之一；首板/低板位溢价弹性需依赖题材和封板质量；未炸板；换手处于可承接区间；题材/行业热度一般：种植业；板块内封板排序第1，属于日内前排；今日涨停家数尚可；今日炸板率不高，封板环境较好；三年股性偏强：涨停样本9，次日开盘有溢价率77.8%，均值3.9%；历史封板稳定性一般：涨停/炸板样本中未封住比例55.6%,,收盘封住涨停；大环境：情绪上升，允许适度提高进攻仓位；指数环境：指数上涨；首次封板在10:30前，只作为前排证据之一；首板/低板位溢价弹性需依赖题材和封板质量；未炸板；换手处于可承接区间；题材/行业热度一般：种植业；板块内封板排序第1，属于日内前排；今日涨停家数尚可；今日炸板率不高，封板环境较好；三年股性偏强：涨停样本9，次日开盘有溢价率77.8%，均值3.9%；历史封板稳定性一般：涨停/炸板样本中未封住比例55.6%,前一交易日本行业涨停样本缺失；龙虎榜未上榜或未匹配；仅可作为盘后缺失项,AKShare/Eastmoney pools + local technical screener + local stock_personality_history/history detail + Eastmoney LHB
2026-09-16,2026-09-17,002383,合众思壮,涨停,1,9.97304630279541,8.16,,408078144.0,6.879708290100098,09:42:09,09:43:45,1,,军工电子,1,1,指数上涨,情绪上升,,,0,8,0,0,0,可以打板,,低/可控,实际无溢价,7.87,8.02,7.86,D:\codex\outputs\a_share_technical_screener\2026-09-17\all_metrics.csv,-0.035539215686274495,-0.01715686274509809,-0.03676470588235292,-0.037539215686274496,True,False,False,False,,,,,,样本不足,1,1,1.0,1,1,1.0,-0.016645326504481472,0.07042253521126751,1.0,1,0,0.0,0.0,-0.016645326504481472,0.07042253521126751,,1,0.0,1.0,-0.016645326504481472,-0.016645326504481472,0.07042253521126751,0.006402048655569814,,,3.45,6.54,3.82,收盘封住涨停；大环境：情绪上升，允许适度提高进攻仓位；指数环境：指数上涨；首次封板在10:30前，只作为前排证据之一；首板/低板位溢价弹性需依赖题材和封板质量；炸板次数1次，可接受但需看承接；换手处于可承接区间；题材/行业热度一般：军工电子；板块内封板排序第1，属于日内前排；今日涨停家数尚可；今日炸板率不高，封板环境较好,,收盘封住涨停；大环境：情绪上升，允许适度提高进攻仓位；指数环境：指数上涨；首次封板在10:30前，只作为前排证据之一；首板/低板位溢价弹性需依赖题材和封板质量；炸板次数1次，可接受但需看承接；换手处于可承接区间；题材/行业热度一般：军工电子；板块内封板排序第1，属于日内前排；今日涨停家数尚可；今日炸板率不高，封板环境较好,前一交易日本行业涨停样本缺失；同股历史涨停溢价样本不足；龙虎榜未上榜或未匹配；仅可作为盘后缺失项,AKShare/Eastmoney pools + local technical screener + local stock_personality_history/history detail + Eastmoney LHB
2026-09-16,2026-09-17,600135,乐凯胶片,涨停,1,10.068026542663574,8.09,,94020746.0,2.1493489742279053,09:43:36,09:43:45,1,,塑料,1,4,指数上涨,情绪上升,,,0,6,1,0,0,谨慎可打,,低/可控,实际无溢价,8.09,8.1,7.8,D:\codex\outputs\a_share_technical_screener\2026-09-17\all_metrics.csv,0.0,0.0012360939431397266,-0.03584672435105063,-0.002,False,False,False,True,27997660.0,0.0,,0.4939411776205222,0.19615945187246228,样本不足,,,,,,,,,,,,,,,,,,,,,,,,,,5.61,6.28,5.34,收盘封住涨停；大环境：情绪上升，允许适度提高进攻仓位；指数环境：指数上涨；首次封板在10:30前，只作为前排证据之一；首板/低板位溢价弹性需依赖题材和封板质量；炸板次数1次，可接受但需看承接；成交额过低，容量和滑点风险高；题材/行业热度一般：塑料；板块内封板排序第1，属于日内前排；今日涨停家数尚可；今日炸板率不高，封板环境较好,盘后龙虎榜净买入0.28亿，可改善次日风险,收盘封住涨停；大环境：情绪上升，允许适度提高进攻仓位；指数环境：指数上涨；首次封板在10:30前，只作为前排证据之一；首板/低板位溢价弹性需依赖题材和封板质量；炸板次数1次，可接受但需看承接；成交额过低，容量和滑点风险高；题材/行业热度一般：塑料；板块内封板排序第1，属于日内前排；今日涨停家数尚可；今日炸板率不高，封板环境较好,前一交易日本行业涨停样本缺失；同股历史涨停溢价样本不足,AKShare/Eastmoney pools + local technical screener + local stock_personality_history/history detail + Eastmoney LHB
2026-09-16,2026-09-17,603155,新亚强,涨停,1,10.0,15.4,,394758640.0,5.739369869232178,09:43:57,10:10:48,2,,化学制品,2,5,指数上涨,情绪上升,,,0,9,-1,-1,-1,可以打板,,低/可控,实际有溢价,15.63,15.98,14.94,D:\codex\outputs\a_share_technical_screener\2026-09-17\all_metrics.csv,0.014935064935065023,0.03766233766233773,-0.029870129870129936,0.012935064935065023,False,True,False,False,,,,,,样本不足,,,,,,,,,,,,,,,,,,,,,,,,,,10.92,11.49,12.41,收盘封住涨停；大环境：情绪上升，允许适度提高进攻仓位；指数环境：指数上涨；首次封板在10:30前，只作为前排证据之一；首板/低板位溢价弹性需依赖题材和封板质量；炸板次数2次，可接受但需看承接；换手处于可承接区间；所属行业在今日涨停/炸板热度前排：化学制品；板块内封板排序第2，属于日内前排；今日涨停家数尚可；今日炸板率不高，封板环境较好,,收盘封住涨停；大环境：情绪上升，允许适度提高进攻仓位；指数环境：指数上涨；首次封板在10:30前，只作为前排证据之一；首板/低板位溢价弹性需依赖题材和封板质量；炸板次数2次，可接受但需看承接；换手处于可承接区间；所属行业在今日涨停/炸板热度前排：化学制品；板块内封板排序第2，属于日内前排；今日涨停家数尚可；今日炸板率不高，封板环境较好,前一交易日本行业涨停样本缺失；同股历史涨停溢价样本不足；龙虎榜未上榜或未匹配；仅可作为盘后缺失项,AKShare/Eastmoney pools + local technical screener + local stock_personality_history/history detail + Eastmoney LHB
2026-09-16,2026-09-17,002963,豪尔赛,涨停,1,9.984067916870117,20.71,,103367958.0,3.4397270679473877,09:46:12,09:46:12,0,,装修装饰,1,1,指数上涨,情绪上升,,,0,11,-1,-1,-1,可以打板,,低/可控,实际有溢价,21.0,21.04,19.9,D:\codex\outputs\a_share_technical_screener\2026-09-17\all_metrics.csv,0.014002897151134786,0.015934331240946342,-0.03911154031868669,0.012002897151134785,False,False,False,False,,,,,,股性偏强,10,5,0.5,10,5,0.5,0.03781158147154423,0.07954113351575558,0.5,5,0,0.0,0.0,0.03781158147154423,0.07954113351575558,,10,0.8,0.2,0.03781158147154423,0.04434399016163626,0.07954113351575558,0.032710862592281474,,,3.68,0.97,-3.31,收盘封住涨停；大环境：情绪上升，允许适度提高进攻仓位；指数环境：指数上涨；首次封板在10:30前，只作为前排证据之一；首板/低板位溢价弹性需依赖题材和封板质量；未炸板；换手处于可承接区间；题材/行业热度一般：装修装饰；板块内封板排序第1，属于日内前排；今日涨停家数尚可；今日炸板率不高，封板环境较好；三年股性偏强：涨停样本10，次日开盘有溢价率80.0%，均值3.8%；历史封板稳定性一般：涨停/炸板样本中未封住比例50.0%,,收盘封住涨停；大环境：情绪上升，允许适度提高进攻仓位；指数环境：指数上涨；首次封板在10:30前，只作为前排证据之一；首板/低板位溢价弹性需依赖题材和封板质量；未炸板；换手处于可承接区间；题材/行业热度一般：装修装饰；板块内封板排序第1，属于日内前排；今日涨停家数尚可；今日炸板率不高，封板环境较好；三年股性偏强：涨停样本10，次日开盘有溢价率80.0%，均值3.8%；历史封板稳定性一般：涨停/炸板样本中未封住比例50.0%,前一交易日本行业涨停样本缺失；龙虎榜未上榜或未匹配；仅可作为盘后缺失项,AKShare/Eastmoney pools + local technical screener + local stock_personality_history/history detail + Eastmoney LHB
2026-09-16,2026-09-17,002780,三夫户外,涨停,1,10.031347274780273,14.04,,100127460.0,5.577342987060547,09:47:12,09:47:12,0,,服装家纺,1,2,指数上涨,情绪上升,,,0,10,-1,-1,-1,可以打板,,低/可控,实际无溢价,13.6,13.61,13.34,D:\codex\outputs\a_share_technical_screener\2026-09-17\all_metrics.csv,-0.031339031339031265,-0.030626780626780592,-0.049857549857549865,-0.033339031339031266,True,False,False,False,,,,,,样本不足,,,,,,,,,,,,,,,,,,,,,,,,,,5.31,2.6,1.3,收盘封住涨停；大环境：情绪上升，允许适度提高进攻仓位；指数环境：指数上涨；首次封板在10:30前，只作为前排证据之一；首板/低板位溢价弹性需依赖题材和封板质量；未炸板；换手处于可承接区间；题材/行业热度一般：服装家纺；板块内封板排序第1，属于日内前排；今日涨停家数尚可；今日炸板率不高，封板环境较好,,收盘封住涨停；大环境：情绪上升，允许适度提高进攻仓位；指数环境：指数上涨；首次封板在10:30前，只作为前排证据之一；首板/低板位溢价弹性需依赖题材和封板质量；未炸板；换手处于可承接区间；题材/行业热度一般：服装家纺；板块内封板排序第1，属于日内前排；今日涨停家数尚可；今日炸板率不高，封板环境较好,前一交易日本行业涨停样本缺失；同股历史涨停溢价样本不足；龙虎榜未上榜或未匹配；仅可作为盘后缺失项,AKShare/Eastmoney pools + local technical screener + local stock_personality_history/history detail + Eastmoney LHB
2026-09-16,2026-09-17,000670,盈方微,涨停,1,9.944750785827637,7.96,,601680384.0,9.290318489074707,09:51:57,09:51:57,0,,其他电子,1,4,指数上涨,情绪上升,,,0,10,-1,-1,-1,可以打板,,低/可控,实际无溢价,7.92,7.96,7.64,D:\codex\outputs\a_share_technical_screener\2026-09-17\all_metrics.csv,-0.005025125628140725,0.0,-0.04020100502512569,-0.007025125628140725,True,False,False,False,,,,,,样本不足,1,1,1.0,1,1,1.0,0.01735015772870674,0.09936908517350163,1.0,1,0,0.0,0.0,0.01735015772870674,0.09936908517350163,,1,1.0,0.0,0.01735015772870674,0.01735015772870674,0.09936908517350163,0.09305993690851744,,,6.47,9.31,11.02,收盘封住涨停；大环境：情绪上升，允许适度提高进攻仓位；指数环境：指数上涨；首次封板在10:30前，只作为前排证据之一；首板/低板位溢价弹性需依赖题材和封板质量；未炸板；换手处于可承接区间；题材/行业热度一般：其他电子；板块内封板排序第1，属于日内前排；今日涨停家数尚可；今日炸板率不高，封板环境较好,,收盘封住涨停；大环境：情绪上升，允许适度提高进攻仓位；指数环境：指数上涨；首次封板在10:30前，只作为前排证据之一；首板/低板位溢价弹性需依赖题材和封板质量；未炸板；换手处于可承接区间；题材/行业热度一般：其他电子；板块内封板排序第1，属于日内前排；今日涨停家数尚可；今日炸板率不高，封板环境较好,前一交易日本行业涨停样本缺失；同股历史涨停溢价样本不足；龙虎榜未上榜或未匹配；仅可作为盘后缺失项,AKShare/Eastmoney pools + local technical screener + local stock_personality_history/history detail + Eastmoney LHB
2026-09-16,2026-09-17,601579,会稽山,涨停,2,10.019416809082031,28.33,,679200208.0,5.242152690887451,09:55:25,10:13:58,2,,非白酒,2,3,指数上涨,情绪上升,,,0,11,-1,-2,-2,可以打板,,低/可控,实际有溢价,28.36,30.74,29.85,D:\codex\outputs\a_share_technical_screener\2026-09-17\all_metrics.csv,0.0010589481115426125,0.08506883162725032,0.053653370984821924,-0.0009410518884573876,False,True,False,True,72497040.35,0.0,,0.20167087340288298,0.14052939718778445,样本不足,3,3,1.0,3,3,1.0,0.027696885401767846,0.0666457023405056,1.0,3,0,0.0,0.0,0.027696885401767846,0.0666457023405056,,2,1.0,0.0,0.027696885401767846,0.027696885401767846,0.0666457023405056,-0.028634532678896096,是,1.020278811454773,13.02,16.45,11.98,收盘封住涨停；大环境：情绪上升，允许适度提高进攻仓位；指数环境：指数上涨；首次封板在10:30前，只作为前排证据之一；2板承接优于普通首板；炸板次数2次，可接受但需看承接；换手处于可承接区间；题材/行业热度一般：非白酒；板块内封板排序第2，属于日内前排；图形新高或强势池新高；今日涨停家数尚可；今日炸板率不高，封板环境较好,盘后龙虎榜净买入0.72亿，可改善次日风险,收盘封住涨停；大环境：情绪上升，允许适度提高进攻仓位；指数环境：指数上涨；首次封板在10:30前，只作为前排证据之一；2板承接优于普通首板；炸板次数2次，可接受但需看承接；换手处于可承接区间；题材/行业热度一般：非白酒；板块内封板排序第2，属于日内前排；图形新高或强势池新高；今日涨停家数尚可；今日炸板率不高，封板环境较好,前一交易日本行业涨停样本缺失；同股历史涨停溢价样本不足,AKShare/Eastmoney pools + local technical screener + local stock_personality_history/history detail + Eastmoney LHB
2026-09-16,2026-09-17,600616,金枫酒业,涨停,1,9.909910202026367,4.88,,266433465.0,8.268645286560059,09:55:46,13:18:04,3,,非白酒,1,3,指数上涨,情绪上升,,,0,7,1,1,1,谨慎可打,,低/可控,实际无溢价,4.73,4.79,4.67,D:\codex\outputs\a_share_technical_screener\2026-09-17\all_metrics.csv,-0.030737704918032627,-0.018442622950819665,-0.04303278688524592,-0.03273770491803263,True,False,False,False,,,,,,样本不足,1,1,1.0,1,1,1.0,-0.010822510822510734,0.008658008658008587,1.0,1,0,0.0,0.0,-0.010822510822510734,0.008658008658008587,,1,0.0,1.0,-0.010822510822510734,-0.010822510822510734,0.008658008658008587,-0.01948051948051943,,,6.41,6.48,2.52,收盘封住涨停；大环境：情绪上升，允许适度提高进攻仓位；指数环境：指数上涨；首次封板在10:30前，只作为前排证据之一；首板/低板位溢价弹性需依赖题材和封板质量；炸板次数3次，封板稳定性一般；换手处于可承接区间；题材/行业热度一般：非白酒；板块内封板排序第1，属于日内前排；今日涨停家数尚可；今日炸板率不高，封板环境较好,,收盘封住涨停；大环境：情绪上升，允许适度提高进攻仓位；指数环境：指数上涨；首次封板在10:30前，只作为前排证据之一；首板/低板位溢价弹性需依赖题材和封板质量；炸板次数3次，封板稳定性一般；换手处于可承接区间；题材/行业热度一般：非白酒；板块内封板排序第1，属于日内前排；今日涨停家数尚可；今日炸板率不高，封板环境较好,前一交易日本行业涨停样本缺失；同股历史涨停溢价样本不足；龙虎榜未上榜或未匹配；仅可作为盘后缺失项,AKShare/Eastmoney pools + local technical screener + local stock_personality_history/history detail + Eastmoney LHB
2026-09-16,2026-09-17,002137,实益达,涨停,1,10.067113876342773,8.2,,521304624.0,16.26024627685547,09:59:51,10:23:54,2,,光学光电,1,2,指数上涨,情绪上升,,,0,8,0,0,0,可以打板,,低/可控,实际有溢价,8.48,9.02,8.55,D:\codex\outputs\a_share_technical_screener\2026-09-17\all_metrics.csv,0.034146341463414887,0.10000000000000009,0.04268292682926855,0.032146341463414885,False,True,False,False,,,,,,样本不足,,,,,,,,,,,,,,,,,,,,,,,,,,7.3,6.58,7.05,收盘封住涨停；大环境：情绪上升，允许适度提高进攻仓位；指数环境：指数上涨；首次封板在10:30前，只作为前排证据之一；首板/低板位溢价弹性需依赖题材和封板质量；炸板次数2次，可接受但需看承接；换手处于可承接区间；题材/行业热度一般：光学光电；板块内封板排序第1，属于日内前排；今日涨停家数尚可；今日炸板率不高，封板环境较好,,收盘封住涨停；大环境：情绪上升，允许适度提高进攻仓位；指数环境：指数上涨；首次封板在10:30前，只作为前排证据之一；首板/低板位溢价弹性需依赖题材和封板质量；炸板次数2次，可接受但需看承接；换手处于可承接区间；题材/行业热度一般：光学光电；板块内封板排序第1，属于日内前排；今日涨停家数尚可；今日炸板率不高，封板环境较好,前一交易日本行业涨停样本缺失；同股历史涨停溢价样本不足；龙虎榜未上榜或未匹配；仅可作为盘后缺失项,AKShare/Eastmoney pools + local technical screener + local stock_personality_history/history detail + Eastmoney LHB
2026-09-16,2026-09-17,002730,电光科技,涨停,1,9.981515884399414,23.8,,315729552.0,3.9092578887939453,10:01:51,10:29:09,1,,专用设备,1,4,指数上涨,情绪上升,,,0,7,1,1,1,谨慎可打,,低/可控,实际有溢价,23.81,24.83,24.46,D:\codex\outputs\a_share_technical_screener\2026-09-17\all_metrics.csv,0.00042016806722688926,0.043277310924369594,0.02773109243697469,-0.0015798319327731108,False,True,False,False,,,,,,样本不足,,,,,,,,,,,,,,,,,,,,,,,,,,4.84,3.0,0.21,收盘封住涨停；大环境：情绪上升，允许适度提高进攻仓位；指数环境：指数上涨；首次封板偏晚，需要板块发酵、股性或大环境确认；首板/低板位溢价弹性需依赖题材和封板质量；炸板次数1次，可接受但需看承接；换手处于可承接区间；题材/行业热度一般：专用设备；板块内封板排序第1，属于日内前排；今日涨停家数尚可；今日炸板率不高，封板环境较好,,收盘封住涨停；大环境：情绪上升，允许适度提高进攻仓位；指数环境：指数上涨；首次封板偏晚，需要板块发酵、股性或大环境确认；首板/低板位溢价弹性需依赖题材和封板质量；炸板次数1次，可接受但需看承接；换手处于可承接区间；题材/行业热度一般：专用设备；板块内封板排序第1，属于日内前排；今日涨停家数尚可；今日炸板率不高，封板环境较好,前一交易日本行业涨停样本缺失；同股历史涨停溢价样本不足；龙虎榜未上榜或未匹配；仅可作为盘后缺失项,AKShare/Eastmoney pools + local technical screener + local stock_personality_history/history detail + Eastmoney LHB
2026-09-16,2026-09-17,600059,古越龙山,涨停,1,10.022522926330566,9.77,,547651520.0,6.349992752075195,10:04:20,10:14:44,1,,非白酒,3,3,指数上涨,情绪上升,,,0,8,1,1,1,可以打板,,低/可控,实际无溢价,9.77,10.19,9.85,D:\codex\outputs\a_share_technical_screener\2026-09-17\all_metrics.csv,0.0,0.04298874104401218,0.008188331627430934,-0.002,False,True,False,False,,,,,,样本不足,2,2,1.0,2,2,1.0,0.007665593961984518,0.015753710091913176,1.0,2,0,0.0,0.0,0.007665593961984518,0.015753710091913176,,2,0.5,0.5,0.007665593961984518,0.007665593961984518,0.015753710091913176,-0.03703030583659389,是,1.1626015901565552,9.02,9.2,3.94,收盘封住涨停；大环境：情绪上升，允许适度提高进攻仓位；指数环境：指数上涨；首次封板偏晚，需要板块发酵、股性或大环境确认；首板/低板位溢价弹性需依赖题材和封板质量；炸板次数1次，可接受但需看承接；换手处于可承接区间；题材/行业热度一般：非白酒；板块内封板排序第3，属于日内前排；图形新高或强势池新高；今日涨停家数尚可；今日炸板率不高，封板环境较好,,收盘封住涨停；大环境：情绪上升，允许适度提高进攻仓位；指数环境：指数上涨；首次封板偏晚，需要板块发酵、股性或大环境确认；首板/低板位溢价弹性需依赖题材和封板质量；炸板次数1次，可接受但需看承接；换手处于可承接区间；题材/行业热度一般：非白酒；板块内封板排序第3，属于日内前排；图形新高或强势池新高；今日涨停家数尚可；今日炸板率不高，封板环境较好,前一交易日本行业涨停样本缺失；同股历史涨停溢价样本不足；龙虎榜未上榜或未匹配；仅可作为盘后缺失项,AKShare/Eastmoney pools + local technical screener + local stock_personality_history/history detail + Eastmoney LHB
2026-09-16,2026-09-17,600105,永鼎股份,涨停,1,9.997567176818848,45.22,,6607503872.0,10.219414710998535,10:07:31,10:07:31,0,,通信设备,3,6,指数上涨,情绪上升,,,0,12,-1,-1,-1,可以打板,,低/可控,实际有溢价,46.01,46.99,45.14,D:\codex\outputs\a_share_technical_screener\2026-09-17\all_metrics.csv,0.017470145953118132,0.03914197257850516,-0.0017691287041131654,0.015470145953118132,False,True,False,False,,,,,,股性偏强,3,3,1.0,3,3,1.0,0.005837463581901699,0.050936355191304385,1.0,3,0,0.0,0.0,0.005837463581901699,0.050936355191304385,,3,0.6666666666666666,0.3333333333333333,0.005837463581901699,0.008250424654210109,0.050936355191304385,0.019300221002531814,,,7.62,11.34,9.02,收盘封住涨停；大环境：情绪上升，允许适度提高进攻仓位；指数环境：指数上涨；首次封板偏晚，需要板块发酵、股性或大环境确认；首板/低板位溢价弹性需依赖题材和封板质量；未炸板；换手处于可承接区间；成交额较大，具备市场辨识度；所属行业在今日涨停/炸板热度前排：通信设备；板块内封板排序第3，属于日内前排；今日涨停家数尚可；今日炸板率不高，封板环境较好；三年股性偏强：涨停样本3，次日开盘有溢价率66.7%，均值0.6%；历史封板稳定性一般：涨停/炸板样本中未封住比例100.0%,,收盘封住涨停；大环境：情绪上升，允许适度提高进攻仓位；指数环境：指数上涨；首次封板偏晚，需要板块发酵、股性或大环境确认；首板/低板位溢价弹性需依赖题材和封板质量；未炸板；换手处于可承接区间；成交额较大，具备市场辨识度；所属行业在今日涨停/炸板热度前排：通信设备；板块内封板排序第3，属于日内前排；今日涨停家数尚可；今日炸板率不高，封板环境较好；三年股性偏强：涨停样本3，次日开盘有溢价率66.7%，均值0.6%；历史封板稳定性一般：涨停/炸板样本中未封住比例100.0%,前一交易日本行业涨停样本缺失；龙虎榜未上榜或未匹配；仅可作为盘后缺失项,AKShare/Eastmoney pools + local technical screener + local stock_personality_history/history detail + Eastmoney LHB
2026-09-16,2026-09-17,600206,有研新材,涨停,1,9.991477966308594,51.63,,3758513072.0,8.966524124145508,10:07:38,10:07:38,0,,半导体,2,5,指数上涨,情绪上升,,,0,12,-1,-1,-1,可以打板,,低/可控,实际有溢价,53.0,54.25,50.55,D:\codex\outputs\a_share_technical_screener\2026-09-17\all_metrics.csv,0.0265349602944025,0.0507456904900252,-0.020918070889018092,0.024534960294402497,False,True,False,False,,,,,,股性偏强,3,2,0.6666666666666666,3,2,0.6666666666666666,0.03777557249554383,0.10001999879142054,0.6666666666666666,2,0,0.0,0.0,0.03777557249554383,0.10001999879142054,,3,1.0,0.0,0.03777557249554383,0.03799045048785543,0.10001999879142054,0.09337685990829832,,,8.39,9.72,11.22,收盘封住涨停；大环境：情绪上升，允许适度提高进攻仓位；指数环境：指数上涨；首次封板偏晚，需要板块发酵、股性或大环境确认；首板/低板位溢价弹性需依赖题材和封板质量；未炸板；换手处于可承接区间；成交额较大，具备市场辨识度；所属行业在今日涨停/炸板热度前排：半导体；板块内封板排序第2，属于日内前排；今日涨停家数尚可；今日炸板率不高，封板环境较好；三年股性偏强：涨停样本3，次日开盘有溢价率100.0%，均值3.8%；历史封板稳定性一般：涨停/炸板样本中未封住比例66.7%,,收盘封住涨停；大环境：情绪上升，允许适度提高进攻仓位；指数环境：指数上涨；首次封板偏晚，需要板块发酵、股性或大环境确认；首板/低板位溢价弹性需依赖题材和封板质量；未炸板；换手处于可承接区间；成交额较大，具备市场辨识度；所属行业在今日涨停/炸板热度前排：半导体；板块内封板排序第2，属于日内前排；今日涨停家数尚可；今日炸板率不高，封板环境较好；三年股性偏强：涨停样本3，次日开盘有溢价率100.0%，均值3.8%；历史封板稳定性一般：涨停/炸板样本中未封住比例66.7%,前一交易日本行业涨停样本缺失；龙虎榜未上榜或未匹配；仅可作为盘后缺失项,AKShare/Eastmoney pools + local technical screener + local stock_personality_history/history detail + Eastmoney LHB
2026-09-16,2026-09-17,688432,有研硅,涨停,1,20.0,54.06,,3913865952.0,6.146053314208984,10:09:14,10:19:29,1,,半导体,3,5,指数上涨,情绪上升,,,0,9,0,-2,-2,可以打板,,低/可控,实际有溢价,57.0,60.59,55.0,D:\codex\outputs\a_share_technical_screener\2026-09-17\all_metrics.csv,0.05438401775804658,0.12079171291157964,0.01738808731039576,0.052384017758046575,False,True,False,True,706125518.63,0.0,拉萨系:东方财富证券股份有限公司拉萨东环路第一证券营业部；武汉紫阳东路:国泰海通证券股份有限公司武汉紫阳东路证券营业部,0.23605453271777826,0.05563815703450246,样本不足,,,,,,,,,,,,,,,,,,,,,,,,,,14.31,17.25,28.99,收盘封住涨停；大环境：情绪上升，允许适度提高进攻仓位；指数环境：指数上涨；首次封板偏晚，需要板块发酵、股性或大环境确认；首板/低板位溢价弹性需依赖题材和封板质量；炸板次数1次，可接受但需看承接；换手处于可承接区间；成交额较大，具备市场辨识度；所属行业在今日涨停/炸板热度前排：半导体；板块内封板排序第3，属于日内前排；今日涨停家数尚可；今日炸板率不高，封板环境较好,盘后龙虎榜净买入7.06亿，可改善次日风险；关注席位上榜：拉萨系:东方财富证券股份有限公司拉萨东环路第一证券营业部；武汉紫阳东路:国泰海通证券股份有限公司武汉紫阳东路证券营业部,收盘封住涨停；大环境：情绪上升，允许适度提高进攻仓位；指数环境：指数上涨；首次封板偏晚，需要板块发酵、股性或大环境确认；首板/低板位溢价弹性需依赖题材和封板质量；炸板次数1次，可接受但需看承接；换手处于可承接区间；成交额较大，具备市场辨识度；所属行业在今日涨停/炸板热度前排：半导体；板块内封板排序第3，属于日内前排；今日涨停家数尚可；今日炸板率不高，封板环境较好,前一交易日本行业涨停样本缺失；同股历史涨停溢价样本不足,AKShare/Eastmoney pools + local technical screener + local stock_personality_history/history detail + Eastmoney LHB
2026-09-16,2026-09-17,301251,威尔高,涨停,1,20.0,81.78,,1197598368.0,8.785090446472168,10:09:39,10:29:54,1,,元件,2,4,指数上涨,情绪上升,,,0,8,2,1,1,可以打板,,低/可控,实际有溢价,83.21,84.5,75.32,D:\codex\outputs\a_share_technical_screener\2026-09-17\all_metrics.csv,0.017485937882122604,0.033259965761800014,-0.07899241868427498,0.015485937882122604,False,True,False,True,102534307.86,-61995917.620000005,武汉紫阳东路:国泰海通证券股份有限公司武汉紫阳东路证券营业部,0.658613382989669,0.5748561840601504,样本不足,1,0,0.0,1,0,0.0,0.04217926186291732,0.1835300025106703,0.0,0,0,,,0.04217926186291732,0.1835300025106703,,1,1.0,0.0,0.04217926186291732,0.04217926186291732,0.1835300025106703,0.1694702485563646,是,1.5274884700775146,22.3,33.59,43.52,收盘封住涨停；大环境：情绪上升，允许适度提高进攻仓位；指数环境：指数上涨；首次封板偏晚，需要板块发酵、股性或大环境确认；首板/低板位溢价弹性需依赖题材和封板质量；炸板次数1次，可接受但需看承接；换手处于可承接区间；题材/行业热度一般：元件；板块内封板排序第2，属于日内前排；图形新高或强势池新高；5日涨幅过高，次日兑现风险；今日涨停家数尚可；今日炸板率不高，封板环境较好,盘后龙虎榜净买入1.03亿，可改善次日风险；机构净卖出0.62亿；关注席位上榜：武汉紫阳东路:国泰海通证券股份有限公司武汉紫阳东路证券营业部,收盘封住涨停；大环境：情绪上升，允许适度提高进攻仓位；指数环境：指数上涨；首次封板偏晚，需要板块发酵、股性或大环境确认；首板/低板位溢价弹性需依赖题材和封板质量；炸板次数1次，可接受但需看承接；换手处于可承接区间；题材/行业热度一般：元件；板块内封板排序第2，属于日内前排；图形新高或强势池新高；5日涨幅过高，次日兑现风险；今日涨停家数尚可；今日炸板率不高，封板环境较好,前一交易日本行业涨停样本缺失；同股历史涨停溢价样本不足,AKShare/Eastmoney pools + local technical screener + local stock_personality_history/history detail + Eastmoney LHB
2026-09-16,2026-09-17,002961,瑞达期货,涨停,1,10.020986557006836,20.97,,387631344.0,3.9445881843566895,10:17:45,10:23:57,1,,多元金融,1,1,指数上涨,情绪上升,,,0,7,1,1,1,谨慎可打,,低/可控,实际无溢价,20.93,21.3,20.71,D:\codex\outputs\a_share_technical_screener\2026-09-17\all_metrics.csv,-0.0019074868860275984,0.015736766809728353,-0.012398664759179723,-0.0039074868860275985,True,False,False,False,,,,,,样本不足,,,,,,,,,,,,,,,,,,,,,,,,,,5.94,5.06,3.97,收盘封住涨停；大环境：情绪上升，允许适度提高进攻仓位；指数环境：指数上涨；首次封板偏晚，需要板块发酵、股性或大环境确认；首板/低板位溢价弹性需依赖题材和封板质量；炸板次数1次，可接受但需看承接；换手处于可承接区间；题材/行业热度一般：多元金融；板块内封板排序第1，属于日内前排；今日涨停家数尚可；今日炸板率不高，封板环境较好,,收盘封住涨停；大环境：情绪上升，允许适度提高进攻仓位；指数环境：指数上涨；首次封板偏晚，需要板块发酵、股性或大环境确认；首板/低板位溢价弹性需依赖题材和封板质量；炸板次数1次，可接受但需看承接；换手处于可承接区间；题材/行业热度一般：多元金融；板块内封板排序第1，属于日内前排；今日涨停家数尚可；今日炸板率不高，封板环境较好,前一交易日本行业涨停样本缺失；同股历史涨停溢价样本不足；龙虎榜未上榜或未匹配；仅可作为盘后缺失项,AKShare/Eastmoney pools + local technical screener + local stock_personality_history/history detail + Eastmoney LHB
2026-09-16,2026-09-17,000592,平潭发展,涨停,1,9.974746704101562,8.71,,2889960144.0,17.870729446411133,10:17:51,10:17:51,0,,林业Ⅱ,1,2,指数上涨,情绪上升,,,0,11,0,-2,-2,可以打板,,低/可控,实际无溢价,8.5,8.68,8.37,D:\codex\outputs\a_share_technical_screener\2026-09-17\all_metrics.csv,-0.024110218140068973,-0.003444316877152853,-0.039035591274397374,-0.026110218140068975,True,True,False,True,456626115.65,0.0,拉萨系:东方财富证券股份有限公司拉萨东环路第一证券营业部；拉萨系:东方财富证券股份有限公司拉萨金融城南环路证券营业部；武汉紫阳东路:国泰海通证券股份有限公司武汉紫阳东路证券营业部,0.2022674284023854,0.06270405190498159,样本不足,2,2,1.0,2,2,1.0,0.06047809217968547,0.07729934577478748,1.0,2,0,0.0,0.0,0.06047809217968547,0.07729934577478748,,2,1.0,0.0,0.06047809217968547,0.06047809217968547,0.07729934577478748,0.040051444020318794,是,0.8853532671928406,6.87,10.42,8.06,收盘封住涨停；大环境：情绪上升，允许适度提高进攻仓位；指数环境：指数上涨；首次封板偏晚，需要板块发酵、股性或大环境确认；首板/低板位溢价弹性需依赖题材和封板质量；未炸板；换手处于可承接区间；成交额较大，具备市场辨识度；题材/行业热度一般：林业Ⅱ；板块内封板排序第1，属于日内前排；图形新高或强势池新高；今日涨停家数尚可；今日炸板率不高，封板环境较好,盘后龙虎榜净买入4.57亿，可改善次日风险；关注席位上榜：拉萨系:东方财富证券股份有限公司拉萨东环路第一证券营业部；拉萨系:东方财富证券股份有限公司拉萨金融城南环路证券营业部；武汉紫阳东路:国泰海通证券股份有限公司武汉,收盘封住涨停；大环境：情绪上升，允许适度提高进攻仓位；指数环境：指数上涨；首次封板偏晚，需要板块发酵、股性或大环境确认；首板/低板位溢价弹性需依赖题材和封板质量；未炸板；换手处于可承接区间；成交额较大，具备市场辨识度；题材/行业热度一般：林业Ⅱ；板块内封板排序第1，属于日内前排；图形新高或强势池新高；今日涨停家数尚可；今日炸板率不高，封板环境较好,前一交易日本行业涨停样本缺失；同股历史涨停溢价样本不足,AKShare/Eastmoney pools + local technical screener + local stock_personality_history/history detail + Eastmoney LHB
2026-09-16,2026-09-17,002161,远 望 谷,涨停,1,9.969325065612793,7.17,,726951152.0,14.701248168945312,10:20:03,11:05:03,6,,其他电子,2,4,指数上涨,情绪上升,,,0,5,3,1,1,谨慎可打,,低/可控,实际无溢价,7.1,7.17,6.59,D:\codex\outputs\a_share_technical_screener\2026-09-17\all_metrics.csv,-0.009762900976290179,0.0,-0.0808926080892608,-0.011762900976290179,True,False,False,True,102077155.74,10722839.05,,0.2212662476563934,0.1025268238587971,样本不足,1,0,0.0,1,0,0.0,0.0534825870646769,0.0534825870646769,0.0,0,0,,,0.0534825870646769,0.0534825870646769,,1,1.0,0.0,0.0534825870646769,0.0534825870646769,0.0534825870646769,-0.09950248756218893,否,2.707608461380005,-1.19,0.7,2.87,收盘封住涨停；大环境：情绪上升，允许适度提高进攻仓位；指数环境：指数上涨；首次封板偏晚，需要板块发酵、股性或大环境确认；首板/低板位溢价弹性需依赖题材和封板质量；炸板次数6次，封板分歧大；换手处于可承接区间；题材/行业热度一般：其他电子；板块内封板排序第2，属于日内前排；今日涨停家数尚可；今日炸板率不高，封板环境较好,盘后龙虎榜净买入1.02亿，可改善次日风险；机构净买入0.11亿,收盘封住涨停；大环境：情绪上升，允许适度提高进攻仓位；指数环境：指数上涨；首次封板偏晚，需要板块发酵、股性或大环境确认；首板/低板位溢价弹性需依赖题材和封板质量；炸板次数6次，封板分歧大；换手处于可承接区间；题材/行业热度一般：其他电子；板块内封板排序第2，属于日内前排；今日涨停家数尚可；今日炸板率不高，封板环境较好,前一交易日本行业涨停样本缺失；同股历史涨停溢价样本不足,AKShare/Eastmoney pools + local technical screener + local stock_personality_history/history detail + Eastmoney LHB
2026-09-16,2026-09-17,600103,青山纸业,涨停,1,10.149253845214844,3.69,,928587216.0,11.882423400878906,10:25:22,10:25:22,0,,造纸,1,2,指数上涨,情绪上升,,,0,9,1,0,0,可以打板,,低/可控,实际有溢价,3.74,3.74,3.55,D:\codex\outputs\a_share_technical_screener\2026-09-17\all_metrics.csv,0.013550135501354976,0.013550135501354976,-0.03794037940379402,0.011550135501354976,False,False,False,True,142307391.98,0.0,,0.265360010148406,0.1121085006068337,股性中性,6,4,0.6666666666666666,6,4,0.6666666666666666,0.015338789053803944,0.06252905891969067,0.6666666666666666,4,1,0.25,0.25,0.015338789053803944,0.06252905891969067,,6,0.5,0.5,0.015338789053803944,0.006657735557991373,0.06252905891969067,0.02894479471417531,,,2.05,-0.86,-6.35,收盘封住涨停；大环境：情绪上升，允许适度提高进攻仓位；指数环境：指数上涨；首次封板偏晚，需要板块发酵、股性或大环境确认；首板/低板位溢价弹性需依赖题材和封板质量；未炸板；换手处于可承接区间；题材/行业热度一般：造纸；板块内封板排序第1，属于日内前排；今日涨停家数尚可；今日炸板率不高，封板环境较好；三年股性中性：涨停样本6，次日开盘有溢价率50.0%；历史封板稳定性一般：涨停/炸板样本中未封住比例66.7%,盘后龙虎榜净买入1.42亿，可改善次日风险,收盘封住涨停；大环境：情绪上升，允许适度提高进攻仓位；指数环境：指数上涨；首次封板偏晚，需要板块发酵、股性或大环境确认；首板/低板位溢价弹性需依赖题材和封板质量；未炸板；换手处于可承接区间；题材/行业热度一般：造纸；板块内封板排序第1，属于日内前排；今日涨停家数尚可；今日炸板率不高，封板环境较好；三年股性中性：涨停样本6，次日开盘有溢价率50.0%；历史封板稳定性一般：涨停/炸板样本中未封住比例66.7%,前一交易日本行业涨停样本缺失,AKShare/Eastmoney pools + local technical screener + local stock_personality_history/history detail + Eastmoney LHB
2026-09-16,2026-09-17,000753,漳州发展,涨停,1,10.0,5.5,,298219008.0,5.664031505584717,10:30:45,10:30:45,0,,综合Ⅱ,1,1,指数上涨,情绪上升,,,0,10,0,0,0,可以打板,,低/可控,实际无溢价,5.3,5.39,5.17,D:\codex\outputs\a_share_technical_screener\2026-09-17\all_metrics.csv,-0.036363636363636376,-0.020000000000000018,-0.06000000000000005,-0.03836363636363638,True,False,False,False,,,,,,样本不足,,,,,,,,,,,,,,,,,,,,,,,,是,1.9137877225875854,6.38,6.84,5.36,收盘封住涨停；大环境：情绪上升，允许适度提高进攻仓位；指数环境：指数上涨；首次封板偏晚，需要板块发酵、股性或大环境确认；首板/低板位溢价弹性需依赖题材和封板质量；未炸板；换手处于可承接区间；题材/行业热度一般：综合Ⅱ；板块内封板排序第1，属于日内前排；图形新高或强势池新高；今日涨停家数尚可；今日炸板率不高，封板环境较好,,收盘封住涨停；大环境：情绪上升，允许适度提高进攻仓位；指数环境：指数上涨；首次封板偏晚，需要板块发酵、股性或大环境确认；首板/低板位溢价弹性需依赖题材和封板质量；未炸板；换手处于可承接区间；题材/行业热度一般：综合Ⅱ；板块内封板排序第1，属于日内前排；图形新高或强势池新高；今日涨停家数尚可；今日炸板率不高，封板环境较好,前一交易日本行业涨停样本缺失；同股历史涨停溢价样本不足；龙虎榜未上榜或未匹配；仅可作为盘后缺失项,AKShare/Eastmoney pools + local technical screener + local stock_personality_history/history detail + Eastmoney LHB
2026-09-16,2026-09-17,688004,博汇科技,涨停,3,20.014610290527344,32.86,,698686192.0,28.294775009155273,10:31:16,11:04:13,2,,IT服务Ⅱ,1,1,指数上涨,情绪上升,,,0,10,1,3,3,可以打板,,中：需看集合竞价承接,实际有溢价,34.29,37.49,37.1,D:\codex\outputs\a_share_technical_screener\2026-09-17\all_metrics.csv,0.04351795496043831,0.1409007912355449,0.12903225806451624,0.04151795496043831,False,True,False,True,-10550373.89,-26183570.92,,0.23273844876283517,0.24783875257590604,样本不足,2,1,0.5,2,1,0.5,0.1998247151621384,0.1998247151621384,0.5,1,0,0.0,0.0,0.1998247151621384,0.1998247151621384,,1,1.0,0.0,0.1998247151621384,0.1998247151621384,0.1998247151621384,0.1998247151621384,是,5.295377254486084,34.55,42.98,58.59,收盘封住涨停；大环境：情绪上升，允许适度提高进攻仓位；指数环境：指数上涨；首次封板偏晚，需要板块发酵、股性或大环境确认；3板以上有辨识度；炸板次数2次，可接受但需看承接；换手过高，次日抛压风险上升；题材/行业热度一般：IT服务Ⅱ；板块内封板排序第1，属于日内前排；图形新高或强势池新高；5日涨幅过高，次日兑现风险；今日涨停家数尚可；今日炸板率不高，封板环境较好,盘后龙虎榜净卖出0.11亿，次日风险上升；机构净卖出0.26亿,收盘封住涨停；大环境：情绪上升，允许适度提高进攻仓位；指数环境：指数上涨；首次封板偏晚，需要板块发酵、股性或大环境确认；3板以上有辨识度；炸板次数2次，可接受但需看承接；换手过高，次日抛压风险上升；题材/行业热度一般：IT服务Ⅱ；板块内封板排序第1，属于日内前排；图形新高或强势池新高；5日涨幅过高，次日兑现风险；今日涨停家数尚可；今日炸板率不高，封板环境较好,前一交易日本行业涨停样本缺失；同股历史涨停溢价样本不足,AKShare/Eastmoney pools + local technical screener + local stock_personality_history/history detail + Eastmoney LHB
2026-09-16,2026-09-17,002976,瑞玛精密,涨停,1,9.995817184448242,26.3,,445957424.0,14.336424827575684,10:32:18,13:01:15,3,,汽车零部,1,3,指数上涨,情绪上升,,,0,6,5,5,5,不能打板,,高：次日无溢价风险高,实际无溢价,26.2,27.38,26.42,D:\codex\outputs\a_share_technical_screener\2026-09-17\all_metrics.csv,-0.0038022813688213253,0.041064638783269825,0.004562737642585635,-0.005802281368821325,True,True,False,False,,,,,,A杀血统高,1,1,1.0,1,1,1.0,-0.027993779160186527,0.03188180404354579,1.0,1,1,1.0,1.0,-0.027993779160186527,0.03188180404354579,谨慎可打,1,0.0,1.0,-0.027993779160186527,-0.027993779160186527,0.03188180404354579,-0.07037325038880249,否,1.7573081254959106,5.96,6.38,8.14,收盘封住涨停；大环境：情绪上升，允许适度提高进攻仓位；指数环境：指数上涨；首次封板偏晚，需要板块发酵、股性或大环境确认；首板/低板位溢价弹性需依赖题材和封板质量；炸板次数3次，封板稳定性一般；换手处于可承接区间；题材/行业热度一般：汽车零部；板块内封板排序第1，属于日内前排；今日涨停家数尚可；今日炸板率不高，封板环境较好；A杀血统指数偏高：历史炸板样本1，炸板后A杀率100.0%；A杀血统样本较少，强制退出严格可以打板名单,,收盘封住涨停；大环境：情绪上升，允许适度提高进攻仓位；指数环境：指数上涨；首次封板偏晚，需要板块发酵、股性或大环境确认；首板/低板位溢价弹性需依赖题材和封板质量；炸板次数3次，封板稳定性一般；换手处于可承接区间；题材/行业热度一般：汽车零部；板块内封板排序第1，属于日内前排；今日涨停家数尚可；今日炸板率不高，封板环境较好；A杀血统指数偏高：历史炸板样本1，炸板后A杀率100.0%；A杀血统样本较少，强制退出严格可以打板名单,前一交易日本行业涨停样本缺失；同股历史涨停溢价样本不足；龙虎榜未上榜或未匹配；仅可作为盘后缺失项,AKShare/Eastmoney pools + local technical screener + local stock_personality_history/history detail + Eastmoney LHB
2026-09-16,2026-09-17,002679,福建金森,涨停,1,10.04878044128418,11.28,,141733886.0,5.584863185882568,10:32:51,10:32:51,0,,林业Ⅱ,2,2,指数上涨,情绪上升,,,0,10,3,3,3,谨慎可打,,中：需看集合竞价承接,实际无溢价,11.17,11.3,10.71,D:\codex\outputs\a_share_technical_screener\2026-09-17\all_metrics.csv,-0.009751773049645363,0.0017730496453902678,-0.05053191489361686,-0.011751773049645363,True,False,False,False,,,,,,A杀血统高,4,2,0.5,4,2,0.5,0.05004744617151197,0.06393633506040086,0.5,2,1,0.5,0.5,0.05004744617151197,0.06393633506040086,谨慎可打,4,0.75,0.25,0.05004744617151197,0.0997909125817974,0.06393633506040086,0.01209237258514484,,,4.5,2.84,-0.79,收盘封住涨停；大环境：情绪上升，允许适度提高进攻仓位；指数环境：指数上涨；首次封板偏晚，需要板块发酵、股性或大环境确认；首板/低板位溢价弹性需依赖题材和封板质量；未炸板；换手处于可承接区间；题材/行业热度一般：林业Ⅱ；板块内封板排序第2，属于日内前排；今日涨停家数尚可；今日炸板率不高，封板环境较好；三年股性偏强：涨停样本4，次日开盘有溢价率75.0%，均值5.0%；历史封板稳定性一般：涨停/炸板样本中未封住比例50.0%；A杀血统指数偏高：历史炸板样本2，炸板后A杀率50.0%；A杀血统样本较少，强制退出严格可以打板名单；A杀血统指数>30%，样本较少但强制降档为谨慎可打,,收盘封住涨停；大环境：情绪上升，允许适度提高进攻仓位；指数环境：指数上涨；首次封板偏晚，需要板块发酵、股性或大环境确认；首板/低板位溢价弹性需依赖题材和封板质量；未炸板；换手处于可承接区间；题材/行业热度一般：林业Ⅱ；板块内封板排序第2，属于日内前排；今日涨停家数尚可；今日炸板率不高，封板环境较好；三年股性偏强：涨停样本4，次日开盘有溢价率75.0%，均值5.0%；历史封板稳定性一般：涨停/炸板样本中未封住比例50.0%；A杀血统指数偏高：历史炸板样本2，炸板后A杀率50.0%；A杀血统样本较少，强制退出严格可以打板名单；A杀血统指数>30%，样本较少但强制降档为谨慎可打,前一交易日本行业涨停样本缺失；龙虎榜未上榜或未匹配；仅可作为盘后缺失项,AKShare/Eastmoney pools + local technical screener + local stock_personality_history/history detail + Eastmoney LHB
2026-09-16,2026-09-17,002281,光迅科技,涨停,1,10.001781463623047,185.21,,7404579840.0,5.244711399078369,10:35:00,10:35:00,0,,通信设备,4,6,指数上涨,情绪上升,,,0,10,5,4,4,不能打板,,高：次日无溢价风险高,实际有溢价,188.0,196.9,191.22,D:\codex\outputs\a_share_technical_screener\2026-09-17\all_metrics.csv,0.015063981426488793,0.06311754224933863,0.03244965174666592,0.013063981426488793,False,True,False,True,1014858445.79,252978394.87,武汉紫阳东路:国泰海通证券股份有限公司武汉紫阳东路证券营业部,0.22111619208192665,0.09388431014913076,A杀血统高,3,3,1.0,3,3,1.0,-0.014432429667030474,0.019489223896383967,1.0,3,2,0.6666666666666666,0.6666666666666666,-0.014432429667030474,0.019489223896383967,禁止打板,3,0.3333333333333333,0.6666666666666666,-0.014432429667030474,-0.010930377123912094,0.019489223896383967,-0.03516363990386595,,,4.98,4.61,1.32,收盘封住涨停；大环境：情绪上升，允许适度提高进攻仓位；指数环境：指数上涨；首次封板偏晚，需要板块发酵、股性或大环境确认；首板/低板位溢价弹性需依赖题材和封板质量；未炸板；换手处于可承接区间；成交额较大，具备市场辨识度；所属行业在今日涨停/炸板热度前排：通信设备；板块内封板排序第4，情绪上升期可按后排套利处理；今日涨停家数尚可；今日炸板率不高，封板环境较好；三年股性偏弱：涨停样本3，次日开盘有溢价率33.3%，均值-1.4%；历史封板稳定性一般：涨停/炸板样本中未封住比例100.0%；A杀血统指数偏高：历史炸板样本3，炸板后A杀率66.7%；历史炸板A杀率>30%，按股性记忆强制禁止打板,盘后龙虎榜净买入10.15亿，可改善次日风险；机构净买入2.53亿；关注席位上榜：武汉紫阳东路:国泰海通证券股份有限公司武汉紫阳东路证券营业部,收盘封住涨停；大环境：情绪上升，允许适度提高进攻仓位；指数环境：指数上涨；首次封板偏晚，需要板块发酵、股性或大环境确认；首板/低板位溢价弹性需依赖题材和封板质量；未炸板；换手处于可承接区间；成交额较大，具备市场辨识度；所属行业在今日涨停/炸板热度前排：通信设备；板块内封板排序第4，情绪上升期可按后排套利处理；今日涨停家数尚可；今日炸板率不高，封板环境较好；三年股性偏弱：涨停样本3，次日开盘有溢价率33.3%，均值-1.4%；历史封板稳定性一般：涨停/炸板样本中未封住比例100.0%；A杀血统指数偏高：历史炸板样本3，炸板后A杀率66.7%；历史炸板A杀率>30%，按股性记忆强制禁止打板,前一交易日本行业涨停样本缺失,AKShare/Eastmoney pools + local technical screener + local stock_personality_history/history detail + Eastmoney LHB
2026-09-16,2026-09-17,002631,德尔未来,涨停,2,9.990205764770508,11.23,,486219200.0,5.655101776123047,10:36:00,10:36:00,0,,家居用品,2,4,指数上涨,情绪上升,,,0,13,-1,1,1,可以打板,,低/可控,实际无溢价,11.09,12.3,12.03,D:\codex\outputs\a_share_technical_screener\2026-09-17\all_metrics.csv,-0.012466607301869992,0.09528049866429211,0.0712377560106856,-0.014466607301869992,True,True,False,True,-17827596.32,-39973656.85,,0.16813461501682056,0.2094717548972387,股性中性,5,3,0.6,5,3,0.6,0.003886291590216001,0.045915408896245624,0.6,3,0,0.0,0.0,0.003886291590216001,0.045915408896245624,,4,0.5,0.5,0.003886291590216001,0.0011520737327188613,0.045915408896245624,0.006017688639929936,否,1.2532585859298706,11.12,6.2,3.31,收盘封住涨停；大环境：情绪上升，允许适度提高进攻仓位；指数环境：指数上涨；首次封板偏晚，需要板块发酵、股性或大环境确认；2板承接优于普通首板；未炸板；换手处于可承接区间；所属行业在今日涨停/炸板热度前排：家居用品；板块内封板排序第2，属于日内前排；接近年/三年高点，图形有辨识度；今日涨停家数尚可；今日炸板率不高，封板环境较好；三年股性中性：涨停样本5，次日开盘有溢价率50.0%；历史封板稳定性一般：涨停/炸板样本中未封住比例60.0%,盘后龙虎榜净卖出0.18亿，次日风险上升；机构净卖出0.40亿,收盘封住涨停；大环境：情绪上升，允许适度提高进攻仓位；指数环境：指数上涨；首次封板偏晚，需要板块发酵、股性或大环境确认；2板承接优于普通首板；未炸板；换手处于可承接区间；所属行业在今日涨停/炸板热度前排：家居用品；板块内封板排序第2，属于日内前排；接近年/三年高点，图形有辨识度；今日涨停家数尚可；今日炸板率不高，封板环境较好；三年股性中性：涨停样本5，次日开盘有溢价率50.0%；历史封板稳定性一般：涨停/炸板样本中未封住比例60.0%,前一交易日本行业涨停样本缺失,AKShare/Eastmoney pools + local technical screener + local stock_personality_history/history detail + Eastmoney LHB
2026-09-16,2026-09-17,301486,致尚科技,涨停,1,19.997760772705078,214.34,,2534803616.0,17.110254287719727,10:36:27,10:48:57,2,,消费电子,1,3,指数上涨,情绪上升,,,0,8,1,-1,-1,可以打板,,低/可控,实际有溢价,218.41,221.99,216.15,D:\codex\outputs\a_share_technical_screener\2026-09-17\all_metrics.csv,0.01898852290753017,0.035690958290566455,0.008444527386395562,0.016988522907530168,False,True,False,True,260123610.41,78813290.82000001,,0.18837230135204047,0.08575148763309148,样本不足,,,,,,,,,,,,,,,,,,,,,,,,,,12.94,13.77,9.61,收盘封住涨停；大环境：情绪上升，允许适度提高进攻仓位；指数环境：指数上涨；首次封板偏晚，需要板块发酵、股性或大环境确认；首板/低板位溢价弹性需依赖题材和封板质量；炸板次数2次，可接受但需看承接；换手处于可承接区间；成交额较大，具备市场辨识度；题材/行业热度一般：消费电子；板块内封板排序第1，属于日内前排；今日涨停家数尚可；今日炸板率不高，封板环境较好,盘后龙虎榜净买入2.60亿，可改善次日风险；机构净买入0.79亿,收盘封住涨停；大环境：情绪上升，允许适度提高进攻仓位；指数环境：指数上涨；首次封板偏晚，需要板块发酵、股性或大环境确认；首板/低板位溢价弹性需依赖题材和封板质量；炸板次数2次，可接受但需看承接；换手处于可承接区间；成交额较大，具备市场辨识度；题材/行业热度一般：消费电子；板块内封板排序第1，属于日内前排；今日涨停家数尚可；今日炸板率不高，封板环境较好,前一交易日本行业涨停样本缺失；同股历史涨停溢价样本不足,AKShare/Eastmoney pools + local technical screener + local stock_personality_history/history detail + Eastmoney LHB
2026-09-16,2026-09-17,000055,方大集团,涨停,1,10.086455345153809,3.82,,85135468.0,3.422957181930542,10:38:57,10:38:57,0,,装修建材,1,2,指数上涨,情绪上升,,,0,9,1,1,1,可以打板,,低/可控,实际有溢价,3.89,3.99,3.68,D:\codex\outputs\a_share_technical_screener\2026-09-17\all_metrics.csv,0.01832460732984309,0.04450261780104725,-0.036649214659685736,0.01632460732984309,False,True,False,False,,,,,,样本不足,,,,,,,,,,,,,,,,,,,,,,,,是,2.591853141784668,6.05,6.2,5.82,收盘封住涨停；大环境：情绪上升，允许适度提高进攻仓位；指数环境：指数上涨；首次封板偏晚，需要板块发酵、股性或大环境确认；首板/低板位溢价弹性需依赖题材和封板质量；未炸板；换手处于可承接区间；成交额过低，容量和滑点风险高；题材/行业热度一般：装修建材；板块内封板排序第1，属于日内前排；图形新高或强势池新高；今日涨停家数尚可；今日炸板率不高，封板环境较好,,收盘封住涨停；大环境：情绪上升，允许适度提高进攻仓位；指数环境：指数上涨；首次封板偏晚，需要板块发酵、股性或大环境确认；首板/低板位溢价弹性需依赖题材和封板质量；未炸板；换手处于可承接区间；成交额过低，容量和滑点风险高；题材/行业热度一般：装修建材；板块内封板排序第1，属于日内前排；图形新高或强势池新高；今日涨停家数尚可；今日炸板率不高，封板环境较好,前一交易日本行业涨停样本缺失；同股历史涨停溢价样本不足；龙虎榜未上榜或未匹配；仅可作为盘后缺失项,AKShare/Eastmoney pools + local technical screener + local stock_personality_history/history detail + Eastmoney LHB
2026-09-16,2026-09-17,605378,野马电池,涨停,1,9.971098899841309,15.22,,87469522.0,2.269059658050537,10:43:53,10:44:02,1,,电池,1,1,指数上涨,情绪上升,,,0,5,2,2,2,谨慎可打,,中：需看集合竞价承接,实际有溢价,15.7,15.73,14.66,D:\codex\outputs\a_share_technical_screener\2026-09-17\all_metrics.csv,0.03153745072273306,0.033508541392904156,-0.036793692509855536,0.02953745072273306,False,True,False,False,,,,,,样本不足,,,,,,,,,,,,,,,,,,,,,,,,,,8.73,7.36,7.03,收盘封住涨停；大环境：情绪上升，允许适度提高进攻仓位；指数环境：指数上涨；首次封板偏晚，需要板块发酵、股性或大环境确认；首板/低板位溢价弹性需依赖题材和封板质量；炸板次数1次，可接受但需看承接；成交额过低，容量和滑点风险高；题材/行业热度一般：电池；板块内封板排序第1，属于日内前排；今日涨停家数尚可；今日炸板率不高，封板环境较好,,收盘封住涨停；大环境：情绪上升，允许适度提高进攻仓位；指数环境：指数上涨；首次封板偏晚，需要板块发酵、股性或大环境确认；首板/低板位溢价弹性需依赖题材和封板质量；炸板次数1次，可接受但需看承接；成交额过低，容量和滑点风险高；题材/行业热度一般：电池；板块内封板排序第1，属于日内前排；今日涨停家数尚可；今日炸板率不高，封板环境较好,前一交易日本行业涨停样本缺失；同股历史涨停溢价样本不足；龙虎榜未上榜或未匹配；仅可作为盘后缺失项,AKShare/Eastmoney pools + local technical screener + local stock_personality_history/history detail + Eastmoney LHB
2026-09-16,2026-09-17,002388,新亚制程,涨停,1,10.064934730529785,6.78,,180100927.0,5.43316125869751,10:51:45,11:24:33,2,,其他电子,3,4,指数上涨,情绪上升,,,0,8,5,5,5,不能打板,,高：次日无溢价风险高,实际有溢价,7.12,7.28,7.03,D:\codex\outputs\a_share_technical_screener\2026-09-17\all_metrics.csv,0.05014749262536866,0.07374631268436582,0.03687315634218291,0.04814749262536866,False,True,False,False,,,,,,A杀血统高,4,3,0.75,4,3,0.75,0.008017097581317773,0.06289796459786945,0.75,3,1,0.3333333333333333,0.3333333333333333,0.008017097581317773,0.06289796459786945,禁止打板,4,0.5,0.5,0.008017097581317773,0.013761467889908285,0.06289796459786945,0.03979289385560361,,,6.67,6.74,4.15,收盘封住涨停；大环境：情绪上升，允许适度提高进攻仓位；指数环境：指数上涨；首次封板偏晚，需要板块发酵、股性或大环境确认；首板/低板位溢价弹性需依赖题材和封板质量；炸板次数2次，可接受但需看承接；换手处于可承接区间；题材/行业热度一般：其他电子；板块内封板排序第3，属于日内前排；接近年/三年高点，图形有辨识度；今日涨停家数尚可；今日炸板率不高，封板环境较好；三年股性中性：涨停样本4，次日开盘有溢价率50.0%；历史封板稳定性一般：涨停/炸板样本中未封住比例75.0%；A杀血统指数偏高：历史炸板样本3，炸板后A杀率33.3%；历史炸板A杀率>30%，按股性记忆强制禁止打板,,收盘封住涨停；大环境：情绪上升，允许适度提高进攻仓位；指数环境：指数上涨；首次封板偏晚，需要板块发酵、股性或大环境确认；首板/低板位溢价弹性需依赖题材和封板质量；炸板次数2次，可接受但需看承接；换手处于可承接区间；题材/行业热度一般：其他电子；板块内封板排序第3，属于日内前排；接近年/三年高点，图形有辨识度；今日涨停家数尚可；今日炸板率不高，封板环境较好；三年股性中性：涨停样本4，次日开盘有溢价率50.0%；历史封板稳定性一般：涨停/炸板样本中未封住比例75.0%；A杀血统指数偏高：历史炸板样本3，炸板后A杀率33.3%；历史炸板A杀率>30%，按股性记忆强制禁止打板,前一交易日本行业涨停样本缺失；龙虎榜未上榜或未匹配；仅可作为盘后缺失项,AKShare/Eastmoney pools + local technical screener + local stock_personality_history/history detail + Eastmoney LHB
2026-09-16,2026-09-17,603052,可川科技,涨停,1,10.007305145263672,60.24,,277511904.0,2.54607892036438,10:51:49,10:51:49,0,,消费电子,2,3,指数上涨,情绪上升,,,0,8,2,2,2,谨慎可打,,中：需看集合竞价承接,实际有溢价,60.94,61.77,59.28,D:\codex\outputs\a_share_technical_screener\2026-09-17\all_metrics.csv,0.011620185922974757,0.02539840637450208,-0.015936254980079667,0.009620185922974757,False,True,False,False,,,,,,股性偏弱,3,0,0.0,3,0,0.0,0.006214012884100136,0.026612245703631892,0.0,0,0,,,0.006214012884100136,0.026612245703631892,,3,0.3333333333333333,0.6666666666666666,0.006214012884100136,0.0,0.026612245703631892,-0.04135605831703711,,,7.98,6.99,6.56,收盘封住涨停；大环境：情绪上升，允许适度提高进攻仓位；指数环境：指数上涨；首次封板偏晚，需要板块发酵、股性或大环境确认；首板/低板位溢价弹性需依赖题材和封板质量；未炸板；题材/行业热度一般：消费电子；板块内封板排序第2，属于日内前排；今日涨停家数尚可；今日炸板率不高，封板环境较好；三年股性偏弱：涨停样本3，次日开盘有溢价率33.3%，均值0.6%；三年股性偏弱，不进入严格可以打板名单,,收盘封住涨停；大环境：情绪上升，允许适度提高进攻仓位；指数环境：指数上涨；首次封板偏晚，需要板块发酵、股性或大环境确认；首板/低板位溢价弹性需依赖题材和封板质量；未炸板；题材/行业热度一般：消费电子；板块内封板排序第2，属于日内前排；今日涨停家数尚可；今日炸板率不高，封板环境较好；三年股性偏弱：涨停样本3，次日开盘有溢价率33.3%，均值0.6%；三年股性偏弱，不进入严格可以打板名单,前一交易日本行业涨停样本缺失；龙虎榜未上榜或未匹配；仅可作为盘后缺失项,AKShare/Eastmoney pools + local technical screener + local stock_personality_history/history detail + Eastmoney LHB
2026-09-16,2026-09-17,002724,海洋王,涨停,1,9.984871864318848,7.27,,155617439.0,3.9065895080566406,10:53:42,10:53:42,0,,照明设备,1,2,指数上涨,情绪上升,,,0,9,0,0,0,可以打板,,低/可控,实际无溢价,7.13,7.27,6.83,D:\codex\outputs\a_share_technical_screener\2026-09-17\all_metrics.csv,-0.019257221458046758,0.0,-0.06052269601100402,-0.02125722145804676,True,False,False,False,,,,,,样本不足,,,,,,,,,,,,,,,,,,,,,,,,,,5.88,4.86,1.68,收盘封住涨停；大环境：情绪上升，允许适度提高进攻仓位；指数环境：指数上涨；首次封板偏晚，需要板块发酵、股性或大环境确认；首板/低板位溢价弹性需依赖题材和封板质量；未炸板；换手处于可承接区间；题材/行业热度一般：照明设备；板块内封板排序第1，属于日内前排；今日涨停家数尚可；今日炸板率不高，封板环境较好,,收盘封住涨停；大环境：情绪上升，允许适度提高进攻仓位；指数环境：指数上涨；首次封板偏晚，需要板块发酵、股性或大环境确认；首板/低板位溢价弹性需依赖题材和封板质量；未炸板；换手处于可承接区间；题材/行业热度一般：照明设备；板块内封板排序第1，属于日内前排；今日涨停家数尚可；今日炸板率不高，封板环境较好,前一交易日本行业涨停样本缺失；同股历史涨停溢价样本不足；龙虎榜未上榜或未匹配；仅可作为盘后缺失项,AKShare/Eastmoney pools + local technical screener + local stock_personality_history/history detail + Eastmoney LHB
2026-09-16,2026-09-17,002806,华锋股份,涨停,1,10.0,15.62,,211951544.0,8.33519172668457,10:58:03,10:59:18,1,,汽车零部,2,3,指数上涨,情绪上升,,,0,7,1,1,1,谨慎可打,,低/可控,实际无溢价,15.07,15.3,14.82,D:\codex\outputs\a_share_technical_screener\2026-09-17\all_metrics.csv,-0.035211267605633756,-0.020486555697823206,-0.05121638924455818,-0.03721126760563376,True,False,False,False,,,,,,样本不足,,,,,,,,,,,,,,,,,,,,,,,,,,7.12,6.75,6.48,收盘封住涨停；大环境：情绪上升，允许适度提高进攻仓位；指数环境：指数上涨；首次封板偏晚，需要板块发酵、股性或大环境确认；首板/低板位溢价弹性需依赖题材和封板质量；炸板次数1次，可接受但需看承接；换手处于可承接区间；题材/行业热度一般：汽车零部；板块内封板排序第2，属于日内前排；今日涨停家数尚可；今日炸板率不高，封板环境较好,,收盘封住涨停；大环境：情绪上升，允许适度提高进攻仓位；指数环境：指数上涨；首次封板偏晚，需要板块发酵、股性或大环境确认；首板/低板位溢价弹性需依赖题材和封板质量；炸板次数1次，可接受但需看承接；换手处于可承接区间；题材/行业热度一般：汽车零部；板块内封板排序第2，属于日内前排；今日涨停家数尚可；今日炸板率不高，封板环境较好,前一交易日本行业涨停样本缺失；同股历史涨停溢价样本不足；龙虎榜未上榜或未匹配；仅可作为盘后缺失项,AKShare/Eastmoney pools + local technical screener + local stock_personality_history/history detail + Eastmoney LHB
2026-09-16,2026-09-17,000731,四川美丰,涨停,1,10.055096626281738,7.99,,234380842.0,5.48253059387207,11:00:09,11:11:09,1,,农化制品,1,1,指数上涨,情绪上升,,,0,8,1,1,1,可以打板,,低/可控,实际有溢价,8.0,8.0,7.93,D:\codex\outputs\a_share_technical_screener\2026-09-17\all_metrics.csv,0.0012515644555695093,0.0012515644555695093,-0.007509386733416834,-0.0007484355444304907,False,False,False,False,,,,,,样本不足,,,,,,,,,,,,,,,,,,,,,,,,是,1.465159296989441,5.72,5.74,1.65,收盘封住涨停；大环境：情绪上升，允许适度提高进攻仓位；指数环境：指数上涨；首次封板偏晚，需要板块发酵、股性或大环境确认；首板/低板位溢价弹性需依赖题材和封板质量；炸板次数1次，可接受但需看承接；换手处于可承接区间；题材/行业热度一般：农化制品；板块内封板排序第1，属于日内前排；图形新高或强势池新高；今日涨停家数尚可；今日炸板率不高，封板环境较好,,收盘封住涨停；大环境：情绪上升，允许适度提高进攻仓位；指数环境：指数上涨；首次封板偏晚，需要板块发酵、股性或大环境确认；首板/低板位溢价弹性需依赖题材和封板质量；炸板次数1次，可接受但需看承接；换手处于可承接区间；题材/行业热度一般：农化制品；板块内封板排序第1，属于日内前排；图形新高或强势池新高；今日涨停家数尚可；今日炸板率不高，封板环境较好,前一交易日本行业涨停样本缺失；同股历史涨停溢价样本不足；龙虎榜未上榜或未匹配；仅可作为盘后缺失项,AKShare/Eastmoney pools + local technical screener + local stock_personality_history/history detail + Eastmoney LHB
2026-09-16,2026-09-17,688478,晶升股份,涨停,1,19.98995590209961,47.78,,379156128.0,6.164865016937256,11:00:09,11:00:09,0,,半导体,4,5,指数上涨,情绪上升,,,0,9,0,-1,-1,可以打板,,低/可控,实际有溢价,48.9,50.0,47.18,D:\codex\outputs\a_share_technical_screener\2026-09-17\all_metrics.csv,0.02344077019673496,0.04646295521138555,-0.012557555462536674,0.02144077019673496,False,True,False,True,-3582869.27,7926096.419999998,拉萨系:东方证券股份有限公司拉萨金珠西路证券营业部,0.28031071468980717,0.2897603035794492,样本不足,,,,,,,,,,,,,,,,,,,,,,,,,,14.78,13.92,14.64,收盘封住涨停；大环境：情绪上升，允许适度提高进攻仓位；指数环境：指数上涨；首次封板偏晚，需要板块发酵、股性或大环境确认；首板/低板位溢价弹性需依赖题材和封板质量；未炸板；换手处于可承接区间；所属行业在今日涨停/炸板热度前排：半导体；板块内封板排序第4，情绪上升期可按后排套利处理；今日涨停家数尚可；今日炸板率不高，封板环境较好,盘后龙虎榜净卖出0.04亿，次日风险上升；机构净买入0.08亿；关注席位上榜：拉萨系:东方证券股份有限公司拉萨金珠西路证券营业部,收盘封住涨停；大环境：情绪上升，允许适度提高进攻仓位；指数环境：指数上涨；首次封板偏晚，需要板块发酵、股性或大环境确认；首板/低板位溢价弹性需依赖题材和封板质量；未炸板；换手处于可承接区间；所属行业在今日涨停/炸板热度前排：半导体；板块内封板排序第4，情绪上升期可按后排套利处理；今日涨停家数尚可；今日炸板率不高，封板环境较好,前一交易日本行业涨停样本缺失；同股历史涨停溢价样本不足,AKShare/Eastmoney pools + local technical screener + local stock_personality_history/history detail + Eastmoney LHB
2026-09-16,2026-09-17,001378,德冠新材,涨停,1,10.0,22.55,,307667904.0,16.5567684173584,11:01:30,13:25:51,4,,塑料,2,4,指数上涨,情绪上升,,,0,7,2,2,2,谨慎可打,,中：需看集合竞价承接,实际无溢价,22.28,23.18,22.87,D:\codex\outputs\a_share_technical_screener\2026-09-17\all_metrics.csv,-0.01197339246119733,0.027937915742793695,0.014190687361419041,-0.01397339246119733,True,True,False,False,,,,,,样本不足,1,0,0.0,1,0,0.0,0.009698825931597765,0.036242981112812656,0.0,0,0,,,0.009698825931597765,0.036242981112812656,,1,1.0,0.0,0.009698825931597765,0.009698825931597765,0.036242981112812656,0.027054619703930527,是,4.681271553039551,11.06,11.96,13.77,收盘封住涨停；大环境：情绪上升，允许适度提高进攻仓位；指数环境：指数上涨；首次封板偏晚，需要板块发酵、股性或大环境确认；首板/低板位溢价弹性需依赖题材和封板质量；炸板次数4次，封板稳定性一般；换手处于可承接区间；题材/行业热度一般：塑料；板块内封板排序第2，属于日内前排；图形新高或强势池新高；今日涨停家数尚可；今日炸板率不高，封板环境较好,,收盘封住涨停；大环境：情绪上升，允许适度提高进攻仓位；指数环境：指数上涨；首次封板偏晚，需要板块发酵、股性或大环境确认；首板/低板位溢价弹性需依赖题材和封板质量；炸板次数4次，封板稳定性一般；换手处于可承接区间；题材/行业热度一般：塑料；板块内封板排序第2，属于日内前排；图形新高或强势池新高；今日涨停家数尚可；今日炸板率不高，封板环境较好,前一交易日本行业涨停样本缺失；同股历史涨停溢价样本不足；龙虎榜未上榜或未匹配；仅可作为盘后缺失项,AKShare/Eastmoney pools + local technical screener + local stock_personality_history/history detail + Eastmoney LHB
2026-09-16,2026-09-17,300656,民德电子,涨停,1,20.00811767578125,29.57,,358227616.0,9.573920249938965,11:14:33,11:14:33,0,,其他电子,4,4,指数上涨,情绪上升,,,0,7,2,2,2,谨慎可打,,中：需看集合竞价承接,实际无溢价,28.48,29.9,28.58,D:\codex\outputs\a_share_technical_screener\2026-09-17\all_metrics.csv,-0.03686168413933044,0.011159959418329368,-0.033479878254988216,-0.038861684139330444,True,True,False,True,32717118.9,-2598734.5,,0.2746040540236642,0.2304228531710487,样本不足,,,,,,,,,,,,,,,,,,,,,,,,,,15.73,16.68,14.08,收盘封住涨停；大环境：情绪上升，允许适度提高进攻仓位；指数环境：指数上涨；首次封板偏晚，需要板块发酵、股性或大环境确认；首板/低板位溢价弹性需依赖题材和封板质量；未炸板；换手处于可承接区间；题材/行业热度一般：其他电子；板块内封板排序第4，不是日内前排；今日涨停家数尚可；今日炸板率不高，封板环境较好,盘后龙虎榜净买入0.33亿，可改善次日风险；机构净卖出0.03亿,收盘封住涨停；大环境：情绪上升，允许适度提高进攻仓位；指数环境：指数上涨；首次封板偏晚，需要板块发酵、股性或大环境确认；首板/低板位溢价弹性需依赖题材和封板质量；未炸板；换手处于可承接区间；题材/行业热度一般：其他电子；板块内封板排序第4，不是日内前排；今日涨停家数尚可；今日炸板率不高，封板环境较好,前一交易日本行业涨停样本缺失；同股历史涨停溢价样本不足,AKShare/Eastmoney pools + local technical screener + local stock_personality_history/history detail + Eastmoney LHB
2026-09-16,2026-09-17,002903,宇环数控,涨停,1,9.992401123046875,28.95,,457628032.0,15.151927947998047,11:14:57,11:14:57,0,,通用设备,1,5,指数上涨,情绪上升,,,0,11,-2,-2,-2,可以打板,,低/可控,实际无溢价,28.76,30.91,30.77,D:\codex\outputs\a_share_technical_screener\2026-09-17\all_metrics.csv,-0.006563039723661457,0.06770293609671851,0.06286701208981005,-0.008563039723661457,True,True,False,False,,,,,,股性偏强,3,0,0.0,3,0,0.0,0.016721032669197704,0.02328330952521762,0.0,0,0,,,0.016721032669197704,0.02328330952521762,,3,0.6666666666666666,0.3333333333333333,0.016721032669197704,0.014819205690574933,0.02328330952521762,-0.05612352281170918,,,6.96,5.05,3.99,收盘封住涨停；大环境：情绪上升，允许适度提高进攻仓位；指数环境：指数上涨；首次封板偏晚，需要板块发酵、股性或大环境确认；首板/低板位溢价弹性需依赖题材和封板质量；未炸板；换手处于可承接区间；所属行业在今日涨停/炸板热度前排：通用设备；板块内封板排序第1，属于日内前排；今日涨停家数尚可；今日炸板率不高，封板环境较好；三年股性偏强：涨停样本3，次日开盘有溢价率66.7%，均值1.7%,,收盘封住涨停；大环境：情绪上升，允许适度提高进攻仓位；指数环境：指数上涨；首次封板偏晚，需要板块发酵、股性或大环境确认；首板/低板位溢价弹性需依赖题材和封板质量；未炸板；换手处于可承接区间；所属行业在今日涨停/炸板热度前排：通用设备；板块内封板排序第1，属于日内前排；今日涨停家数尚可；今日炸板率不高，封板环境较好；三年股性偏强：涨停样本3，次日开盘有溢价率66.7%，均值1.7%,前一交易日本行业涨停样本缺失；龙虎榜未上榜或未匹配；仅可作为盘后缺失项,AKShare/Eastmoney pools + local technical screener + local stock_personality_history/history detail + Eastmoney LHB
2026-09-16,2026-09-17,002957,科瑞技术,涨停,1,10.007737159729004,42.65,,804660976.0,4.674579620361328,11:16:06,11:18:12,2,,自动化设,2,2,指数上涨,情绪上升,,,0,7,2,2,2,谨慎可打,,中：需看集合竞价承接,实际无溢价,41.94,43.0,41.83,D:\codex\outputs\a_share_technical_screener\2026-09-17\all_metrics.csv,-0.016647127784290783,0.008206330597889888,-0.019226260257913297,-0.018647127784290785,True,True,False,False,,,,,,股性偏弱,4,1,0.25,4,1,0.25,-0.00887304006398304,0.04075225800206811,0.25,1,0,0.0,0.0,-0.00887304006398304,0.04075225800206811,,4,0.25,0.75,-0.00887304006398304,-0.011678947037209009,0.04075225800206811,0.01355571460911334,,,7.06,6.89,3.67,收盘封住涨停；大环境：情绪上升，允许适度提高进攻仓位；指数环境：指数上涨；首次封板偏晚，需要板块发酵、股性或大环境确认；首板/低板位溢价弹性需依赖题材和封板质量；炸板次数2次，可接受但需看承接；换手处于可承接区间；题材/行业热度一般：自动化设；板块内封板排序第2，属于日内前排；今日涨停家数尚可；今日炸板率不高，封板环境较好；三年股性偏弱：涨停样本4，次日开盘有溢价率25.0%，均值-0.9%,,收盘封住涨停；大环境：情绪上升，允许适度提高进攻仓位；指数环境：指数上涨；首次封板偏晚，需要板块发酵、股性或大环境确认；首板/低板位溢价弹性需依赖题材和封板质量；炸板次数2次，可接受但需看承接；换手处于可承接区间；题材/行业热度一般：自动化设；板块内封板排序第2，属于日内前排；今日涨停家数尚可；今日炸板率不高，封板环境较好；三年股性偏弱：涨停样本4，次日开盘有溢价率25.0%，均值-0.9%,前一交易日本行业涨停样本缺失；龙虎榜未上榜或未匹配；仅可作为盘后缺失项,AKShare/Eastmoney pools + local technical screener + local stock_personality_history/history detail + Eastmoney LHB
2026-09-16,2026-09-17,603900,莱绅通灵,涨停,1,10.077519416809082,7.1,,189478492.0,8.112099647521973,11:18:46,11:18:46,0,,饰品,1,1,指数上涨,情绪上升,,,0,10,0,-1,-1,可以打板,,低/可控,实际无溢价,6.85,6.92,6.69,D:\codex\outputs\a_share_technical_screener\2026-09-17\all_metrics.csv,-0.035211267605633756,-0.025352112676056304,-0.05774647887323936,-0.03721126760563376,True,False,False,True,21706944.0,0.0,,0.31645505707317956,0.2018935373414308,股性偏强,4,2,0.5,4,2,0.5,0.015808103358502468,0.05885320319468579,0.5,2,0,0.0,0.0,0.015808103358502468,0.05885320319468579,,4,0.75,0.25,0.015808103358502468,0.027756191373287775,0.05885320319468579,4.27284512790338e-05,,,2.96,2.63,-4.7,收盘封住涨停；大环境：情绪上升，允许适度提高进攻仓位；指数环境：指数上涨；首次封板偏晚，需要板块发酵、股性或大环境确认；首板/低板位溢价弹性需依赖题材和封板质量；未炸板；换手处于可承接区间；题材/行业热度一般：饰品；板块内封板排序第1，属于日内前排；今日涨停家数尚可；今日炸板率不高，封板环境较好；三年股性偏强：涨停样本4，次日开盘有溢价率75.0%，均值1.6%；历史封板稳定性一般：涨停/炸板样本中未封住比例50.0%,盘后龙虎榜净买入0.22亿，可改善次日风险,收盘封住涨停；大环境：情绪上升，允许适度提高进攻仓位；指数环境：指数上涨；首次封板偏晚，需要板块发酵、股性或大环境确认；首板/低板位溢价弹性需依赖题材和封板质量；未炸板；换手处于可承接区间；题材/行业热度一般：饰品；板块内封板排序第1，属于日内前排；今日涨停家数尚可；今日炸板率不高，封板环境较好；三年股性偏强：涨停样本4，次日开盘有溢价率75.0%，均值1.6%；历史封板稳定性一般：涨停/炸板样本中未封住比例50.0%,前一交易日本行业涨停样本缺失,AKShare/Eastmoney pools + local technical screener + local stock_personality_history/history detail + Eastmoney LHB
2026-09-16,2026-09-17,601208,东材科技,涨停,1,10.00607681274414,54.31,,4399326720.0,8.336875915527344,11:19:52,11:19:52,0,,塑料,3,4,指数上涨,情绪上升,,,0,10,1,1,1,可以打板,,低/可控,实际无溢价,54.31,55.5,52.3,D:\codex\outputs\a_share_technical_screener\2026-09-17\all_metrics.csv,0.0,0.021911250230160162,-0.03700975879211943,-0.002,False,True,False,False,,,,,,股性中性,4,3,0.75,4,3,0.75,0.011144022882148497,0.07397813458391922,0.75,3,0,0.0,0.0,0.011144022882148497,0.07397813458391922,,4,0.5,0.5,0.011144022882148497,0.009164969450101812,0.07397813458391922,0.048533532425444253,,,9.37,12.09,15.14,收盘封住涨停；大环境：情绪上升，允许适度提高进攻仓位；指数环境：指数上涨；首次封板偏晚，需要板块发酵、股性或大环境确认；首板/低板位溢价弹性需依赖题材和封板质量；未炸板；换手处于可承接区间；成交额较大，具备市场辨识度；题材/行业热度一般：塑料；板块内封板排序第3，属于日内前排；今日涨停家数尚可；今日炸板率不高，封板环境较好；三年股性中性：涨停样本4，次日开盘有溢价率50.0%；历史封板稳定性一般：涨停/炸板样本中未封住比例75.0%,,收盘封住涨停；大环境：情绪上升，允许适度提高进攻仓位；指数环境：指数上涨；首次封板偏晚，需要板块发酵、股性或大环境确认；首板/低板位溢价弹性需依赖题材和封板质量；未炸板；换手处于可承接区间；成交额较大，具备市场辨识度；题材/行业热度一般：塑料；板块内封板排序第3，属于日内前排；今日涨停家数尚可；今日炸板率不高，封板环境较好；三年股性中性：涨停样本4，次日开盘有溢价率50.0%；历史封板稳定性一般：涨停/炸板样本中未封住比例75.0%,前一交易日本行业涨停样本缺失；龙虎榜未上榜或未匹配；仅可作为盘后缺失项,AKShare/Eastmoney pools + local technical screener + local stock_personality_history/history detail + Eastmoney LHB
2026-09-16,2026-09-17,600545,卓郎智能,涨停,1,10.023309707641602,4.72,,940387584.0,11.48093032836914,11:21:25,11:21:25,0,,专用设备,2,4,指数上涨,情绪上升,,,0,9,0,0,0,可以打板,,低/可控,实际无溢价,4.59,4.65,4.57,D:\codex\outputs\a_share_technical_screener\2026-09-17\all_metrics.csv,-0.02754237288135586,-0.01483050847457612,-0.03177966101694907,-0.02954237288135586,True,False,False,False,,,,,,样本不足,,,,,,,,,,,,,,,,,,,,,,,,,,8.31,11.19,13.19,收盘封住涨停；大环境：情绪上升，允许适度提高进攻仓位；指数环境：指数上涨；首次封板偏晚，需要板块发酵、股性或大环境确认；首板/低板位溢价弹性需依赖题材和封板质量；未炸板；换手处于可承接区间；题材/行业热度一般：专用设备；板块内封板排序第2，属于日内前排；今日涨停家数尚可；今日炸板率不高，封板环境较好,,收盘封住涨停；大环境：情绪上升，允许适度提高进攻仓位；指数环境：指数上涨；首次封板偏晚，需要板块发酵、股性或大环境确认；首板/低板位溢价弹性需依赖题材和封板质量；未炸板；换手处于可承接区间；题材/行业热度一般：专用设备；板块内封板排序第2，属于日内前排；今日涨停家数尚可；今日炸板率不高，封板环境较好,前一交易日本行业涨停样本缺失；同股历史涨停溢价样本不足；龙虎榜未上榜或未匹配；仅可作为盘后缺失项,AKShare/Eastmoney pools + local technical screener + local stock_personality_history/history detail + Eastmoney LHB
2026-09-16,2026-09-17,002491,通鼎互联,涨停,2,9.986504554748535,24.45,,6719072768.0,24.50191307067871,11:24:54,13:12:06,6,,通信设备,5,6,指数上涨,情绪上升,,,0,7,2,-1,-1,谨慎可打,,低/可控,实际有溢价,24.48,24.85,23.67,D:\codex\outputs\a_share_technical_screener\2026-09-17\all_metrics.csv,0.0012269938650306678,0.01635991820040905,-0.03190184049079747,-0.0007730061349693323,False,False,False,True,914138161.16,297840328.35,拉萨系:东方财富证券股份有限公司拉萨金融城南环路证券营业部；武汉紫阳东路:国泰海通证券股份有限公司武汉紫阳东路证券营业部,0.143269318581742,0.08946053934912365,股性中性,5,1,0.2,5,1,0.2,0.03109404533903204,0.06268134310760004,0.2,1,0,0.0,0.0,0.03109404533903204,0.06268134310760004,,4,0.5,0.5,0.03109404533903204,0.018337138965669186,0.06268134310760004,0.014636962517726754,否,1.7568085193634033,12.05,13.56,10.04,收盘封住涨停；大环境：情绪上升，允许适度提高进攻仓位；指数环境：指数上涨；首次封板偏晚，需要板块发酵、股性或大环境确认；2板承接优于普通首板；炸板次数6次，封板分歧大；成交额较大，具备市场辨识度；所属行业在今日涨停/炸板热度前排：通信设备；板块内封板排序第5，情绪上升期可按后排套利处理；今日涨停家数尚可；今日炸板率不高，封板环境较好；三年股性中性：涨停样本5，次日开盘有溢价率50.0%,盘后龙虎榜净买入9.14亿，可改善次日风险；机构净买入2.98亿；关注席位上榜：拉萨系:东方财富证券股份有限公司拉萨金融城南环路证券营业部；武汉紫阳东路:国泰海通证券股份有限公司武汉紫阳东路证券营业部,收盘封住涨停；大环境：情绪上升，允许适度提高进攻仓位；指数环境：指数上涨；首次封板偏晚，需要板块发酵、股性或大环境确认；2板承接优于普通首板；炸板次数6次，封板分歧大；成交额较大，具备市场辨识度；所属行业在今日涨停/炸板热度前排：通信设备；板块内封板排序第5，情绪上升期可按后排套利处理；今日涨停家数尚可；今日炸板率不高，封板环境较好；三年股性中性：涨停样本5，次日开盘有溢价率50.0%,前一交易日本行业涨停样本缺失,AKShare/Eastmoney pools + local technical screener + local stock_personality_history/history detail + Eastmoney LHB
2026-09-16,2026-09-17,002913,奥士康,涨停,1,10.00661849975586,83.11,,838634656.0,3.4256815910339355,11:25:57,11:25:57,0,,元件,3,4,指数上涨,情绪上升,,,0,10,2,2,2,谨慎可打,,中：需看集合竞价承接,实际无溢价,83.11,84.49,82.15,D:\codex\outputs\a_share_technical_screener\2026-09-17\all_metrics.csv,0.0,0.01660450006016112,-0.011550956563590398,-0.002,False,False,False,False,,,,,,股性偏弱,3,1,0.3333333333333333,3,1,0.3333333333333333,-0.012936442326982545,0.04124275028823132,0.3333333333333333,1,0,0.0,0.0,-0.012936442326982545,0.04124275028823132,,3,0.3333333333333333,0.6666666666666666,-0.012936442326982545,-0.00997191011235965,0.04124275028823132,0.02168981882406233,是,0.6333925724029541,9.74,18.02,16.73,收盘封住涨停；大环境：情绪上升，允许适度提高进攻仓位；指数环境：指数上涨；首次封板偏晚，需要板块发酵、股性或大环境确认；首板/低板位溢价弹性需依赖题材和封板质量；未炸板；换手处于可承接区间；题材/行业热度一般：元件；板块内封板排序第3，属于日内前排；图形新高或强势池新高；今日涨停家数尚可；今日炸板率不高，封板环境较好；三年股性偏弱：涨停样本3，次日开盘有溢价率33.3%，均值-1.3%；三年股性偏弱，不进入严格可以打板名单,,收盘封住涨停；大环境：情绪上升，允许适度提高进攻仓位；指数环境：指数上涨；首次封板偏晚，需要板块发酵、股性或大环境确认；首板/低板位溢价弹性需依赖题材和封板质量；未炸板；换手处于可承接区间；题材/行业热度一般：元件；板块内封板排序第3，属于日内前排；图形新高或强势池新高；今日涨停家数尚可；今日炸板率不高，封板环境较好；三年股性偏弱：涨停样本3，次日开盘有溢价率33.3%，均值-1.3%；三年股性偏弱，不进入严格可以打板名单,前一交易日本行业涨停样本缺失；龙虎榜未上榜或未匹配；仅可作为盘后缺失项,AKShare/Eastmoney pools + local technical screener + local stock_personality_history/history detail + Eastmoney LHB
2026-09-16,2026-09-17,603607,京华激光,涨停,1,10.00450611114502,24.41,,296590896.0,6.952342987060547,13:00:41,13:00:41,0,,包装印刷,2,4,指数上涨,情绪上升,,,0,9,0,0,0,可以打板,,低/可控,实际无溢价,24.22,25.35,25.0,D:\codex\outputs\a_share_technical_screener\2026-09-17\all_metrics.csv,-0.0077836952068824905,0.038508807865628825,0.02417042195821395,-0.00978369520688249,True,True,False,False,,,,,,样本不足,1,0,0.0,1,0,0.0,0.04847309743092576,0.0882210373242851,0.0,0,0,,,0.04847309743092576,0.0882210373242851,,1,1.0,0.0,0.04847309743092576,0.04847309743092576,0.0882210373242851,-0.030538051381483244,,,7.66,8.12,7.34,收盘封住涨停；大环境：情绪上升，允许适度提高进攻仓位；指数环境：指数上涨；首次封板偏晚，需要板块发酵、股性或大环境确认；首板/低板位溢价弹性需依赖题材和封板质量；未炸板；换手处于可承接区间；题材/行业热度一般：包装印刷；板块内封板排序第2，属于日内前排；今日涨停家数尚可；今日炸板率不高，封板环境较好,,收盘封住涨停；大环境：情绪上升，允许适度提高进攻仓位；指数环境：指数上涨；首次封板偏晚，需要板块发酵、股性或大环境确认；首板/低板位溢价弹性需依赖题材和封板质量；未炸板；换手处于可承接区间；题材/行业热度一般：包装印刷；板块内封板排序第2，属于日内前排；今日涨停家数尚可；今日炸板率不高，封板环境较好,前一交易日本行业涨停样本缺失；同股历史涨停溢价样本不足；龙虎榜未上榜或未匹配；仅可作为盘后缺失项,AKShare/Eastmoney pools + local technical screener + local stock_personality_history/history detail + Eastmoney LHB
2026-09-16,2026-09-17,002824,和胜股份,涨停,1,9.984338760375977,28.09,,622268384.0,10.136707305908203,13:01:06,13:01:06,0,,工业金属,1,1,指数上涨,情绪上升,,,0,9,0,0,0,可以打板,,低/可控,实际有溢价,28.51,30.9,29.68,D:\codex\outputs\a_share_technical_screener\2026-09-17\all_metrics.csv,0.014951940192239332,0.10003559985760058,0.05660377358490565,0.012951940192239332,False,True,False,False,,,,,,样本不足,1,0,0.0,1,0,0.0,0.008245877061469287,0.040104947526236945,0.0,0,0,,,0.008245877061469287,0.040104947526236945,,1,1.0,0.0,0.008245877061469287,0.008245877061469287,0.040104947526236945,-0.020614692653673217,,,12.15,9.95,12.32,收盘封住涨停；大环境：情绪上升，允许适度提高进攻仓位；指数环境：指数上涨；首次封板偏晚，需要板块发酵、股性或大环境确认；首板/低板位溢价弹性需依赖题材和封板质量；未炸板；换手处于可承接区间；题材/行业热度一般：工业金属；板块内封板排序第1，属于日内前排；今日涨停家数尚可；今日炸板率不高，封板环境较好,,收盘封住涨停；大环境：情绪上升，允许适度提高进攻仓位；指数环境：指数上涨；首次封板偏晚，需要板块发酵、股性或大环境确认；首板/低板位溢价弹性需依赖题材和封板质量；未炸板；换手处于可承接区间；题材/行业热度一般：工业金属；板块内封板排序第1，属于日内前排；今日涨停家数尚可；今日炸板率不高，封板环境较好,前一交易日本行业涨停样本缺失；同股历史涨停溢价样本不足；龙虎榜未上榜或未匹配；仅可作为盘后缺失项,AKShare/Eastmoney pools + local technical screener + local stock_personality_history/history detail + Eastmoney LHB
2026-09-16,2026-09-17,300464,星徽股份,涨停,1,20.0,10.02,,624619712.0,18.738113403320312,13:01:15,13:43:12,1,,互联网电,1,1,指数上涨,情绪上升,,,0,7,1,-1,-1,谨慎可打,,低/可控,实际无溢价,9.95,10.17,9.89,D:\codex\outputs\a_share_technical_screener\2026-09-17\all_metrics.csv,-0.00698602794411185,0.014970059880239583,-0.012974051896207484,-0.00898602794411185,True,True,False,True,34822853.0,9478639.0,,0.25182531463824603,0.17775208534485729,样本不足,,,,,,,,,,,,,,,,,,,,,,,,是,4.573465824127197,17.11,21.57,25.56,收盘封住涨停；大环境：情绪上升，允许适度提高进攻仓位；指数环境：指数上涨；首次封板偏晚，需要板块发酵、股性或大环境确认；首板/低板位溢价弹性需依赖题材和封板质量；炸板次数1次，可接受但需看承接；题材/行业热度一般：互联网电；板块内封板排序第1，属于日内前排；图形新高或强势池新高；今日涨停家数尚可；今日炸板率不高，封板环境较好,盘后龙虎榜净买入0.35亿，可改善次日风险；机构净买入0.09亿,收盘封住涨停；大环境：情绪上升，允许适度提高进攻仓位；指数环境：指数上涨；首次封板偏晚，需要板块发酵、股性或大环境确认；首板/低板位溢价弹性需依赖题材和封板质量；炸板次数1次，可接受但需看承接；题材/行业热度一般：互联网电；板块内封板排序第1，属于日内前排；图形新高或强势池新高；今日涨停家数尚可；今日炸板率不高，封板环境较好,前一交易日本行业涨停样本缺失；同股历史涨停溢价样本不足,AKShare/Eastmoney pools + local technical screener + local stock_personality_history/history detail + Eastmoney LHB
2026-09-16,2026-09-17,300992,泰福泵业,涨停,1,20.0,28.44,,162408830.0,7.915895462036133,13:02:48,13:02:48,0,,通用设备,2,5,指数上涨,情绪上升,,,0,11,-1,-1,-1,可以打板,,低/可控,实际无溢价,27.3,31.47,30.11,D:\codex\outputs\a_share_technical_screener\2026-09-17\all_metrics.csv,-0.040084388185654074,0.10654008438818563,0.058720112517580914,-0.042084388185654076,True,True,False,False,,,,,,样本不足,,,,,,,,,,,,,,,,,,,,,,,,是,3.663999080657959,12.7,10.42,8.84,收盘封住涨停；大环境：情绪上升，允许适度提高进攻仓位；指数环境：指数上涨；首次封板偏晚，需要板块发酵、股性或大环境确认；首板/低板位溢价弹性需依赖题材和封板质量；未炸板；换手处于可承接区间；所属行业在今日涨停/炸板热度前排：通用设备；板块内封板排序第2，属于日内前排；图形新高或强势池新高；今日涨停家数尚可；今日炸板率不高，封板环境较好,,收盘封住涨停；大环境：情绪上升，允许适度提高进攻仓位；指数环境：指数上涨；首次封板偏晚，需要板块发酵、股性或大环境确认；首板/低板位溢价弹性需依赖题材和封板质量；未炸板；换手处于可承接区间；所属行业在今日涨停/炸板热度前排：通用设备；板块内封板排序第2，属于日内前排；图形新高或强势池新高；今日涨停家数尚可；今日炸板率不高，封板环境较好,前一交易日本行业涨停样本缺失；同股历史涨停溢价样本不足；龙虎榜未上榜或未匹配；仅可作为盘后缺失项,AKShare/Eastmoney pools + local technical screener + local stock_personality_history/history detail + Eastmoney LHB
2026-09-16,2026-09-17,603276,恒兴新材,涨停,1,9.975369453430176,17.86,,156341609.0,11.798233032226562,13:03:32,14:48:56,5,,化学制品,3,5,指数上涨,情绪上升,,,0,8,1,1,1,可以打板,,低/可控,实际无溢价,17.79,18.08,17.69,D:\codex\outputs\a_share_technical_screener\2026-09-17\all_metrics.csv,-0.003919372900335949,0.012318029115341522,-0.009518477043672924,-0.005919372900335949,True,False,False,False,,,,,,样本不足,,,,,,,,,,,,,,,,,,,,,,,,是,4.135676383972168,6.59,7.24,6.5,收盘封住涨停；大环境：情绪上升，允许适度提高进攻仓位；指数环境：指数上涨；首次封板偏晚，需要板块发酵、股性或大环境确认；首板/低板位溢价弹性需依赖题材和封板质量；炸板次数5次，封板稳定性一般；换手处于可承接区间；所属行业在今日涨停/炸板热度前排：化学制品；板块内封板排序第3，属于日内前排；图形新高或强势池新高；今日涨停家数尚可；今日炸板率不高，封板环境较好,,收盘封住涨停；大环境：情绪上升，允许适度提高进攻仓位；指数环境：指数上涨；首次封板偏晚，需要板块发酵、股性或大环境确认；首板/低板位溢价弹性需依赖题材和封板质量；炸板次数5次，封板稳定性一般；换手处于可承接区间；所属行业在今日涨停/炸板热度前排：化学制品；板块内封板排序第3，属于日内前排；图形新高或强势池新高；今日涨停家数尚可；今日炸板率不高，封板环境较好,前一交易日本行业涨停样本缺失；同股历史涨停溢价样本不足；龙虎榜未上榜或未匹配；仅可作为盘后缺失项,AKShare/Eastmoney pools + local technical screener + local stock_personality_history/history detail + Eastmoney LHB
2026-09-16,2026-09-17,002285,世联行,涨停,1,10.138248443603516,2.39,,312818704.0,6.82751989364624,13:03:54,13:34:39,4,,房地产服,1,1,指数上涨,情绪上升,,,0,6,7,7,7,不能打板,,高：次日无溢价风险高,实际有溢价,2.55,2.63,2.63,D:\codex\outputs\a_share_technical_screener\2026-09-17\all_metrics.csv,0.06694560669456062,0.10041841004184082,0.10041841004184082,0.06494560669456062,False,True,True,False,,,,,,A杀血统高,3,3,1.0,3,3,1.0,-0.016737573752122852,0.012362703097510567,1.0,3,1,0.3333333333333333,0.3333333333333333,-0.016737573752122852,0.012362703097510567,禁止打板,3,0.0,1.0,-0.016737573752122852,-0.024896265560165998,0.012362703097510567,-0.024786616585030414,,,4.37,1.7,-2.45,收盘封住涨停；大环境：情绪上升，允许适度提高进攻仓位；指数环境：指数上涨；首次封板偏晚，需要板块发酵、股性或大环境确认；首板/低板位溢价弹性需依赖题材和封板质量；炸板次数4次，封板稳定性一般；换手处于可承接区间；题材/行业热度一般：房地产服；板块内封板排序第1，属于日内前排；今日涨停家数尚可；今日炸板率不高，封板环境较好；三年股性偏弱：涨停样本3，次日开盘有溢价率0.0%，均值-1.7%；历史封板稳定性一般：涨停/炸板样本中未封住比例100.0%；A杀血统指数偏高：历史炸板样本3，炸板后A杀率33.3%；历史炸板A杀率>30%，按股性记忆强制禁止打板,,收盘封住涨停；大环境：情绪上升，允许适度提高进攻仓位；指数环境：指数上涨；首次封板偏晚，需要板块发酵、股性或大环境确认；首板/低板位溢价弹性需依赖题材和封板质量；炸板次数4次，封板稳定性一般；换手处于可承接区间；题材/行业热度一般：房地产服；板块内封板排序第1，属于日内前排；今日涨停家数尚可；今日炸板率不高，封板环境较好；三年股性偏弱：涨停样本3，次日开盘有溢价率0.0%，均值-1.7%；历史封板稳定性一般：涨停/炸板样本中未封住比例100.0%；A杀血统指数偏高：历史炸板样本3，炸板后A杀率33.3%；历史炸板A杀率>30%，按股性记忆强制禁止打板,前一交易日本行业涨停样本缺失；龙虎榜未上榜或未匹配；仅可作为盘后缺失项,AKShare/Eastmoney pools + local technical screener + local stock_personality_history/history detail + Eastmoney LHB
2026-09-16,2026-09-17,603255,鼎际得,涨停,1,10.003437995910645,32.0,,68627370.0,3.6583781242370605,13:04:38,13:04:38,0,,化学制品,4,5,指数上涨,情绪上升,,,0,8,1,1,1,可以打板,,低/可控,实际无溢价,31.68,33.57,32.48,D:\codex\outputs\a_share_technical_screener\2026-09-17\all_metrics.csv,-0.010000000000000009,0.04906250000000001,0.014999999999999902,-0.012000000000000009,True,True,False,False,,,,,,样本不足,,,,,,,,,,,,,,,,,,,,,,,,,,6.86,4.42,4.03,收盘封住涨停；大环境：情绪上升，允许适度提高进攻仓位；指数环境：指数上涨；首次封板偏晚，需要板块发酵、股性或大环境确认；首板/低板位溢价弹性需依赖题材和封板质量；未炸板；换手处于可承接区间；成交额过低，容量和滑点风险高；所属行业在今日涨停/炸板热度前排：化学制品；板块内封板排序第4，情绪上升期可按后排套利处理；今日涨停家数尚可；今日炸板率不高，封板环境较好,,收盘封住涨停；大环境：情绪上升，允许适度提高进攻仓位；指数环境：指数上涨；首次封板偏晚，需要板块发酵、股性或大环境确认；首板/低板位溢价弹性需依赖题材和封板质量；未炸板；换手处于可承接区间；成交额过低，容量和滑点风险高；所属行业在今日涨停/炸板热度前排：化学制品；板块内封板排序第4，情绪上升期可按后排套利处理；今日涨停家数尚可；今日炸板率不高，封板环境较好,前一交易日本行业涨停样本缺失；同股历史涨停溢价样本不足；龙虎榜未上榜或未匹配；仅可作为盘后缺失项,AKShare/Eastmoney pools + local technical screener + local stock_personality_history/history detail + Eastmoney LHB
2026-09-16,2026-09-17,002787,华源控股,涨停,1,10.004331588745117,25.4,,748929744.0,12.21902847290039,13:05:21,13:32:54,6,,包装印刷,3,4,指数上涨,情绪上升,,,0,5,3,3,3,谨慎可打,,中：需看集合竞价承接,实际无溢价,25.31,25.81,25.22,D:\codex\outputs\a_share_technical_screener\2026-09-17\all_metrics.csv,-0.0035433070866142113,0.016141732283464494,-0.007086614173228312,-0.005543307086614211,True,False,False,False,,,,,,样本不足,1,1,1.0,1,1,1.0,0.024590163934426368,0.04016393442622945,1.0,1,0,0.0,0.0,0.024590163934426368,0.04016393442622945,,1,1.0,0.0,0.024590163934426368,0.024590163934426368,0.04016393442622945,-0.03975409836065569,,,6.83,6.12,2.71,收盘封住涨停；大环境：情绪上升，允许适度提高进攻仓位；指数环境：指数上涨；首次封板偏晚，需要板块发酵、股性或大环境确认；首板/低板位溢价弹性需依赖题材和封板质量；炸板次数6次，封板分歧大；换手处于可承接区间；题材/行业热度一般：包装印刷；板块内封板排序第3，属于日内前排；今日涨停家数尚可；今日炸板率不高，封板环境较好,,收盘封住涨停；大环境：情绪上升，允许适度提高进攻仓位；指数环境：指数上涨；首次封板偏晚，需要板块发酵、股性或大环境确认；首板/低板位溢价弹性需依赖题材和封板质量；炸板次数6次，封板分歧大；换手处于可承接区间；题材/行业热度一般：包装印刷；板块内封板排序第3，属于日内前排；今日涨停家数尚可；今日炸板率不高，封板环境较好,前一交易日本行业涨停样本缺失；同股历史涨停溢价样本不足；龙虎榜未上榜或未匹配；仅可作为盘后缺失项,AKShare/Eastmoney pools + local technical screener + local stock_personality_history/history detail + Eastmoney LHB
2026-09-16,2026-09-17,603023,威帝股份,涨停,1,10.077519416809082,4.26,,84479475.0,3.726257562637329,13:06:11,13:06:11,0,,汽车零部,3,3,指数上涨,情绪上升,,,0,8,1,0,0,可以打板,,低/可控,实际无溢价,4.1,4.15,4.09,D:\codex\outputs\a_share_technical_screener\2026-09-17\all_metrics.csv,-0.03755868544600938,-0.025821596244131273,-0.039906103286385,-0.03955868544600938,True,False,False,True,18455830.88,0.0,,0.39622183826308105,0.17775657341620554,样本不足,,,,,,,,,,,,,,,,,,,,,,,,,,4.26,2.26,2.4,收盘封住涨停；大环境：情绪上升，允许适度提高进攻仓位；指数环境：指数上涨；首次封板偏晚，需要板块发酵、股性或大环境确认；首板/低板位溢价弹性需依赖题材和封板质量；未炸板；换手处于可承接区间；成交额过低，容量和滑点风险高；题材/行业热度一般：汽车零部；板块内封板排序第3，属于日内前排；今日涨停家数尚可；今日炸板率不高，封板环境较好,盘后龙虎榜净买入0.18亿，可改善次日风险,收盘封住涨停；大环境：情绪上升，允许适度提高进攻仓位；指数环境：指数上涨；首次封板偏晚，需要板块发酵、股性或大环境确认；首板/低板位溢价弹性需依赖题材和封板质量；未炸板；换手处于可承接区间；成交额过低，容量和滑点风险高；题材/行业热度一般：汽车零部；板块内封板排序第3，属于日内前排；今日涨停家数尚可；今日炸板率不高，封板环境较好,前一交易日本行业涨停样本缺失；同股历史涨停溢价样本不足,AKShare/Eastmoney pools + local technical screener + local stock_personality_history/history detail + Eastmoney LHB
2026-09-16,2026-09-17,002655,共达电声,涨停,1,10.002968788146973,37.06,,1050144208.0,8.124542236328125,13:07:42,13:34:18,3,,消费电子,3,3,指数上涨,情绪上升,,,0,7,1,1,1,谨慎可打,,低/可控,实际有溢价,37.51,40.77,40.77,D:\codex\outputs\a_share_technical_screener\2026-09-17\all_metrics.csv,0.01214247166756599,0.10010793308148958,0.10010793308148958,0.01014247166756599,False,True,True,False,,,,,,股性偏强,3,1,0.3333333333333333,3,1,0.3333333333333333,0.03380166660066797,0.06293539515031783,0.3333333333333333,1,0,0.0,0.0,0.03380166660066797,0.06293539515031783,,3,1.0,0.0,0.03380166660066797,0.0357578220235677,0.06293539515031783,0.021708801757173712,,,5.23,0.87,0.16,收盘封住涨停；大环境：情绪上升，允许适度提高进攻仓位；指数环境：指数上涨；首次封板偏晚，需要板块发酵、股性或大环境确认；首板/低板位溢价弹性需依赖题材和封板质量；炸板次数3次，封板稳定性一般；换手处于可承接区间；题材/行业热度一般：消费电子；板块内封板排序第3，属于日内前排；今日涨停家数尚可；今日炸板率不高，封板环境较好；三年股性偏强：涨停样本3，次日开盘有溢价率100.0%，均值3.4%,,收盘封住涨停；大环境：情绪上升，允许适度提高进攻仓位；指数环境：指数上涨；首次封板偏晚，需要板块发酵、股性或大环境确认；首板/低板位溢价弹性需依赖题材和封板质量；炸板次数3次，封板稳定性一般；换手处于可承接区间；题材/行业热度一般：消费电子；板块内封板排序第3，属于日内前排；今日涨停家数尚可；今日炸板率不高，封板环境较好；三年股性偏强：涨停样本3，次日开盘有溢价率100.0%，均值3.4%,前一交易日本行业涨停样本缺失；龙虎榜未上榜或未匹配；仅可作为盘后缺失项,AKShare/Eastmoney pools + local technical screener + local stock_personality_history/history detail + Eastmoney LHB
2026-09-16,2026-09-17,600500,中化国际,涨停,1,10.03649616241455,6.03,,868479792.0,4.188146591186523,13:09:30,13:09:30,0,,化学制品,5,5,指数上涨,情绪上升,,,0,9,0,0,0,可以打板,,低/可控,实际无溢价,6.0,6.1,5.83,D:\codex\outputs\a_share_technical_screener\2026-09-17\all_metrics.csv,-0.004975124378109541,0.011608623548921893,-0.03316749585406309,-0.006975124378109541,True,False,False,False,,,,,,样本不足,1,1,1.0,1,1,1.0,0.001814882032667775,0.003629764065335772,1.0,1,0,0.0,0.0,0.001814882032667775,0.003629764065335772,,1,1.0,0.0,0.001814882032667775,0.001814882032667775,0.003629764065335772,-0.03629764065335761,,,5.27,6.29,2.55,收盘封住涨停；大环境：情绪上升，允许适度提高进攻仓位；指数环境：指数上涨；首次封板偏晚，需要板块发酵、股性或大环境确认；首板/低板位溢价弹性需依赖题材和封板质量；未炸板；换手处于可承接区间；所属行业在今日涨停/炸板热度前排：化学制品；板块内封板排序第5，情绪上升期可按后排套利处理；今日涨停家数尚可；今日炸板率不高，封板环境较好,,收盘封住涨停；大环境：情绪上升，允许适度提高进攻仓位；指数环境：指数上涨；首次封板偏晚，需要板块发酵、股性或大环境确认；首板/低板位溢价弹性需依赖题材和封板质量；未炸板；换手处于可承接区间；所属行业在今日涨停/炸板热度前排：化学制品；板块内封板排序第5，情绪上升期可按后排套利处理；今日涨停家数尚可；今日炸板率不高，封板环境较好,前一交易日本行业涨停样本缺失；同股历史涨停溢价样本不足；龙虎榜未上榜或未匹配；仅可作为盘后缺失项,AKShare/Eastmoney pools + local technical screener + local stock_personality_history/history detail + Eastmoney LHB
2026-09-16,2026-09-17,605358,立昂微,涨停,1,10.002450942993164,44.87,,2166284400.0,6.440436840057373,13:10:03,13:33:42,4,,半导体,5,5,指数上涨,情绪上升,,,0,7,2,2,2,谨慎可打,,中：需看集合竞价承接,实际有溢价,45.65,46.31,45.27,D:\codex\outputs\a_share_technical_screener\2026-09-17\all_metrics.csv,0.0173835524849566,0.032092712279919944,0.008914642299977737,0.0153835524849566,False,True,False,False,,,,,,样本不足,,,,,,,,,,,,,,,,,,,,,,,,,,7.81,7.73,6.5,收盘封住涨停；大环境：情绪上升，允许适度提高进攻仓位；指数环境：指数上涨；首次封板偏晚，需要板块发酵、股性或大环境确认；首板/低板位溢价弹性需依赖题材和封板质量；炸板次数4次，封板稳定性一般；换手处于可承接区间；成交额较大，具备市场辨识度；所属行业在今日涨停/炸板热度前排：半导体；板块内封板排序第5，情绪上升期可按后排套利处理；今日涨停家数尚可；今日炸板率不高，封板环境较好,,收盘封住涨停；大环境：情绪上升，允许适度提高进攻仓位；指数环境：指数上涨；首次封板偏晚，需要板块发酵、股性或大环境确认；首板/低板位溢价弹性需依赖题材和封板质量；炸板次数4次，封板稳定性一般；换手处于可承接区间；成交额较大，具备市场辨识度；所属行业在今日涨停/炸板热度前排：半导体；板块内封板排序第5，情绪上升期可按后排套利处理；今日涨停家数尚可；今日炸板率不高，封板环境较好,前一交易日本行业涨停样本缺失；同股历史涨停溢价样本不足；龙虎榜未上榜或未匹配；仅可作为盘后缺失项,AKShare/Eastmoney pools + local technical screener + local stock_personality_history/history detail + Eastmoney LHB
2026-09-16,2026-09-17,001326,联域股份,涨停,1,9.994848251342773,85.4,,264755356.0,13.358833312988281,13:11:00,13:35:27,10,,照明设备,2,2,指数上涨,情绪上升,,,0,7,6,6,6,不能打板,,高：次日无溢价风险高,实际有溢价,87.48,93.94,92.55,D:\codex\outputs\a_share_technical_screener\2026-09-17\all_metrics.csv,0.024355971896955486,0.09999999999999987,0.08372365339578436,0.022355971896955484,False,True,False,False,,,,,,A杀血统高,3,2,0.6666666666666666,3,2,0.6666666666666666,0.03799266706823031,0.044574161454602766,0.6666666666666666,2,1,0.5,0.5,0.03799266706823031,0.044574161454602766,谨慎可打,3,1.0,0.0,0.03799266706823031,0.04529616724738683,0.044574161454602766,-0.014127057969684387,是,1.6671576499938965,9.5,13.75,14.92,收盘封住涨停；大环境：情绪上升，允许适度提高进攻仓位；指数环境：指数上涨；首次封板偏晚，需要板块发酵、股性或大环境确认；首板/低板位溢价弹性需依赖题材和封板质量；炸板次数10次，封板分歧大；换手处于可承接区间；题材/行业热度一般：照明设备；板块内封板排序第2，属于日内前排；图形新高或强势池新高；今日涨停家数尚可；今日炸板率不高，封板环境较好；三年股性偏强：涨停样本3，次日开盘有溢价率100.0%，均值3.8%；历史封板稳定性一般：涨停/炸板样本中未封住比例66.7%；A杀血统指数偏高：历史炸板样本2，炸板后A杀率50.0%；A杀血统样本较少，强制退出严格可以打板名单,,收盘封住涨停；大环境：情绪上升，允许适度提高进攻仓位；指数环境：指数上涨；首次封板偏晚，需要板块发酵、股性或大环境确认；首板/低板位溢价弹性需依赖题材和封板质量；炸板次数10次，封板分歧大；换手处于可承接区间；题材/行业热度一般：照明设备；板块内封板排序第2，属于日内前排；图形新高或强势池新高；今日涨停家数尚可；今日炸板率不高，封板环境较好；三年股性偏强：涨停样本3，次日开盘有溢价率100.0%，均值3.8%；历史封板稳定性一般：涨停/炸板样本中未封住比例66.7%；A杀血统指数偏高：历史炸板样本2，炸板后A杀率50.0%；A杀血统样本较少，强制退出严格可以打板名单,前一交易日本行业涨停样本缺失；龙虎榜未上榜或未匹配；仅可作为盘后缺失项,AKShare/Eastmoney pools + local technical screener + local stock_personality_history/history detail + Eastmoney LHB
2026-09-16,2026-09-17,605100,华丰股份,涨停,1,10.00645637512207,34.08,,293930064.0,3.6993801593780518,13:11:12,13:22:06,1,,通用设备,4,5,指数上涨,情绪上升,,,0,7,1,1,1,谨慎可打,,低/可控,实际无溢价,34.08,34.76,33.8,D:\codex\outputs\a_share_technical_screener\2026-09-17\all_metrics.csv,0.0,0.0199530516431925,-0.008215962441314617,-0.002,False,False,False,False,,,,,,样本不足,1,0,0.0,1,0,0.0,0.04941099476439792,0.04941099476439792,0.0,0,0,,,0.04941099476439792,0.04941099476439792,,1,1.0,0.0,0.04941099476439792,0.04941099476439792,0.04941099476439792,-0.03468586387434547,,,7.02,4.86,5.77,收盘封住涨停；大环境：情绪上升，允许适度提高进攻仓位；指数环境：指数上涨；首次封板偏晚，需要板块发酵、股性或大环境确认；首板/低板位溢价弹性需依赖题材和封板质量；炸板次数1次，可接受但需看承接；换手处于可承接区间；所属行业在今日涨停/炸板热度前排：通用设备；板块内封板排序第4，情绪上升期可按后排套利处理；今日涨停家数尚可；今日炸板率不高，封板环境较好,,收盘封住涨停；大环境：情绪上升，允许适度提高进攻仓位；指数环境：指数上涨；首次封板偏晚，需要板块发酵、股性或大环境确认；首板/低板位溢价弹性需依赖题材和封板质量；炸板次数1次，可接受但需看承接；换手处于可承接区间；所属行业在今日涨停/炸板热度前排：通用设备；板块内封板排序第4，情绪上升期可按后排套利处理；今日涨停家数尚可；今日炸板率不高，封板环境较好,前一交易日本行业涨停样本缺失；同股历史涨停溢价样本不足；龙虎榜未上榜或未匹配；仅可作为盘后缺失项,AKShare/Eastmoney pools + local technical screener + local stock_personality_history/history detail + Eastmoney LHB
2026-09-16,2026-09-17,002396,星网锐捷,涨停,1,10.0,38.83,,5194746624.0,18.341196060180664,13:12:42,14:46:06,2,,通信设备,6,6,指数上涨,情绪上升,,,0,8,2,1,1,可以打板,,低/可控,实际无溢价,37.65,39.6,38.2,D:\codex\outputs\a_share_technical_screener\2026-09-17\all_metrics.csv,-0.030388874581509184,0.019830028328611915,-0.016224568632500547,-0.032388874581509186,True,True,False,True,120830177.11,-19471642.6,武汉紫阳东路:国泰海通证券股份有限公司武汉紫阳东路证券营业部,0.12978344792094462,0.12249703988406722,股性中性,5,3,0.6,5,3,0.6,-0.0051440883544102475,0.05271523175934116,0.6,3,0,0.0,0.0,-0.0051440883544102475,0.05271523175934116,,5,0.4,0.6,-0.0051440883544102475,-0.0049554013875124925,0.05271523175934116,0.03267040259588252,,,8.14,5.67,8.43,收盘封住涨停；大环境：情绪上升，允许适度提高进攻仓位；指数环境：指数上涨；首次封板偏晚，需要板块发酵、股性或大环境确认；首板/低板位溢价弹性需依赖题材和封板质量；炸板次数2次，可接受但需看承接；成交额较大，具备市场辨识度；所属行业在今日涨停/炸板热度前排：通信设备；板块内封板排序第6，情绪上升期可按后排套利处理；接近年/三年高点，图形有辨识度；今日涨停家数尚可；今日炸板率不高，封板环境较好；三年股性中性：涨停样本5，次日开盘有溢价率40.0%；历史封板稳定性一般：涨停/炸板样本中未封住比例60.0%,盘后龙虎榜净买入1.21亿，可改善次日风险；机构净卖出0.19亿；关注席位上榜：武汉紫阳东路:国泰海通证券股份有限公司武汉紫阳东路证券营业部,收盘封住涨停；大环境：情绪上升，允许适度提高进攻仓位；指数环境：指数上涨；首次封板偏晚，需要板块发酵、股性或大环境确认；首板/低板位溢价弹性需依赖题材和封板质量；炸板次数2次，可接受但需看承接；成交额较大，具备市场辨识度；所属行业在今日涨停/炸板热度前排：通信设备；板块内封板排序第6，情绪上升期可按后排套利处理；接近年/三年高点，图形有辨识度；今日涨停家数尚可；今日炸板率不高，封板环境较好；三年股性中性：涨停样本5，次日开盘有溢价率40.0%；历史封板稳定性一般：涨停/炸板样本中未封住比例60.0%,前一交易日本行业涨停样本缺失,AKShare/Eastmoney pools + local technical screener + local stock_personality_history/history detail + Eastmoney LHB
2026-09-16,2026-09-17,300243,瑞丰高材,涨停,1,20.01209259033203,19.85,,1031960880.0,24.851234436035156,13:16:27,13:31:48,5,,塑料,4,4,指数上涨,情绪上升,,,0,3,4,2,2,不能打板,,中：需看集合竞价承接,实际无溢价,19.5,22.43,21.22,D:\codex\outputs\a_share_technical_screener\2026-09-17\all_metrics.csv,-0.017632241813602123,0.12997481108312336,0.06901763224181345,-0.019632241813602125,True,True,False,True,58211522.2,4764045.490000002,,0.17844858794971546,0.16162706730208729,样本不足,,,,,,,,,,,,,,,,,,,,,,,,,,17.57,21.02,22.53,收盘封住涨停；大环境：情绪上升，允许适度提高进攻仓位；指数环境：指数上涨；首次封板偏晚，需要板块发酵、股性或大环境确认；首板/低板位溢价弹性需依赖题材和封板质量；炸板次数5次，封板稳定性一般；题材/行业热度一般：塑料；板块内封板排序第4，不是日内前排；今日涨停家数尚可；今日炸板率不高，封板环境较好,盘后龙虎榜净买入0.58亿，可改善次日风险；机构净买入0.05亿,收盘封住涨停；大环境：情绪上升，允许适度提高进攻仓位；指数环境：指数上涨；首次封板偏晚，需要板块发酵、股性或大环境确认；首板/低板位溢价弹性需依赖题材和封板质量；炸板次数5次，封板稳定性一般；题材/行业热度一般：塑料；板块内封板排序第4，不是日内前排；今日涨停家数尚可；今日炸板率不高，封板环境较好,前一交易日本行业涨停样本缺失；同股历史涨停溢价样本不足,AKShare/Eastmoney pools + local technical screener + local stock_personality_history/history detail + Eastmoney LHB
2026-09-16,2026-09-17,001209,洪兴股份,涨停,1,10.011442184448242,19.23,,80848625.0,4.498688220977783,13:17:30,13:17:48,1,,服装家纺,2,2,指数上涨,情绪上升,,,0,7,2,2,2,谨慎可打,,中：需看集合竞价承接,实际有溢价,20.18,21.15,19.26,D:\codex\outputs\a_share_technical_screener\2026-09-17\all_metrics.csv,0.049401976079043175,0.0998439937597504,0.0015600624024960652,0.04740197607904317,False,True,False,False,,,,,,样本不足,,,,,,,,,,,,,,,,,,,,,,,,是,2.1433138847351074,4.83,4.02,0.42,收盘封住涨停；大环境：情绪上升，允许适度提高进攻仓位；指数环境：指数上涨；首次封板偏晚，需要板块发酵、股性或大环境确认；首板/低板位溢价弹性需依赖题材和封板质量；炸板次数1次，可接受但需看承接；换手处于可承接区间；成交额过低，容量和滑点风险高；题材/行业热度一般：服装家纺；板块内封板排序第2，属于日内前排；图形新高或强势池新高；今日涨停家数尚可；今日炸板率不高，封板环境较好,,收盘封住涨停；大环境：情绪上升，允许适度提高进攻仓位；指数环境：指数上涨；首次封板偏晚，需要板块发酵、股性或大环境确认；首板/低板位溢价弹性需依赖题材和封板质量；炸板次数1次，可接受但需看承接；换手处于可承接区间；成交额过低，容量和滑点风险高；题材/行业热度一般：服装家纺；板块内封板排序第2，属于日内前排；图形新高或强势池新高；今日涨停家数尚可；今日炸板率不高，封板环境较好,前一交易日本行业涨停样本缺失；同股历史涨停溢价样本不足；龙虎榜未上榜或未匹配；仅可作为盘后缺失项,AKShare/Eastmoney pools + local technical screener + local stock_personality_history/history detail + Eastmoney LHB
2026-09-16,2026-09-17,002956,西麦食品,涨停,1,9.986859321594238,16.74,,165450814.0,3.259462356567383,13:41:51,13:41:51,0,,休闲食品,1,1,指数上涨,情绪上升,,,0,9,0,0,0,可以打板,,低/可控,实际无溢价,16.6,17.55,17.29,D:\codex\outputs\a_share_technical_screener\2026-09-17\all_metrics.csv,-0.008363201911588791,0.04838709677419373,0.03285543608124253,-0.010363201911588791,True,True,False,False,,,,,,样本不足,1,0,0.0,1,0,0.0,-0.013157894736842035,0.018640350877193068,0.0,0,0,,,-0.013157894736842035,0.018640350877193068,,1,0.0,1.0,-0.013157894736842035,-0.013157894736842035,0.018640350877193068,-0.03673245614035081,,,6.37,3.51,3.33,收盘封住涨停；大环境：情绪上升，允许适度提高进攻仓位；指数环境：指数上涨；首次封板偏晚，需要板块发酵、股性或大环境确认；首板/低板位溢价弹性需依赖题材和封板质量；未炸板；换手处于可承接区间；题材/行业热度一般：休闲食品；板块内封板排序第1，属于日内前排；今日涨停家数尚可；今日炸板率不高，封板环境较好,,收盘封住涨停；大环境：情绪上升，允许适度提高进攻仓位；指数环境：指数上涨；首次封板偏晚，需要板块发酵、股性或大环境确认；首板/低板位溢价弹性需依赖题材和封板质量；未炸板；换手处于可承接区间；题材/行业热度一般：休闲食品；板块内封板排序第1，属于日内前排；今日涨停家数尚可；今日炸板率不高，封板环境较好,前一交易日本行业涨停样本缺失；同股历史涨停溢价样本不足；龙虎榜未上榜或未匹配；仅可作为盘后缺失项,AKShare/Eastmoney pools + local technical screener + local stock_personality_history/history detail + Eastmoney LHB
2026-09-16,2026-09-17,002303,美盈森,涨停,1,10.076045989990234,5.79,,717947456.0,11.893054008483887,13:43:24,14:06:39,1,,包装印刷,4,4,指数上涨,情绪上升,,,0,6,5,5,5,不能打板,,高：次日无溢价风险高,实际无溢价,5.66,5.71,5.56,D:\codex\outputs\a_share_technical_screener\2026-09-17\all_metrics.csv,-0.022452504317789224,-0.013816925734024155,-0.039723661485319584,-0.024452504317789225,True,False,False,False,,,,,,股性偏弱,3,2,0.6666666666666666,3,2,0.6666666666666666,0.014229177330197759,0.04720547649744877,0.6666666666666666,2,0,0.0,0.0,0.014229177330197759,0.04720547649744877,,3,0.3333333333333333,0.6666666666666666,0.014229177330197759,0.0,0.04720547649744877,0.022132012598568007,,,8.55,8.18,4.32,收盘封住涨停；大环境：情绪上升，允许适度提高进攻仓位；指数环境：指数上涨；首次封板偏晚，需要板块发酵、股性或大环境确认；首板/低板位溢价弹性需依赖题材和封板质量；炸板次数1次，可接受但需看承接；换手处于可承接区间；题材/行业热度一般：包装印刷；板块内封板排序第4，不是日内前排；接近年/三年高点，图形有辨识度；今日涨停家数尚可；今日炸板率不高，封板环境较好；三年股性偏弱：涨停样本3，次日开盘有溢价率33.3%，均值1.4%；历史封板稳定性一般：涨停/炸板样本中未封住比例66.7%,,收盘封住涨停；大环境：情绪上升，允许适度提高进攻仓位；指数环境：指数上涨；首次封板偏晚，需要板块发酵、股性或大环境确认；首板/低板位溢价弹性需依赖题材和封板质量；炸板次数1次，可接受但需看承接；换手处于可承接区间；题材/行业热度一般：包装印刷；板块内封板排序第4，不是日内前排；接近年/三年高点，图形有辨识度；今日涨停家数尚可；今日炸板率不高，封板环境较好；三年股性偏弱：涨停样本3，次日开盘有溢价率33.3%，均值1.4%；历史封板稳定性一般：涨停/炸板样本中未封住比例66.7%,前一交易日本行业涨停样本缺失；龙虎榜未上榜或未匹配；仅可作为盘后缺失项,AKShare/Eastmoney pools + local technical screener + local stock_personality_history/history detail + Eastmoney LHB
2026-09-16,2026-09-17,002577,雷柏科技,涨停,1,10.011061668395996,19.89,,162093468.0,3.007260322570801,14:09:24,14:09:24,0,,计算机设,1,1,指数上涨,情绪上升,,,0,10,0,0,0,可以打板,,低/可控,实际有溢价,20.89,21.88,20.83,D:\codex\outputs\a_share_technical_screener\2026-09-17\all_metrics.csv,0.0502765208647562,0.10005027652086462,0.04725992961287062,0.0482765208647562,False,True,False,False,,,,,,样本不足,1,0,0.0,1,0,0.0,0.012443438914027105,0.046380090497737614,0.0,0,0,,,0.012443438914027105,0.046380090497737614,,1,1.0,0.0,0.012443438914027105,0.012443438914027105,0.046380090497737614,0.013574660633484337,,,7.57,5.89,7.92,收盘封住涨停；大环境：情绪上升，允许适度提高进攻仓位；指数环境：指数上涨；首次封板偏晚，需要板块发酵、股性或大环境确认；首板/低板位溢价弹性需依赖题材和封板质量；未炸板；换手处于可承接区间；题材/行业热度一般：计算机设；板块内封板排序第1，属于日内前排；接近年/三年高点，图形有辨识度；今日涨停家数尚可；今日炸板率不高，封板环境较好,,收盘封住涨停；大环境：情绪上升，允许适度提高进攻仓位；指数环境：指数上涨；首次封板偏晚，需要板块发酵、股性或大环境确认；首板/低板位溢价弹性需依赖题材和封板质量；未炸板；换手处于可承接区间；题材/行业热度一般：计算机设；板块内封板排序第1，属于日内前排；接近年/三年高点，图形有辨识度；今日涨停家数尚可；今日炸板率不高，封板环境较好,前一交易日本行业涨停样本缺失；同股历史涨停溢价样本不足；龙虎榜未上榜或未匹配；仅可作为盘后缺失项,AKShare/Eastmoney pools + local technical screener + local stock_personality_history/history detail + Eastmoney LHB
2026-09-16,2026-09-17,002489,浙江永强,涨停,1,10.144927024841309,3.04,,244852944.0,4.357035160064697,14:10:15,14:55:21,1,,家居用品,4,4,指数上涨,情绪上升,,,0,8,1,1,1,可以打板,,低/可控,实际无溢价,3.01,3.07,3.04,D:\codex\outputs\a_share_technical_screener\2026-09-17\all_metrics.csv,-0.009868421052631637,0.009868421052631415,0.0,-0.011868421052631637,True,False,False,False,,,,,,样本不足,,,,,,,,,,,,,,,,,,,,,,,,是,4.723902225494385,6.44,7.08,6.67,收盘封住涨停；大环境：情绪上升，允许适度提高进攻仓位；指数环境：指数上涨；首次封板偏晚，需要板块发酵、股性或大环境确认；首板/低板位溢价弹性需依赖题材和封板质量；炸板次数1次，可接受但需看承接；换手处于可承接区间；所属行业在今日涨停/炸板热度前排：家居用品；板块内封板排序第4，情绪上升期可按后排套利处理；图形新高或强势池新高；今日涨停家数尚可；今日炸板率不高，封板环境较好,,收盘封住涨停；大环境：情绪上升，允许适度提高进攻仓位；指数环境：指数上涨；首次封板偏晚，需要板块发酵、股性或大环境确认；首板/低板位溢价弹性需依赖题材和封板质量；炸板次数1次，可接受但需看承接；换手处于可承接区间；所属行业在今日涨停/炸板热度前排：家居用品；板块内封板排序第4，情绪上升期可按后排套利处理；图形新高或强势池新高；今日涨停家数尚可；今日炸板率不高，封板环境较好,前一交易日本行业涨停样本缺失；同股历史涨停溢价样本不足；龙虎榜未上榜或未匹配；仅可作为盘后缺失项,AKShare/Eastmoney pools + local technical screener + local stock_personality_history/history detail + Eastmoney LHB
2026-09-16,2026-09-17,002095,生 意 宝,涨停,1,10.026917457580566,16.35,,274567648.0,6.962991714477539,14:24:51,14:24:51,0,,数字媒体,1,1,指数上涨,情绪上升,,,0,10,3,3,3,谨慎可打,,中：需看集合竞价承接,实际无溢价,15.99,17.98,16.58,D:\codex\outputs\a_share_technical_screener\2026-09-17\all_metrics.csv,-0.022018348623853323,0.09969418960244636,0.014067278287461571,-0.024018348623853325,True,True,False,False,,,,,,A杀血统高,1,1,1.0,1,1,1.0,-0.06989576946658482,-0.019006744328632696,1.0,1,1,1.0,1.0,-0.06989576946658482,-0.019006744328632696,谨慎可打,1,0.0,1.0,-0.06989576946658482,-0.06989576946658482,-0.019006744328632696,-0.031269160024524734,是,1.4425569772720337,6.82,6.88,3.48,收盘封住涨停；大环境：情绪上升，允许适度提高进攻仓位；指数环境：指数上涨；首次封板偏晚，需要板块发酵、股性或大环境确认；首板/低板位溢价弹性需依赖题材和封板质量；未炸板；换手处于可承接区间；题材/行业热度一般：数字媒体；板块内封板排序第1，属于日内前排；图形新高或强势池新高；今日涨停家数尚可；今日炸板率不高，封板环境较好；A杀血统指数偏高：历史炸板样本1，炸板后A杀率100.0%；A杀血统样本较少，强制退出严格可以打板名单；A杀血统指数>30%，样本较少但强制降档为谨慎可打,,收盘封住涨停；大环境：情绪上升，允许适度提高进攻仓位；指数环境：指数上涨；首次封板偏晚，需要板块发酵、股性或大环境确认；首板/低板位溢价弹性需依赖题材和封板质量；未炸板；换手处于可承接区间；题材/行业热度一般：数字媒体；板块内封板排序第1，属于日内前排；图形新高或强势池新高；今日涨停家数尚可；今日炸板率不高，封板环境较好；A杀血统指数偏高：历史炸板样本1，炸板后A杀率100.0%；A杀血统样本较少，强制退出严格可以打板名单；A杀血统指数>30%，样本较少但强制降档为谨慎可打,前一交易日本行业涨停样本缺失；同股历史涨停溢价样本不足；龙虎榜未上榜或未匹配；仅可作为盘后缺失项,AKShare/Eastmoney pools + local technical screener + local stock_personality_history/history detail + Eastmoney LHB
2026-09-16,2026-09-17,603956,威派格,涨停,1,10.078740119934082,6.99,,285157120.0,7.413714408874512,14:26:12,14:26:12,0,,专用设备,4,4,指数上涨,情绪上升,,,0,8,2,1,1,可以打板,,低/可控,实际无溢价,6.9,7.07,6.83,D:\codex\outputs\a_share_technical_screener\2026-09-17\all_metrics.csv,-0.012875536480686622,0.011444921316166035,-0.022889842632331958,-0.014875536480686622,True,True,False,True,16807965.0,0.0,,0.22222235158560183,0.16327953107648327,股性偏强,3,3,1.0,3,3,1.0,0.016583618452180926,0.05908929206747634,1.0,3,0,0.0,0.0,0.016583618452180926,0.05908929206747634,,3,0.6666666666666666,0.3333333333333333,0.016583618452180926,0.019163763066202044,0.05908929206747634,0.03876683580139895,,,7.34,9.68,8.54,收盘封住涨停；大环境：情绪上升，允许适度提高进攻仓位；指数环境：指数上涨；首次封板偏晚，需要板块发酵、股性或大环境确认；首板/低板位溢价弹性需依赖题材和封板质量；未炸板；换手处于可承接区间；题材/行业热度一般：专用设备；板块内封板排序第4，不是日内前排；今日涨停家数尚可；今日炸板率不高，封板环境较好；三年股性偏强：涨停样本3，次日开盘有溢价率66.7%，均值1.7%；历史封板稳定性一般：涨停/炸板样本中未封住比例100.0%,盘后龙虎榜净买入0.17亿，可改善次日风险,收盘封住涨停；大环境：情绪上升，允许适度提高进攻仓位；指数环境：指数上涨；首次封板偏晚，需要板块发酵、股性或大环境确认；首板/低板位溢价弹性需依赖题材和封板质量；未炸板；换手处于可承接区间；题材/行业热度一般：专用设备；板块内封板排序第4，不是日内前排；今日涨停家数尚可；今日炸板率不高，封板环境较好；三年股性偏强：涨停样本3，次日开盘有溢价率66.7%，均值1.7%；历史封板稳定性一般：涨停/炸板样本中未封住比例100.0%,前一交易日本行业涨停样本缺失,AKShare/Eastmoney pools + local technical screener + local stock_personality_history/history detail + Eastmoney LHB
2026-09-16,2026-09-17,603328,依顿电子,涨停,1,9.992313385009766,14.31,,1126925616.0,8.335083961486816,14:29:36,14:52:00,1,,元件,4,4,指数上涨,情绪上升,,,0,7,2,2,2,谨慎可打,,中：需看集合竞价承接,实际无溢价,14.12,14.31,13.5,D:\codex\outputs\a_share_technical_screener\2026-09-17\all_metrics.csv,-0.01327742837176804,0.0,-0.05660377358490565,-0.01527742837176804,True,False,False,False,,,,,,股性偏强,3,1,0.3333333333333333,3,1,0.3333333333333333,0.01889825712981615,0.06279353510354513,0.3333333333333333,1,0,0.0,0.0,0.01889825712981615,0.06279353510354513,,3,0.6666666666666666,0.3333333333333333,0.01889825712981615,0.0016528925619834212,0.06279353510354513,0.033260812616753656,是,1.043509840965271,9.12,18.34,18.26,收盘封住涨停；大环境：情绪上升，允许适度提高进攻仓位；指数环境：指数上涨；首次封板偏晚，需要板块发酵、股性或大环境确认；首板/低板位溢价弹性需依赖题材和封板质量；炸板次数1次，可接受但需看承接；换手处于可承接区间；题材/行业热度一般：元件；板块内封板排序第4，不是日内前排；图形新高或强势池新高；今日涨停家数尚可；今日炸板率不高，封板环境较好；三年股性偏强：涨停样本3，次日开盘有溢价率66.7%，均值1.9%,,收盘封住涨停；大环境：情绪上升，允许适度提高进攻仓位；指数环境：指数上涨；首次封板偏晚，需要板块发酵、股性或大环境确认；首板/低板位溢价弹性需依赖题材和封板质量；炸板次数1次，可接受但需看承接；换手处于可承接区间；题材/行业热度一般：元件；板块内封板排序第4，不是日内前排；图形新高或强势池新高；今日涨停家数尚可；今日炸板率不高，封板环境较好；三年股性偏强：涨停样本3，次日开盘有溢价率66.7%，均值1.9%,前一交易日本行业涨停样本缺失；龙虎榜未上榜或未匹配；仅可作为盘后缺失项,AKShare/Eastmoney pools + local technical screener + local stock_personality_history/history detail + Eastmoney LHB
2026-09-16,2026-09-17,600793,宜宾纸业,涨停,1,10.020174980163574,16.36,,113115133.0,4.093734264373779,14:52:59,14:52:59,0,,造纸,2,2,指数上涨,情绪上升,,,0,9,0,0,0,可以打板,,低/可控,实际无溢价,16.24,16.54,16.44,D:\codex\outputs\a_share_technical_screener\2026-09-17\all_metrics.csv,-0.007334963325183463,0.011002444987775029,0.004889975550122383,-0.009334963325183463,True,False,False,False,,,,,,样本不足,2,1,0.5,2,1,0.5,0.02213918115382052,0.03271746042039325,0.5,1,0,0.0,0.0,0.02213918115382052,0.03271746042039325,,2,1.0,0.0,0.02213918115382052,0.02213918115382052,0.03271746042039325,0.009662305659582038,,,5.75,5.64,2.83,收盘封住涨停；大环境：情绪上升，允许适度提高进攻仓位；指数环境：指数上涨；首次封板偏晚，需要板块发酵、股性或大环境确认；首板/低板位溢价弹性需依赖题材和封板质量；未炸板；换手处于可承接区间；题材/行业热度一般：造纸；板块内封板排序第2，属于日内前排；今日涨停家数尚可；今日炸板率不高，封板环境较好,,收盘封住涨停；大环境：情绪上升，允许适度提高进攻仓位；指数环境：指数上涨；首次封板偏晚，需要板块发酵、股性或大环境确认；首板/低板位溢价弹性需依赖题材和封板质量；未炸板；换手处于可承接区间；题材/行业热度一般：造纸；板块内封板排序第2，属于日内前排；今日涨停家数尚可；今日炸板率不高，封板环境较好,前一交易日本行业涨停样本缺失；同股历史涨停溢价样本不足；龙虎榜未上榜或未匹配；仅可作为盘后缺失项,AKShare/Eastmoney pools + local technical screener + local stock_personality_history/history detail + Eastmoney LHB
2026-09-16,2026-09-17,601218,吉鑫科技,炸板,2,0.7722007632255554,5.22,5.7,1309042896.0,24.44423484802246,09:25:02,,1,-0.08421052631578951,风电设备,1,3,指数上涨,情绪上升,,,0,7,1,1,1,炸板可接受/反包观察,炸板可接受/反包观察,低/可控,实际无溢价,5.09,5.74,5.74,D:\codex\outputs\a_share_technical_screener\2026-09-17\all_metrics.csv,-0.02490421455938696,0.09961685823754807,0.09961685823754807,-0.026904214559386963,True,True,True,False,,,,,,样本不足,2,1,0.5,2,1,0.5,0.08948545861297541,0.08948545861297541,0.5,1,0,0.0,0.0,0.08948545861297541,0.08948545861297541,,1,1.0,0.0,0.08948545861297541,0.08948545861297541,0.08948545861297541,0.04026845637583909,是,4.551336288452148,6.36,10.73,14.47,炸板样本：不直接判错，单独看炸板质量；大环境：情绪上升，允许适度提高进攻仓位；指数环境：指数上涨；首次封板在10:30前，只作为前排证据之一；2板承接优于普通首板；炸板次数1次，可接受但需看承接；题材/行业热度一般：风电设备；板块内封板排序第1，属于日内前排；图形新高或强势池新高；炸板后回落较深，失败属性更重；今日涨停家数尚可；今日炸板率不高，封板环境较好,,炸板样本：不直接判错，单独看炸板质量；大环境：情绪上升，允许适度提高进攻仓位；指数环境：指数上涨；首次封板在10:30前，只作为前排证据之一；2板承接优于普通首板；炸板次数1次，可接受但需看承接；题材/行业热度一般：风电设备；板块内封板排序第1，属于日内前排；图形新高或强势池新高；炸板后回落较深，失败属性更重；今日涨停家数尚可；今日炸板率不高，封板环境较好,前一交易日本行业涨停样本缺失；同股历史涨停溢价样本不足；龙虎榜未上榜或未匹配；仅可作为盘后缺失项,AKShare/Eastmoney pools + local technical screener + local stock_personality_history/history detail + Eastmoney LHB
2026-09-16,2026-09-17,002531,天顺风能,炸板,2,0.12804096937179565,7.82,8.59,2215201328.0,15.206243515014648,09:30:42,,1,-0.089639115250291,风电设备,3,3,指数上涨,情绪上升,,,0,8,1,1,1,炸板可接受/反包观察,炸板可接受/反包观察,低/可控,实际无溢价,7.7,8.52,8.17,D:\codex\outputs\a_share_technical_screener\2026-09-17\all_metrics.csv,-0.01534526854219953,0.08951406649616356,0.04475703324808178,-0.017345268542199532,True,True,False,False,,,,,,样本不足,2,0,0.0,2,0,0.0,0.03039073806078152,0.09985528219971052,0.0,0,0,,,0.03039073806078152,0.09985528219971052,,1,1.0,0.0,0.03039073806078152,0.03039073806078152,0.09985528219971052,0.04486251808972508,,,6.08,14.75,24.52,炸板样本：不直接判错，单独看炸板质量；大环境：情绪上升，允许适度提高进攻仓位；指数环境：指数上涨；首次封板在10:30前，只作为前排证据之一；2板承接优于普通首板；炸板次数1次，可接受但需看承接；换手处于可承接区间；成交额较大，具备市场辨识度；题材/行业热度一般：风电设备；板块内封板排序第3，属于日内前排；炸板后回落较深，失败属性更重；今日涨停家数尚可；今日炸板率不高，封板环境较好,,炸板样本：不直接判错，单独看炸板质量；大环境：情绪上升，允许适度提高进攻仓位；指数环境：指数上涨；首次封板在10:30前，只作为前排证据之一；2板承接优于普通首板；炸板次数1次，可接受但需看承接；换手处于可承接区间；成交额较大，具备市场辨识度；题材/行业热度一般：风电设备；板块内封板排序第3，属于日内前排；炸板后回落较深，失败属性更重；今日涨停家数尚可；今日炸板率不高，封板环境较好,前一交易日本行业涨停样本缺失；同股历史涨停溢价样本不足；龙虎榜未上榜或未匹配；仅可作为盘后缺失项,AKShare/Eastmoney pools + local technical screener + local stock_personality_history/history detail + Eastmoney LHB
2026-09-16,2026-09-17,301300,远翔新材,炸板,0,13.731622695922852,36.36,38.36,122111686.0,8.59976577758789,09:31:39,,1,-0.05213764337851934,橡胶,3,3,指数上涨,情绪上升,,,0,8,0,0,0,炸板可接受/反包观察,炸板可接受/反包观察,低/可控,实际无溢价,34.36,35.27,35.25,D:\codex\outputs\a_share_technical_screener\2026-09-17\all_metrics.csv,-0.05500550055005504,-0.029977997799779832,-0.03052805280528048,-0.057005500550055044,True,True,False,False,,,,,,样本不足,,,,,,,,,,,,,,,,,,,,,,,,是,5.589087009429932,9.09,8.84,8.76,炸板样本：不直接判错，单独看炸板质量；大环境：情绪上升，允许适度提高进攻仓位；指数环境：指数上涨；首次封板在10:30前，只作为前排证据之一；首板/低板位溢价弹性需依赖题材和封板质量；炸板次数1次，可接受但需看承接；换手处于可承接区间；题材/行业热度一般：橡胶；板块内封板排序第3，属于日内前排；图形新高或强势池新高；今日涨停家数尚可；今日炸板率不高，封板环境较好,,炸板样本：不直接判错，单独看炸板质量；大环境：情绪上升，允许适度提高进攻仓位；指数环境：指数上涨；首次封板在10:30前，只作为前排证据之一；首板/低板位溢价弹性需依赖题材和封板质量；炸板次数1次，可接受但需看承接；换手处于可承接区间；题材/行业热度一般：橡胶；板块内封板排序第3，属于日内前排；图形新高或强势池新高；今日涨停家数尚可；今日炸板率不高，封板环境较好,前一交易日本行业涨停样本缺失；同股历史涨停溢价样本不足；龙虎榜未上榜或未匹配；仅可作为盘后缺失项,AKShare/Eastmoney pools + local technical screener + local stock_personality_history/history detail + Eastmoney LHB
2026-09-16,2026-09-17,002218,拓日新能,炸板,0,5.741626739501953,4.42,4.6,984620288.0,15.904111862182617,09:41:12,,1,-0.03913043478260869,电力,4,4,指数上涨,情绪上升,,,0,6,2,2,2,可打但炸板/反包观察,可打但炸板/反包观察,中：需看集合竞价承接,实际无溢价,4.4,4.42,4.29,D:\codex\outputs\a_share_technical_screener\2026-09-17\all_metrics.csv,-0.004524886877827927,0.0,-0.02941176470588236,-0.006524886877827927,True,False,False,False,,,,,,样本不足,2,1,0.5,2,1,0.5,0.012913891560114465,0.06447744892023133,0.5,1,0,0.0,0.0,0.012913891560114465,0.06447744892023133,,2,1.0,0.0,0.012913891560114465,0.012913891560114465,0.06447744892023133,0.03953413826263502,是,2.417335033416748,3.56,6.79,9.41,炸板样本：不直接判错，单独看炸板质量；大环境：情绪上升，允许适度提高进攻仓位；指数环境：指数上涨；首次封板在10:30前，只作为前排证据之一；首板/低板位溢价弹性需依赖题材和封板质量；炸板次数1次，可接受但需看承接；换手处于可承接区间；题材/行业热度一般：电力；板块内封板排序第4，不是日内前排；图形新高或强势池新高；今日涨停家数尚可；今日炸板率不高，封板环境较好,,炸板样本：不直接判错，单独看炸板质量；大环境：情绪上升，允许适度提高进攻仓位；指数环境：指数上涨；首次封板在10:30前，只作为前排证据之一；首板/低板位溢价弹性需依赖题材和封板质量；炸板次数1次，可接受但需看承接；换手处于可承接区间；题材/行业热度一般：电力；板块内封板排序第4，不是日内前排；图形新高或强势池新高；今日涨停家数尚可；今日炸板率不高，封板环境较好,前一交易日本行业涨停样本缺失；同股历史涨停溢价样本不足；龙虎榜未上榜或未匹配；仅可作为盘后缺失项,AKShare/Eastmoney pools + local technical screener + local stock_personality_history/history detail + Eastmoney LHB
2026-09-16,2026-09-17,002222,福晶科技,炸板,0,8.083831787109375,68.59,69.81,2433045600.0,7.688235282897949,11:07:06,,1,-0.017476006302821978,光学光电,2,2,指数上涨,情绪上升,,,0,8,1,1,1,可打但炸板/反包观察,可打但炸板/反包观察,低/可控,实际无溢价,68.34,70.15,68.7,D:\codex\outputs\a_share_technical_screener\2026-09-17\all_metrics.csv,-0.0036448461874908356,0.022743840209943134,0.0016037323224959987,-0.005644846187490836,True,True,False,False,,,,,,样本不足,1,1,1.0,1,1,1.0,0.0,0.04243257172307158,1.0,1,0,0.0,0.0,0.0,0.04243257172307158,,1,0.0,1.0,0.0,0.0,0.04243257172307158,0.023020099639237124,,,4.43,3.88,3.13,炸板样本：不直接判错，单独看炸板质量；大环境：情绪上升，允许适度提高进攻仓位；指数环境：指数上涨；首次封板偏晚，需要板块发酵、股性或大环境确认；首板/低板位溢价弹性需依赖题材和封板质量；炸板次数1次，可接受但需看承接；换手处于可承接区间；成交额较大，具备市场辨识度；题材/行业热度一般：光学光电；板块内封板排序第2，属于日内前排；炸板后收盘距涨停价较近，仍有反包观察价值；今日涨停家数尚可；今日炸板率不高，封板环境较好,,炸板样本：不直接判错，单独看炸板质量；大环境：情绪上升，允许适度提高进攻仓位；指数环境：指数上涨；首次封板偏晚，需要板块发酵、股性或大环境确认；首板/低板位溢价弹性需依赖题材和封板质量；炸板次数1次，可接受但需看承接；换手处于可承接区间；成交额较大，具备市场辨识度；题材/行业热度一般：光学光电；板块内封板排序第2，属于日内前排；炸板后收盘距涨停价较近，仍有反包观察价值；今日涨停家数尚可；今日炸板率不高，封板环境较好,前一交易日本行业涨停样本缺失；同股历史涨停溢价样本不足；龙虎榜未上榜或未匹配；仅可作为盘后缺失项,AKShare/Eastmoney pools + local technical screener + local stock_personality_history/history detail + Eastmoney LHB
2026-09-16,2026-09-17,001306,夏厦精密,炸板,0,3.690178632736206,53.95,57.23,101674759.0,12.072903633117676,13:07:27,,1,-0.05731259828761126,通用设备,3,5,指数上涨,情绪上升,,,0,7,0,0,0,炸板可接受/反包观察,炸板可接受/反包观察,低/可控,实际无溢价,52.0,54.62,53.05,D:\codex\outputs\a_share_technical_screener\2026-09-17\all_metrics.csv,-0.03614457831325302,0.012418906394809914,-0.016682113067655324,-0.03814457831325302,True,True,False,False,,,,,,样本不足,,,,,,,,,,,,,,,,,,,,,,,,,,2.31,0.09,-0.95,炸板样本：不直接判错，单独看炸板质量；大环境：情绪上升，允许适度提高进攻仓位；指数环境：指数上涨；首次封板偏晚，需要板块发酵、股性或大环境确认；首板/低板位溢价弹性需依赖题材和封板质量；炸板次数1次，可接受但需看承接；换手处于可承接区间；所属行业在今日涨停/炸板热度前排：通用设备；板块内封板排序第3，属于日内前排；今日涨停家数尚可；今日炸板率不高，封板环境较好,,炸板样本：不直接判错，单独看炸板质量；大环境：情绪上升，允许适度提高进攻仓位；指数环境：指数上涨；首次封板偏晚，需要板块发酵、股性或大环境确认；首板/低板位溢价弹性需依赖题材和封板质量；炸板次数1次，可接受但需看承接；换手处于可承接区间；所属行业在今日涨停/炸板热度前排：通用设备；板块内封板排序第3，属于日内前排；今日涨停家数尚可；今日炸板率不高，封板环境较好,前一交易日本行业涨停样本缺失；同股历史涨停溢价样本不足；龙虎榜未上榜或未匹配；仅可作为盘后缺失项,AKShare/Eastmoney pools + local technical screener + local stock_personality_history/history detail + Eastmoney LHB
2026-09-16,2026-09-17,603038,华立股份,炸板,0,8.147174835205078,16.46,16.74,208255098.0,4.7586565017700195,13:12:43,,1,-0.016726403823177916,装修建材,2,2,指数上涨,情绪上升,,,0,7,1,1,1,可打但炸板/反包观察,可打但炸板/反包观察,低/可控,实际无溢价,16.46,17.1,16.95,D:\codex\outputs\a_share_technical_screener\2026-09-17\all_metrics.csv,0.0,0.03888213851761857,0.029769137302551485,-0.002,False,True,False,False,,,,,,样本不足,1,0,0.0,1,0,0.0,0.0,0.09229747675962807,0.0,0,0,,,0.0,0.09229747675962807,,1,0.0,1.0,0.0,0.0,0.09229747675962807,0.050464807436918946,,,4.44,2.33,-2.14,炸板样本：不直接判错，单独看炸板质量；大环境：情绪上升，允许适度提高进攻仓位；指数环境：指数上涨；首次封板偏晚，需要板块发酵、股性或大环境确认；首板/低板位溢价弹性需依赖题材和封板质量；炸板次数1次，可接受但需看承接；换手处于可承接区间；题材/行业热度一般：装修建材；板块内封板排序第2，属于日内前排；炸板后收盘距涨停价较近，仍有反包观察价值；今日涨停家数尚可；今日炸板率不高，封板环境较好,,炸板样本：不直接判错，单独看炸板质量；大环境：情绪上升，允许适度提高进攻仓位；指数环境：指数上涨；首次封板偏晚，需要板块发酵、股性或大环境确认；首板/低板位溢价弹性需依赖题材和封板质量；炸板次数1次，可接受但需看承接；换手处于可承接区间；题材/行业热度一般：装修建材；板块内封板排序第2，属于日内前排；炸板后收盘距涨停价较近，仍有反包观察价值；今日涨停家数尚可；今日炸板率不高，封板环境较好,前一交易日本行业涨停样本缺失；同股历史涨停溢价样本不足；龙虎榜未上榜或未匹配；仅可作为盘后缺失项,AKShare/Eastmoney pools + local technical screener + local stock_personality_history/history detail + Eastmoney LHB
2026-09-16,2026-09-17,001211,双枪科技,炸板,0,8.508732795715332,24.23,24.56,167509808.0,7.541831970214844,13:37:36,,1,-0.013436482084690504,家居用品,3,4,指数上涨,情绪上升,,,0,8,0,0,0,可打但炸板/反包观察,可打但炸板/反包观察,低/可控,实际有溢价,25.06,25.14,23.53,D:\codex\outputs\a_share_technical_screener\2026-09-17\all_metrics.csv,0.03425505571605436,0.03755674783326457,-0.028889806025588105,0.03225505571605436,False,True,False,False,,,,,,样本不足,,,,,,,,,,,,,,,,,,,,,,,,,,4.14,2.35,-1.74,炸板样本：不直接判错，单独看炸板质量；大环境：情绪上升，允许适度提高进攻仓位；指数环境：指数上涨；首次封板偏晚，需要板块发酵、股性或大环境确认；首板/低板位溢价弹性需依赖题材和封板质量；炸板次数1次，可接受但需看承接；换手处于可承接区间；所属行业在今日涨停/炸板热度前排：家居用品；板块内封板排序第3，属于日内前排；炸板后收盘距涨停价较近，仍有反包观察价值；今日涨停家数尚可；今日炸板率不高，封板环境较好,,炸板样本：不直接判错，单独看炸板质量；大环境：情绪上升，允许适度提高进攻仓位；指数环境：指数上涨；首次封板偏晚，需要板块发酵、股性或大环境确认；首板/低板位溢价弹性需依赖题材和封板质量；炸板次数1次，可接受但需看承接；换手处于可承接区间；所属行业在今日涨停/炸板热度前排：家居用品；板块内封板排序第3，属于日内前排；炸板后收盘距涨停价较近，仍有反包观察价值；今日涨停家数尚可；今日炸板率不高，封板环境较好,前一交易日本行业涨停样本缺失；同股历史涨停溢价样本不足；龙虎榜未上榜或未匹配；仅可作为盘后缺失项,AKShare/Eastmoney pools + local technical screener + local stock_personality_history/history detail + Eastmoney LHB
2026-09-16,2026-09-17,001288,运机集团,炸板,0,8.495574951171875,30.65,31.08,279075616.0,6.0930657386779785,13:40:39,,2,-0.013835263835263789,专用设备,3,4,指数上涨,情绪上升,,,0,8,1,1,1,可打但炸板/反包观察,可打但炸板/反包观察,低/可控,实际有溢价,30.8,30.9,29.96,D:\codex\outputs\a_share_technical_screener\2026-09-17\all_metrics.csv,0.004893964110930016,0.00815660685154973,-0.022512234910277207,0.0028939641109300158,False,False,False,False,,,,,,样本不足,1,1,1.0,1,1,1.0,0.0,0.035839775122979534,1.0,1,0,0.0,0.0,0.0,0.035839775122979534,,1,0.0,1.0,0.0,0.0,0.035839775122979534,0.03373155305692199,是,3.3539466857910156,4.79,4.29,2.27,炸板样本：不直接判错，单独看炸板质量；大环境：情绪上升，允许适度提高进攻仓位；指数环境：指数上涨；首次封板偏晚，需要板块发酵、股性或大环境确认；首板/低板位溢价弹性需依赖题材和封板质量；炸板次数2次，可接受但需看承接；换手处于可承接区间；题材/行业热度一般：专用设备；板块内封板排序第3，属于日内前排；图形新高或强势池新高；炸板后收盘距涨停价较近，仍有反包观察价值；今日涨停家数尚可；今日炸板率不高，封板环境较好,,炸板样本：不直接判错，单独看炸板质量；大环境：情绪上升，允许适度提高进攻仓位；指数环境：指数上涨；首次封板偏晚，需要板块发酵、股性或大环境确认；首板/低板位溢价弹性需依赖题材和封板质量；炸板次数2次，可接受但需看承接；换手处于可承接区间；题材/行业热度一般：专用设备；板块内封板排序第3，属于日内前排；图形新高或强势池新高；炸板后收盘距涨停价较近，仍有反包观察价值；今日涨停家数尚可；今日炸板率不高，封板环境较好,前一交易日本行业涨停样本缺失；同股历史涨停溢价样本不足；龙虎榜未上榜或未匹配；仅可作为盘后缺失项,AKShare/Eastmoney pools + local technical screener + local stock_personality_history/history detail + Eastmoney LHB
2026-09-16,2026-09-17,600667,太极实业,炸板,0,6.980433464050293,20.23,20.8,7050548224.0,16.986909866333008,13:44:00,,1,-0.027403846153846168,工程咨询,1,1,指数上涨,情绪上升,,,0,8,5,5,5,可打但炸板/反包观察,可打但炸板/反包观察,高：次日无溢价风险高,实际无溢价,19.88,20.89,20.57,D:\codex\outputs\a_share_technical_screener\2026-09-17\all_metrics.csv,-0.01730103806228378,0.032624814631734944,0.01680672268907557,-0.019301038062283782,True,True,False,False,,,,,,A杀血统高,4,1,0.25,4,1,0.25,-0.004577582652791512,0.04002883738710852,0.25,1,1,1.0,1.0,-0.004577582652791512,0.04002883738710852,谨慎可打,4,0.25,0.75,-0.004577582652791512,-0.013513513513513487,0.04002883738710852,0.004294402048940382,,,3.9,8.03,11.4,炸板样本：不直接判错，单独看炸板质量；大环境：情绪上升，允许适度提高进攻仓位；指数环境：指数上涨；首次封板偏晚，需要板块发酵、股性或大环境确认；首板/低板位溢价弹性需依赖题材和封板质量；炸板次数1次，可接受但需看承接；换手处于可承接区间；成交额较大，具备市场辨识度；题材/行业热度一般：工程咨询；板块内封板排序第1，属于日内前排；炸板后收盘距涨停价较近，仍有反包观察价值；今日涨停家数尚可；今日炸板率不高，封板环境较好；三年股性偏弱：涨停样本4，次日开盘有溢价率25.0%，均值-0.5%；A杀血统指数偏高：历史炸板样本1，炸板后A杀率100.0%；A杀血统样本较少，强制退出严格可以打板名单,,炸板样本：不直接判错，单独看炸板质量；大环境：情绪上升，允许适度提高进攻仓位；指数环境：指数上涨；首次封板偏晚，需要板块发酵、股性或大环境确认；首板/低板位溢价弹性需依赖题材和封板质量；炸板次数1次，可接受但需看承接；换手处于可承接区间；成交额较大，具备市场辨识度；题材/行业热度一般：工程咨询；板块内封板排序第1，属于日内前排；炸板后收盘距涨停价较近，仍有反包观察价值；今日涨停家数尚可；今日炸板率不高，封板环境较好；三年股性偏弱：涨停样本4，次日开盘有溢价率25.0%，均值-0.5%；A杀血统指数偏高：历史炸板样本1，炸板后A杀率100.0%；A杀血统样本较少，强制退出严格可以打板名单,前一交易日本行业涨停样本缺失；龙虎榜未上榜或未匹配；仅可作为盘后缺失项,AKShare/Eastmoney pools + local technical screener + local stock_personality_history/history detail + Eastmoney LHB
2026-09-16,2026-09-17,603269,海鸥股份,炸板,0,7.592281818389893,25.65,26.22,984832656.0,9.166970252990723,14:54:25,,1,-0.021739130434782594,通用设备,5,5,指数上涨,情绪上升,,,0,8,1,1,1,可打但炸板/反包观察,可打但炸板/反包观察,低/可控,实际有溢价,26.07,26.42,25.73,D:\codex\outputs\a_share_technical_screener\2026-09-17\all_metrics.csv,0.01637426900584793,0.030019493177388057,0.00311890838206641,0.01437426900584793,False,True,False,False,,,,,,股性偏强,8,8,1.0,8,8,1.0,0.018221282270585268,0.0666643481746916,1.0,8,0,0.0,0.0,0.018221282270585268,0.0666643481746916,,8,0.875,0.125,0.018221282270585268,0.01320258007277575,0.0666643481746916,0.04741491077593288,,,2.84,-1.35,-1.46,炸板样本：不直接判错，单独看炸板质量；大环境：情绪上升，允许适度提高进攻仓位；指数环境：指数上涨；首次封板偏晚，需要板块发酵、股性或大环境确认；首板/低板位溢价弹性需依赖题材和封板质量；炸板次数1次，可接受但需看承接；换手处于可承接区间；所属行业在今日涨停/炸板热度前排：通用设备；板块内封板排序第5，情绪上升期可按后排套利处理；炸板后收盘距涨停价较近，仍有反包观察价值；今日涨停家数尚可；今日炸板率不高，封板环境较好；三年股性偏强：涨停样本8，次日开盘有溢价率87.5%，均值1.8%；历史封板稳定性一般：涨停/炸板样本中未封住比例100.0%,,炸板样本：不直接判错，单独看炸板质量；大环境：情绪上升，允许适度提高进攻仓位；指数环境：指数上涨；首次封板偏晚，需要板块发酵、股性或大环境确认；首板/低板位溢价弹性需依赖题材和封板质量；炸板次数1次，可接受但需看承接；换手处于可承接区间；所属行业在今日涨停/炸板热度前排：通用设备；板块内封板排序第5，情绪上升期可按后排套利处理；炸板后收盘距涨停价较近，仍有反包观察价值；今日涨停家数尚可；今日炸板率不高，封板环境较好；三年股性偏强：涨停样本8，次日开盘有溢价率87.5%，均值1.8%；历史封板稳定性一般：涨停/炸板样本中未封住比例100.0%,前一交易日本行业涨停样本缺失；龙虎榜未上榜或未匹配；仅可作为盘后缺失项,AKShare/Eastmoney pools + local technical screener + local stock_personality_history/history detail + Eastmoney LHB
