trade_date,next_trade_date,code,name,pool_type,board,pct_chg,close,limit_price,amount,turnover,first_seal_time,last_seal_time,break_count,close_vs_limit,industry,industry_board_rank,industry_limitup_count_today,market_index_trend,emotion_stage,prev_industry_open_good_rate,prev_industry_close_good_rate,prev_industry_sample_count,action_score,signal_risk_score,postclose_risk_score,risk_score,board_action_quality,broken_board_quality,next_day_premium_risk,realized_label,next_open,next_high,next_close,outcome_source,open_premium,high_premium,close_return,net_open_return,low_open,rushed_high,continued_limit_up,lhb_listed,lhb_net_buy,institution_net,tracked_seats,buy_concentration,sell_concentration,stock_personality_tag,hist_limitup_count_3y,hist_failed_seal_count_3y,hist_failed_seal_rate_3y,hist_limitup_count_1y,hist_failed_seal_count_1y,hist_broken_board_rate_1y,hist_open_premium_mean_1y,hist_high_premium_mean_1y,hist_broken_board_rate_3y,hist_broken_sample_count_3y,hist_broken_a_kill_count_3y,hist_broken_a_kill_rate_3y,hist_a_kill_bloodline_index,hist_open_premium_mean_3y,hist_high_premium_mean_3y,personality_forced_downgrade,hist_n,hist_open_win_rate,hist_no_premium_rate,hist_avg_open,hist_median_open,hist_avg_high,hist_avg_close,strong_is_new_high,strong_volume_ratio,tech_ma5_dev,tech_ma10_dev,tech_gain5,signal_decision_reason,postclose_risk_reason,decision_reason,data_gaps,data_lineage
2026-09-18,2026-09-21,001376,百通能源,涨停,1,9.991312026977539,12.66,,147380124.0,5.414848804473877,09:25:00,09:25:00,0,,电力,1,4,指数上涨,情绪上升,,,0,10,2,2,2,谨慎可打,,中：需看集合竞价承接,实际有溢价,13.89,13.93,13.93,D:\codex\outputs\a_share_technical_screener\2026-09-21\raw_spot_sina.csv,0.09715639810426535,0.10031595576619279,0.10031595576619279,0.09515639810426535,False,True,True,False,,,,,,股性偏弱,3,1,0.3333333333333333,3,1,0.3333333333333333,-0.0027975523681033434,0.02040192576732162,0.3333333333333333,1,0,0.0,0.0,-0.0027975523681033434,0.02040192576732162,,3,0.3333333333333333,0.6666666666666666,-0.0027975523681033434,-0.0008968609865470656,0.02040192576732162,-0.0028810495167864714,是,0.8642328977584839,7.09,7.38,8.95,收盘封住涨停；大环境：情绪上升，允许适度提高进攻仓位；指数环境：指数上涨；首次封板在10:30前，只作为前排证据之一；首板/低板位溢价弹性需依赖题材和封板质量；未炸板；换手处于可承接区间；题材/行业热度一般：电力；板块内封板排序第1，属于日内前排；图形新高或强势池新高；今日涨停家数尚可；三年股性偏弱：涨停样本3，次日开盘有溢价率33.3%，均值-0.3%；三年股性偏弱，不进入严格可以打板名单,,收盘封住涨停；大环境：情绪上升，允许适度提高进攻仓位；指数环境：指数上涨；首次封板在10:30前，只作为前排证据之一；首板/低板位溢价弹性需依赖题材和封板质量；未炸板；换手处于可承接区间；题材/行业热度一般：电力；板块内封板排序第1，属于日内前排；图形新高或强势池新高；今日涨停家数尚可；三年股性偏弱：涨停样本3，次日开盘有溢价率33.3%，均值-0.3%；三年股性偏弱，不进入严格可以打板名单,前一交易日本行业涨停样本缺失；龙虎榜未上榜或未匹配；仅可作为盘后缺失项,AKShare/Eastmoney pools + local technical screener + local stock_personality_history/history detail + Eastmoney LHB
2026-09-18,2026-09-21,002453,华软科技,涨停,2,10.103093147277832,5.34,,446859296.0,13.440363883972168,09:25:00,10:41:15,1,,化学制品,1,3,指数上涨,情绪上升,,,0,10,-1,1,1,可以打板,,低/可控,实际有溢价,5.85,5.87,5.87,D:\codex\outputs\a_share_technical_screener\2026-09-21\raw_spot_sina.csv,0.09550561797752799,0.09925093632958815,0.09925093632958815,0.09350561797752799,False,True,True,True,-24977635.02,-9750515.0,,0.1835736225359785,0.24952972940212803,样本不足,1,0,0.0,1,0,0.0,,,0.0,0,0,,,,,,0,,,,,,,是,8.599520683288574,14.25,15.68,19.46,收盘封住涨停；大环境：情绪上升，允许适度提高进攻仓位；指数环境：指数上涨；首次封板在10:30前，只作为前排证据之一；2板承接优于普通首板；炸板次数1次，可接受但需看承接；换手处于可承接区间；题材/行业热度一般：化学制品；板块内封板排序第1，属于日内前排；图形新高或强势池新高；今日涨停家数尚可,盘后龙虎榜净卖出0.25亿，次日风险上升；机构净卖出0.10亿,收盘封住涨停；大环境：情绪上升，允许适度提高进攻仓位；指数环境：指数上涨；首次封板在10:30前，只作为前排证据之一；2板承接优于普通首板；炸板次数1次，可接受但需看承接；换手处于可承接区间；题材/行业热度一般：化学制品；板块内封板排序第1，属于日内前排；图形新高或强势池新高；今日涨停家数尚可,前一交易日本行业涨停样本缺失；同股历史涨停溢价样本不足,AKShare/Eastmoney pools + local technical screener + local stock_personality_history/history detail + Eastmoney LHB
2026-09-18,2026-09-21,301390,经纬股份,涨停,2,20.0,54.0,,238877748.0,9.017542839050293,09:25:00,09:25:00,0,,工程咨询,1,1,指数上涨,情绪上升,,,0,12,-1,0,0,可以打板,,低/可控,实际无溢价,51.33,53.49,50.39,D:\codex\outputs\a_share_technical_screener\2026-09-21\raw_spot_sina.csv,-0.04944444444444451,-0.009444444444444366,-0.06685185185185183,-0.051444444444444515,True,True,False,True,-18582588.0,17938800.0,,0.2539826355027426,0.3468492845972409,样本不足,1,0,0.0,1,0,0.0,,,0.0,0,0,,,,,,0,,,,,,,是,2.7711970806121826,28.53,41.42,50.29,收盘封住涨停；大环境：情绪上升，允许适度提高进攻仓位；指数环境：指数上涨；首次封板在10:30前，只作为前排证据之一；2板承接优于普通首板；未炸板；换手处于可承接区间；题材/行业热度一般：工程咨询；板块内封板排序第1，属于日内前排；图形新高或强势池新高；5日涨幅过高，次日兑现风险；今日涨停家数尚可,盘后龙虎榜净卖出0.19亿，次日风险上升；机构净买入0.18亿；卖方集中度明显高于买方,收盘封住涨停；大环境：情绪上升，允许适度提高进攻仓位；指数环境：指数上涨；首次封板在10:30前，只作为前排证据之一；2板承接优于普通首板；未炸板；换手处于可承接区间；题材/行业热度一般：工程咨询；板块内封板排序第1，属于日内前排；图形新高或强势池新高；5日涨幅过高，次日兑现风险；今日涨停家数尚可,前一交易日本行业涨停样本缺失；同股历史涨停溢价样本不足,AKShare/Eastmoney pools + local technical screener + local stock_personality_history/history detail + Eastmoney LHB
2026-09-18,2026-09-21,600448,华纺股份,涨停,2,9.937888145446777,3.54,,170998029.0,7.669580936431885,09:25:01,09:25:01,0,,纺织制造,1,2,指数上涨,情绪上升,,,0,12,-2,1,1,可以打板,,低/可控,实际有溢价,3.8,3.89,3.89,D:\codex\outputs\a_share_technical_screener\2026-09-21\raw_spot_sina.csv,0.0734463276836157,0.09887005649717517,0.09887005649717517,0.0714463276836157,False,True,True,True,-55675146.4,-20285443.6,,0.16774655905753755,0.3071642579224703,样本不足,1,1,1.0,1,1,1.0,,,1.0,1,0,0.0,0.0,,,,0,,,,,,,是,1.7515193223953247,13.97,15.05,18.79,收盘封住涨停；大环境：情绪上升，允许适度提高进攻仓位；指数环境：指数上涨；首次封板在10:30前，只作为前排证据之一；2板承接优于普通首板；未炸板；换手处于可承接区间；题材/行业热度一般：纺织制造；板块内封板排序第1，属于日内前排；图形新高或强势池新高；今日涨停家数尚可,盘后龙虎榜净卖出0.56亿，次日风险上升；机构净卖出0.20亿；卖方集中度明显高于买方,收盘封住涨停；大环境：情绪上升，允许适度提高进攻仓位；指数环境：指数上涨；首次封板在10:30前，只作为前排证据之一；2板承接优于普通首板；未炸板；换手处于可承接区间；题材/行业热度一般：纺织制造；板块内封板排序第1，属于日内前排；图形新高或强势池新高；今日涨停家数尚可,前一交易日本行业涨停样本缺失；同股历史涨停溢价样本不足,AKShare/Eastmoney pools + local technical screener + local stock_personality_history/history detail + Eastmoney LHB
2026-09-18,2026-09-21,603230,内蒙新华,涨停,3,10.040816307067871,13.48,,867115984.0,18.46648406982422,09:25:01,14:13:07,6,,出版,1,2,指数上涨,情绪上升,,,0,9,0,1,1,可以打板,,低/可控,实际有溢价,14.83,14.83,14.83,D:\codex\outputs\a_share_technical_screener\2026-09-21\raw_spot_sina.csv,0.10014836795252213,0.10014836795252213,0.10014836795252213,0.09814836795252213,False,True,True,True,-75368145.94,0.0,松江中山东路:国泰海通证券股份有限公司上海松江区中山东路证券营业部,0.08449013788048172,0.1714083207648206,股性偏强,4,2,0.5,4,2,0.5,0.034610748471382013,0.05173506460858546,0.5,2,0,0.0,0.0,0.034610748471382013,0.05173506460858546,,3,0.6666666666666666,0.3333333333333333,0.034610748471382013,0.014395393474088358,0.05173506460858546,0.029038653990595464,是,5.868433475494385,17.38,25.44,34.13,收盘封住涨停；大环境：情绪上升，允许适度提高进攻仓位；指数环境：指数上涨；首次封板在10:30前，只作为前排证据之一；3板以上有辨识度；炸板次数6次，封板分歧大；题材/行业热度一般：出版；板块内封板排序第1，属于日内前排；图形新高或强势池新高；今日涨停家数尚可；三年股性偏强：涨停样本4，次日开盘有溢价率66.7%，均值3.5%；历史封板稳定性一般：涨停/炸板样本中未封住比例50.0%,盘后龙虎榜净卖出0.75亿，次日风险上升；关注席位上榜：松江中山东路:国泰海通证券股份有限公司上海松江区中山东路证券营业部；卖方集中度明显高于买方,收盘封住涨停；大环境：情绪上升，允许适度提高进攻仓位；指数环境：指数上涨；首次封板在10:30前，只作为前排证据之一；3板以上有辨识度；炸板次数6次，封板分歧大；题材/行业热度一般：出版；板块内封板排序第1，属于日内前排；图形新高或强势池新高；今日涨停家数尚可；三年股性偏强：涨停样本4，次日开盘有溢价率66.7%，均值3.5%；历史封板稳定性一般：涨停/炸板样本中未封住比例50.0%,前一交易日本行业涨停样本缺失,AKShare/Eastmoney pools + local technical screener + local stock_personality_history/history detail + Eastmoney LHB
2026-09-18,2026-09-21,603686,福龙马,涨停,1,10.028449058532715,15.47,,347757856.0,5.411704063415527,09:30:02,09:30:02,0,,环境治理,1,2,指数上涨,情绪上升,,,0,10,-1,-1,-1,可以打板,,低/可控,实际有溢价,16.85,16.85,15.22,D:\codex\outputs\a_share_technical_screener\2026-09-21\raw_spot_sina.csv,0.08920491273432463,0.08920491273432463,-0.01616031027795739,0.08720491273432462,False,True,False,False,,,,,,样本不足,,,,,,,,,,,,,,,,,,,,,,,,是,0.5318520665168762,8.68,11.78,18.91,收盘封住涨停；大环境：情绪上升，允许适度提高进攻仓位；指数环境：指数上涨；首次封板在10:30前，只作为前排证据之一；首板/低板位溢价弹性需依赖题材和封板质量；未炸板；换手处于可承接区间；题材/行业热度一般：环境治理；板块内封板排序第1，属于日内前排；图形新高或强势池新高；今日涨停家数尚可,,收盘封住涨停；大环境：情绪上升，允许适度提高进攻仓位；指数环境：指数上涨；首次封板在10:30前，只作为前排证据之一；首板/低板位溢价弹性需依赖题材和封板质量；未炸板；换手处于可承接区间；题材/行业热度一般：环境治理；板块内封板排序第1，属于日内前排；图形新高或强势池新高；今日涨停家数尚可,前一交易日本行业涨停样本缺失；同股历史涨停溢价样本不足；龙虎榜未上榜或未匹配；仅可作为盘后缺失项,AKShare/Eastmoney pools + local technical screener + local stock_personality_history/history detail + Eastmoney LHB
2026-09-18,2026-09-21,000504,南华生物,涨停,2,10.0,10.01,,187856694.0,5.747257232666016,09:30:09,09:31:39,1,,医疗服务,1,5,指数上涨,情绪上升,,,0,11,-2,-2,-2,可以打板,,低/可控,实际有溢价,11.01,11.01,11.01,D:\codex\outputs\a_share_technical_screener\2026-09-21\raw_spot_sina.csv,0.09990009990009985,0.09990009990009985,0.09990009990009985,0.09790009990009985,False,True,True,False,,,,,,样本不足,1,1,1.0,1,1,1.0,,,1.0,1,0,0.0,0.0,,,,0,,,,,,,是,3.1725409030914307,12.9,14.64,20.31,收盘封住涨停；大环境：情绪上升，允许适度提高进攻仓位；指数环境：指数上涨；首次封板在10:30前，只作为前排证据之一；2板承接优于普通首板；炸板次数1次，可接受但需看承接；换手处于可承接区间；所属行业在今日涨停/炸板热度前排：医疗服务；板块内封板排序第1，属于日内前排；图形新高或强势池新高；今日涨停家数尚可,,收盘封住涨停；大环境：情绪上升，允许适度提高进攻仓位；指数环境：指数上涨；首次封板在10:30前，只作为前排证据之一；2板承接优于普通首板；炸板次数1次，可接受但需看承接；换手处于可承接区间；所属行业在今日涨停/炸板热度前排：医疗服务；板块内封板排序第1，属于日内前排；图形新高或强势池新高；今日涨停家数尚可,前一交易日本行业涨停样本缺失；同股历史涨停溢价样本不足；龙虎榜未上榜或未匹配；仅可作为盘后缺失项,AKShare/Eastmoney pools + local technical screener + local stock_personality_history/history detail + Eastmoney LHB
2026-09-18,2026-09-21,001216,华瓷股份,涨停,4,10.01006031036377,21.87,,496116528.0,9.296019554138184,09:30:09,09:56:39,1,,家居用品,1,5,指数上涨,情绪上升,,,0,12,-2,-2,-2,可以打板,,低/可控,实际有溢价,24.06,24.06,24.06,D:\codex\outputs\a_share_technical_screener\2026-09-21\raw_spot_sina.csv,0.10013717421124824,0.10013717421124824,0.10013717421124824,0.09813717421124823,False,True,True,False,,,,,,样本不足,3,0,0.0,3,0,0.0,0.07858328721638075,0.10016602102933025,0.0,0,0,,,0.07858328721638075,0.10016602102933025,,1,1.0,0.0,0.07858328721638075,0.07858328721638075,0.10016602102933025,0.10016602102933025,是,2.8161230087280273,19.91,32.24,50.21,收盘封住涨停；大环境：情绪上升，允许适度提高进攻仓位；指数环境：指数上涨；首次封板在10:30前，只作为前排证据之一；3板以上有辨识度；炸板次数1次，可接受但需看承接；换手处于可承接区间；所属行业在今日涨停/炸板热度前排：家居用品；板块内封板排序第1，属于日内前排；图形新高或强势池新高；5日涨幅过高，次日兑现风险；今日涨停家数尚可,,收盘封住涨停；大环境：情绪上升，允许适度提高进攻仓位；指数环境：指数上涨；首次封板在10:30前，只作为前排证据之一；3板以上有辨识度；炸板次数1次，可接受但需看承接；换手处于可承接区间；所属行业在今日涨停/炸板热度前排：家居用品；板块内封板排序第1，属于日内前排；图形新高或强势池新高；5日涨幅过高，次日兑现风险；今日涨停家数尚可,前一交易日本行业涨停样本缺失；同股历史涨停溢价样本不足；龙虎榜未上榜或未匹配；仅可作为盘后缺失项,AKShare/Eastmoney pools + local technical screener + local stock_personality_history/history detail + Eastmoney LHB
2026-09-18,2026-09-21,600630,龙头股份,涨停,2,9.94694995880127,8.29,,327029680.0,9.330074310302734,09:30:23,09:34:11,1,,服装家纺,1,4,指数上涨,情绪上升,,,0,9,-1,-2,-2,可以打板,,低/可控,实际有溢价,9.12,9.12,9.12,D:\codex\outputs\a_share_technical_screener\2026-09-21\raw_spot_sina.csv,0.10012062726176119,0.10012062726176119,0.10012062726176119,0.09812062726176118,False,True,True,True,26612659.16,0.0,,0.14095253323581608,0.10030236260021294,样本不足,1,1,1.0,1,1,1.0,,,1.0,1,0,0.0,0.0,,,,0,,,,,,,否,2.653162956237793,13.75,15.03,18.77,收盘封住涨停；大环境：情绪上升，允许适度提高进攻仓位；指数环境：指数上涨；首次封板在10:30前，只作为前排证据之一；2板承接优于普通首板；炸板次数1次，可接受但需看承接；换手处于可承接区间；题材/行业热度一般：服装家纺；板块内封板排序第1，属于日内前排；今日涨停家数尚可,盘后龙虎榜净买入0.27亿，可改善次日风险,收盘封住涨停；大环境：情绪上升，允许适度提高进攻仓位；指数环境：指数上涨；首次封板在10:30前，只作为前排证据之一；2板承接优于普通首板；炸板次数1次，可接受但需看承接；换手处于可承接区间；题材/行业热度一般：服装家纺；板块内封板排序第1，属于日内前排；今日涨停家数尚可,前一交易日本行业涨停样本缺失；同股历史涨停溢价样本不足,AKShare/Eastmoney pools + local technical screener + local stock_personality_history/history detail + Eastmoney LHB
2026-09-18,2026-09-21,603248,锡华科技,涨停,4,9.982094764709473,24.57,,564540096.0,33.2144660949707,09:30:58,09:52:55,1,,风电设备,1,2,指数上涨,情绪上升,,,0,10,0,-1,-1,可以打板,,低/可控,实际有溢价,25.68,26.49,24.25,D:\codex\outputs\a_share_technical_screener\2026-09-21\raw_spot_sina.csv,0.04517704517704524,0.07814407814407809,-0.013024013024013015,0.04317704517704524,False,True,False,True,107177109.92,0.0,,0.2849406041537823,0.13360376597153598,样本不足,3,2,0.6666666666666666,3,2,0.6666666666666666,-0.03692762186115217,0.09995076317085183,0.6666666666666666,2,0,0.0,0.0,-0.03692762186115217,0.09995076317085183,,1,0.0,1.0,-0.03692762186115217,-0.03692762186115217,0.09995076317085183,0.09995076317085183,是,2.695836305618286,19.9,30.01,46.42,收盘封住涨停；大环境：情绪上升，允许适度提高进攻仓位；指数环境：指数上涨；首次封板在10:30前，只作为前排证据之一；3板以上有辨识度；炸板次数1次，可接受但需看承接；换手过高，次日抛压风险上升；题材/行业热度一般：风电设备；板块内封板排序第1，属于日内前排；图形新高或强势池新高；5日涨幅过高，次日兑现风险；今日涨停家数尚可,盘后龙虎榜净买入1.07亿，可改善次日风险,收盘封住涨停；大环境：情绪上升，允许适度提高进攻仓位；指数环境：指数上涨；首次封板在10:30前，只作为前排证据之一；3板以上有辨识度；炸板次数1次，可接受但需看承接；换手过高，次日抛压风险上升；题材/行业热度一般：风电设备；板块内封板排序第1，属于日内前排；图形新高或强势池新高；5日涨幅过高，次日兑现风险；今日涨停家数尚可,前一交易日本行业涨停样本缺失；同股历史涨停溢价样本不足,AKShare/Eastmoney pools + local technical screener + local stock_personality_history/history detail + Eastmoney LHB
2026-09-18,2026-09-21,603626,科森科技,涨停,2,10.0046968460083,23.42,,1564890480.0,12.178646087646484,09:31:41,11:05:17,5,,消费电子,1,1,指数上涨,情绪上升,,,0,9,4,4,4,不能打板,,高：次日无溢价风险高,实际无溢价,23.05,23.65,23.35,D:\codex\outputs\a_share_technical_screener\2026-09-21\raw_spot_sina.csv,-0.01579846285226305,0.009820666097352548,-0.002988898377455196,-0.017798462852263053,True,True,False,True,161180055.52,-54069754.0,松江中山东路:国泰海通证券股份有限公司上海松江区中山东路证券营业部,0.16590648054681092,0.09546570442531013,A杀血统高,6,5,0.8333333333333334,6,5,0.8333333333333334,0.007153059321763045,0.047977481820995996,0.8333333333333334,5,2,0.4,0.4,0.007153059321763045,0.047977481820995996,禁止打板,5,0.4,0.6,0.007153059321763045,0.0,0.047977481820995996,0.010945033119488624,是,1.7288830280303955,13.81,16.15,29.11,收盘封住涨停；大环境：情绪上升，允许适度提高进攻仓位；指数环境：指数上涨；首次封板在10:30前，只作为前排证据之一；2板承接优于普通首板；炸板次数5次，封板稳定性一般；换手处于可承接区间；题材/行业热度一般：消费电子；板块内封板排序第1，属于日内前排；图形新高或强势池新高；今日涨停家数尚可；三年股性中性：涨停样本6，次日开盘有溢价率40.0%；历史封板稳定性一般：涨停/炸板样本中未封住比例83.3%；A杀血统指数偏高：历史炸板样本5，炸板后A杀率40.0%；历史炸板A杀率>30%，按股性记忆强制禁止打板,盘后龙虎榜净买入1.61亿，可改善次日风险；机构净卖出0.54亿；关注席位上榜：松江中山东路:国泰海通证券股份有限公司上海松江区中山东路证券营业部,收盘封住涨停；大环境：情绪上升，允许适度提高进攻仓位；指数环境：指数上涨；首次封板在10:30前，只作为前排证据之一；2板承接优于普通首板；炸板次数5次，封板稳定性一般；换手处于可承接区间；题材/行业热度一般：消费电子；板块内封板排序第1，属于日内前排；图形新高或强势池新高；今日涨停家数尚可；三年股性中性：涨停样本6，次日开盘有溢价率40.0%；历史封板稳定性一般：涨停/炸板样本中未封住比例83.3%；A杀血统指数偏高：历史炸板样本5，炸板后A杀率40.0%；历史炸板A杀率>30%，按股性记忆强制禁止打板,前一交易日本行业涨停样本缺失,AKShare/Eastmoney pools + local technical screener + local stock_personality_history/history detail + Eastmoney LHB
2026-09-18,2026-09-21,001233,海安集团,涨停,1,9.990346908569336,45.58,,147176213.0,8.610479354858398,09:32:39,09:41:48,3,,汽车零部,1,2,指数上涨,情绪上升,,,0,6,1,1,1,谨慎可打,,低/可控,实际有溢价,46.76,49.96,48.97,D:\codex\outputs\a_share_technical_screener\2026-09-21\raw_spot_sina.csv,0.025888547608600154,0.09609477841158398,0.07437472575691095,0.023888547608600152,False,True,False,False,,,,,,样本不足,,,,,,,,,,,,,,,,,,,,,,,,,,7.6,6.45,8.68,收盘封住涨停；大环境：情绪上升，允许适度提高进攻仓位；指数环境：指数上涨；首次封板在10:30前，只作为前排证据之一；首板/低板位溢价弹性需依赖题材和封板质量；炸板次数3次，封板稳定性一般；换手处于可承接区间；题材/行业热度一般：汽车零部；板块内封板排序第1，属于日内前排；今日涨停家数尚可,,收盘封住涨停；大环境：情绪上升，允许适度提高进攻仓位；指数环境：指数上涨；首次封板在10:30前，只作为前排证据之一；首板/低板位溢价弹性需依赖题材和封板质量；炸板次数3次，封板稳定性一般；换手处于可承接区间；题材/行业热度一般：汽车零部；板块内封板排序第1，属于日内前排；今日涨停家数尚可,前一交易日本行业涨停样本缺失；同股历史涨停溢价样本不足；龙虎榜未上榜或未匹配；仅可作为盘后缺失项,AKShare/Eastmoney pools + local technical screener + local stock_personality_history/history detail + Eastmoney LHB
2026-09-18,2026-09-21,002298,中电鑫龙,涨停,1,10.024450302124023,9.0,,412507184.0,6.945181369781494,09:33:36,09:33:54,1,,电网设备,1,6,指数上涨,情绪上升,,,0,9,-1,-1,-1,可以打板,,低/可控,实际有溢价,9.18,9.6,9.2,D:\codex\outputs\a_share_technical_screener\2026-09-21\raw_spot_sina.csv,0.020000000000000018,0.06666666666666665,0.022222222222222143,0.018000000000000016,False,True,False,False,,,,,,股性偏强,4,2,0.5,4,2,0.5,0.020937896643724058,0.06033770846577047,0.5,2,0,0.0,0.0,0.020937896643724058,0.06033770846577047,,4,0.75,0.25,0.020937896643724058,0.02167819532716897,0.06033770846577047,0.031189938592610517,,,5.71,6.79,6.64,收盘封住涨停；大环境：情绪上升，允许适度提高进攻仓位；指数环境：指数上涨；首次封板在10:30前，只作为前排证据之一；首板/低板位溢价弹性需依赖题材和封板质量；炸板次数1次，可接受但需看承接；换手处于可承接区间；所属行业在今日涨停/炸板热度前排：电网设备；板块内封板排序第1，属于日内前排；今日涨停家数尚可；三年股性偏强：涨停样本4，次日开盘有溢价率75.0%，均值2.1%；历史封板稳定性一般：涨停/炸板样本中未封住比例50.0%,,收盘封住涨停；大环境：情绪上升，允许适度提高进攻仓位；指数环境：指数上涨；首次封板在10:30前，只作为前排证据之一；首板/低板位溢价弹性需依赖题材和封板质量；炸板次数1次，可接受但需看承接；换手处于可承接区间；所属行业在今日涨停/炸板热度前排：电网设备；板块内封板排序第1，属于日内前排；今日涨停家数尚可；三年股性偏强：涨停样本4，次日开盘有溢价率75.0%，均值2.1%；历史封板稳定性一般：涨停/炸板样本中未封住比例50.0%,前一交易日本行业涨停样本缺失；龙虎榜未上榜或未匹配；仅可作为盘后缺失项,AKShare/Eastmoney pools + local technical screener + local stock_personality_history/history detail + Eastmoney LHB
2026-09-18,2026-09-21,002836,新宏泽,涨停,2,9.963099479675293,11.92,,148224485.0,5.49567174911499,09:34:00,09:36:33,2,,包装印刷,1,2,指数上涨,情绪上升,,,0,10,-1,1,1,可以打板,,低/可控,实际有溢价,12.93,13.1,11.98,D:\codex\outputs\a_share_technical_screener\2026-09-21\raw_spot_sina.csv,0.08473154362416113,0.09899328859060397,0.005033557046979942,0.08273154362416113,False,True,False,True,-4738947.16,-38122009.08,,0.23615453399833503,0.27568918628971034,样本不足,1,0,0.0,1,0,0.0,,,0.0,0,0,,,,,,0,,,,,,,是,2.7419748306274414,14.77,15.25,19.8,收盘封住涨停；大环境：情绪上升，允许适度提高进攻仓位；指数环境：指数上涨；首次封板在10:30前，只作为前排证据之一；2板承接优于普通首板；炸板次数2次，可接受但需看承接；换手处于可承接区间；题材/行业热度一般：包装印刷；板块内封板排序第1，属于日内前排；图形新高或强势池新高；今日涨停家数尚可,盘后龙虎榜净卖出0.05亿，次日风险上升；机构净卖出0.38亿,收盘封住涨停；大环境：情绪上升，允许适度提高进攻仓位；指数环境：指数上涨；首次封板在10:30前，只作为前排证据之一；2板承接优于普通首板；炸板次数2次，可接受但需看承接；换手处于可承接区间；题材/行业热度一般：包装印刷；板块内封板排序第1，属于日内前排；图形新高或强势池新高；今日涨停家数尚可,前一交易日本行业涨停样本缺失；同股历史涨停溢价样本不足,AKShare/Eastmoney pools + local technical screener + local stock_personality_history/history detail + Eastmoney LHB
2026-09-18,2026-09-21,600640,国脉文化,涨停,1,10.03649616241455,12.06,,282017296.0,3.0165693759918213,09:35:00,10:12:51,1,,广告营销,1,1,指数上涨,情绪上升,,,0,8,0,-1,-1,可以打板,,低/可控,实际有溢价,12.8,13.2,12.54,D:\codex\outputs\a_share_technical_screener\2026-09-21\raw_spot_sina.csv,0.06135986733001664,0.0945273631840795,0.03980099502487544,0.059359867330016636,False,True,False,True,63644170.67,0.0,,0.3659156220992582,0.1402409206076267,样本不足,,,,,,,,,,,,,,,,,,,,,,,,是,4.200845241546631,9.7,9.23,11.15,收盘封住涨停；大环境：情绪上升，允许适度提高进攻仓位；指数环境：指数上涨；首次封板在10:30前，只作为前排证据之一；首板/低板位溢价弹性需依赖题材和封板质量；炸板次数1次，可接受但需看承接；换手处于可承接区间；题材/行业热度一般：广告营销；板块内封板排序第1，属于日内前排；图形新高或强势池新高；今日涨停家数尚可,盘后龙虎榜净买入0.64亿，可改善次日风险,收盘封住涨停；大环境：情绪上升，允许适度提高进攻仓位；指数环境：指数上涨；首次封板在10:30前，只作为前排证据之一；首板/低板位溢价弹性需依赖题材和封板质量；炸板次数1次，可接受但需看承接；换手处于可承接区间；题材/行业热度一般：广告营销；板块内封板排序第1，属于日内前排；图形新高或强势池新高；今日涨停家数尚可,前一交易日本行业涨停样本缺失；同股历史涨停溢价样本不足,AKShare/Eastmoney pools + local technical screener + local stock_personality_history/history detail + Eastmoney LHB
2026-09-18,2026-09-21,002589,瑞康医药,涨停,1,10.1010103225708,3.27,,314027440.0,7.116412162780762,09:35:03,09:35:03,0,,医药商业,1,1,指数上涨,情绪上升,,,0,9,0,0,0,可以打板,,低/可控,实际有溢价,3.36,3.6,3.6,D:\codex\outputs\a_share_technical_screener\2026-09-21\raw_spot_sina.csv,0.02752293577981657,0.10091743119266061,0.10091743119266061,0.02552293577981657,False,True,True,False,,,,,,股性中性,5,3,0.6,5,3,0.6,0.001149795400198217,0.05008048479975349,0.6,3,0,0.0,0.0,0.001149795400198217,0.05008048479975349,,5,0.4,0.6,0.001149795400198217,-0.0028571428571427804,0.05008048479975349,0.011894482558762576,,,7.14,4.44,7.21,收盘封住涨停；大环境：情绪上升，允许适度提高进攻仓位；指数环境：指数上涨；首次封板在10:30前，只作为前排证据之一；首板/低板位溢价弹性需依赖题材和封板质量；未炸板；换手处于可承接区间；题材/行业热度一般：医药商业；板块内封板排序第1，属于日内前排；今日涨停家数尚可；三年股性中性：涨停样本5，次日开盘有溢价率40.0%；历史封板稳定性一般：涨停/炸板样本中未封住比例60.0%,,收盘封住涨停；大环境：情绪上升，允许适度提高进攻仓位；指数环境：指数上涨；首次封板在10:30前，只作为前排证据之一；首板/低板位溢价弹性需依赖题材和封板质量；未炸板；换手处于可承接区间；题材/行业热度一般：医药商业；板块内封板排序第1，属于日内前排；今日涨停家数尚可；三年股性中性：涨停样本5，次日开盘有溢价率40.0%；历史封板稳定性一般：涨停/炸板样本中未封住比例60.0%,前一交易日本行业涨停样本缺失；龙虎榜未上榜或未匹配；仅可作为盘后缺失项,AKShare/Eastmoney pools + local technical screener + local stock_personality_history/history detail + Eastmoney LHB
2026-09-18,2026-09-21,002285,世联行,涨停,3,9.885931968688965,2.89,,711357808.0,12.889113426208496,09:35:15,13:25:06,1,,房地产服,1,1,指数上涨,情绪上升,,,0,11,2,2,2,谨慎可打,,中：需看集合竞价承接,实际无溢价,2.87,3.18,3.18,D:\codex\outputs\a_share_technical_screener\2026-09-21\raw_spot_sina.csv,-0.00692041522491349,0.10034602076124566,0.10034602076124566,-0.00892041522491349,True,True,True,False,,,,,,股性偏弱,5,5,1.0,5,5,1.0,0.004183221359548017,0.03437662983359313,1.0,5,1,0.2,0.2,0.004183221359548017,0.03437662983359313,,4,0.25,0.75,0.004183221359548017,-0.012448132780082999,0.03437662983359313,0.006514640071687394,是,2.7575011253356934,17.19,18.54,28.44,收盘封住涨停；大环境：情绪上升，允许适度提高进攻仓位；指数环境：指数上涨；首次封板在10:30前，只作为前排证据之一；3板以上有辨识度；炸板次数1次，可接受但需看承接；换手处于可承接区间；题材/行业热度一般：房地产服；板块内封板排序第1，属于日内前排；图形新高或强势池新高；今日涨停家数尚可；三年股性偏弱：涨停样本5，次日开盘有溢价率25.0%，均值0.4%；历史封板稳定性一般：涨停/炸板样本中未封住比例100.0%；三年股性偏弱，不进入严格可以打板名单,,收盘封住涨停；大环境：情绪上升，允许适度提高进攻仓位；指数环境：指数上涨；首次封板在10:30前，只作为前排证据之一；3板以上有辨识度；炸板次数1次，可接受但需看承接；换手处于可承接区间；题材/行业热度一般：房地产服；板块内封板排序第1，属于日内前排；图形新高或强势池新高；今日涨停家数尚可；三年股性偏弱：涨停样本5，次日开盘有溢价率25.0%，均值0.4%；历史封板稳定性一般：涨停/炸板样本中未封住比例100.0%；三年股性偏弱，不进入严格可以打板名单,前一交易日本行业涨停样本缺失；龙虎榜未上榜或未匹配；仅可作为盘后缺失项,AKShare/Eastmoney pools + local technical screener + local stock_personality_history/history detail + Eastmoney LHB
2026-09-18,2026-09-21,001317,三羊马,涨停,1,10.010090827941895,54.51,,201271270.0,4.4138641357421875,09:35:42,09:35:42,0,,铁路公路,1,1,指数上涨,情绪上升,,,0,9,-1,-1,-1,可以打板,,低/可控,实际有溢价,56.03,59.96,59.96,D:\codex\outputs\a_share_technical_screener\2026-09-21\raw_spot_sina.csv,0.027884791781324525,0.09998165474224918,0.09998165474224918,0.025884791781324523,False,True,True,False,,,,,,样本不足,1,0,0.0,1,0,0.0,0.007527504342790925,0.06137811233352641,0.0,0,0,,,0.007527504342790925,0.06137811233352641,,1,1.0,0.0,0.007527504342790925,0.007527504342790925,0.06137811233352641,-0.0015441034549316113,,,9.88,7.48,10.5,收盘封住涨停；大环境：情绪上升，允许适度提高进攻仓位；指数环境：指数上涨；首次封板在10:30前，只作为前排证据之一；首板/低板位溢价弹性需依赖题材和封板质量；未炸板；换手处于可承接区间；题材/行业热度一般：铁路公路；板块内封板排序第1，属于日内前排；今日涨停家数尚可,,收盘封住涨停；大环境：情绪上升，允许适度提高进攻仓位；指数环境：指数上涨；首次封板在10:30前，只作为前排证据之一；首板/低板位溢价弹性需依赖题材和封板质量；未炸板；换手处于可承接区间；题材/行业热度一般：铁路公路；板块内封板排序第1，属于日内前排；今日涨停家数尚可,前一交易日本行业涨停样本缺失；同股历史涨停溢价样本不足；龙虎榜未上榜或未匹配；仅可作为盘后缺失项,AKShare/Eastmoney pools + local technical screener + local stock_personality_history/history detail + Eastmoney LHB
2026-09-18,2026-09-21,000910,大亚圣象,涨停,1,10.058026313781738,5.69,,59706498.0,1.9483506679534912,09:37:33,09:38:03,1,,家居用品,2,5,指数上涨,情绪上升,,,0,7,0,0,0,谨慎可打,,低/可控,实际有溢价,6.0,6.26,6.26,D:\codex\outputs\a_share_technical_screener\2026-09-21\raw_spot_sina.csv,0.054481546572934914,0.10017574692442865,0.10017574692442865,0.05248154657293491,False,True,True,False,,,,,,样本不足,,,,,,,,,,,,,,,,,,,,,,,,是,2.310438871383667,7.85,6.69,9.21,收盘封住涨停；大环境：情绪上升，允许适度提高进攻仓位；指数环境：指数上涨；首次封板在10:30前，只作为前排证据之一；首板/低板位溢价弹性需依赖题材和封板质量；炸板次数1次，可接受但需看承接；成交额过低，容量和滑点风险高；所属行业在今日涨停/炸板热度前排：家居用品；板块内封板排序第2，属于日内前排；图形新高或强势池新高；今日涨停家数尚可,,收盘封住涨停；大环境：情绪上升，允许适度提高进攻仓位；指数环境：指数上涨；首次封板在10:30前，只作为前排证据之一；首板/低板位溢价弹性需依赖题材和封板质量；炸板次数1次，可接受但需看承接；成交额过低，容量和滑点风险高；所属行业在今日涨停/炸板热度前排：家居用品；板块内封板排序第2，属于日内前排；图形新高或强势池新高；今日涨停家数尚可,前一交易日本行业涨停样本缺失；同股历史涨停溢价样本不足；龙虎榜未上榜或未匹配；仅可作为盘后缺失项,AKShare/Eastmoney pools + local technical screener + local stock_personality_history/history detail + Eastmoney LHB
2026-09-18,2026-09-21,002134,天津普林,涨停,1,9.983766555786133,27.1,,883303696.0,13.354762077331543,09:38:27,10:27:45,5,,元件,1,1,指数上涨,情绪上升,,,0,6,1,1,1,谨慎可打,,低/可控,实际有溢价,27.57,27.59,26.72,D:\codex\outputs\a_share_technical_screener\2026-09-21\raw_spot_sina.csv,0.017343173431734193,0.018081180811807984,-0.014022140221402357,0.015343173431734193,False,False,False,False,,,,,,样本不足,2,1,0.5,2,1,0.5,-0.0015629825641605422,0.019301851097119016,0.5,1,0,0.0,0.0,-0.0015629825641605422,0.019301851097119016,,2,0.5,0.5,-0.0015629825641605422,-0.0015629825641605422,0.019301851097119016,-0.02006215091079505,,,7.95,14.1,16.71,收盘封住涨停；大环境：情绪上升，允许适度提高进攻仓位；指数环境：指数上涨；首次封板在10:30前，只作为前排证据之一；首板/低板位溢价弹性需依赖题材和封板质量；炸板次数5次，封板稳定性一般；换手处于可承接区间；题材/行业热度一般：元件；板块内封板排序第1，属于日内前排；今日涨停家数尚可,,收盘封住涨停；大环境：情绪上升，允许适度提高进攻仓位；指数环境：指数上涨；首次封板在10:30前，只作为前排证据之一；首板/低板位溢价弹性需依赖题材和封板质量；炸板次数5次，封板稳定性一般；换手处于可承接区间；题材/行业热度一般：元件；板块内封板排序第1，属于日内前排；今日涨停家数尚可,前一交易日本行业涨停样本缺失；同股历史涨停溢价样本不足；龙虎榜未上榜或未匹配；仅可作为盘后缺失项,AKShare/Eastmoney pools + local technical screener + local stock_personality_history/history detail + Eastmoney LHB
2026-09-18,2026-09-21,603120,肯特催化,涨停,1,9.994426727294922,59.21,,336039808.0,15.126148223876953,09:38:41,09:48:53,2,,化学制品,2,3,指数上涨,情绪上升,,,0,8,0,0,0,可以打板,,低/可控,实际有溢价,60.43,65.08,61.99,D:\codex\outputs\a_share_technical_screener\2026-09-21\raw_spot_sina.csv,0.020604627596689795,0.09913865901030228,0.046951528458030856,0.018604627596689793,False,True,False,False,,,,,,样本不足,1,0,0.0,1,0,0.0,-0.0067069081153587895,0.017214397496087663,0.0,0,0,,,-0.0067069081153587895,0.017214397496087663,,1,0.0,1.0,-0.0067069081153587895,-0.0067069081153587895,0.017214397496087663,-0.005589090096132399,,,10.13,14.1,20.32,收盘封住涨停；大环境：情绪上升，允许适度提高进攻仓位；指数环境：指数上涨；首次封板在10:30前，只作为前排证据之一；首板/低板位溢价弹性需依赖题材和封板质量；炸板次数2次，可接受但需看承接；换手处于可承接区间；题材/行业热度一般：化学制品；板块内封板排序第2，属于日内前排；接近年/三年高点，图形有辨识度；今日涨停家数尚可,,收盘封住涨停；大环境：情绪上升，允许适度提高进攻仓位；指数环境：指数上涨；首次封板在10:30前，只作为前排证据之一；首板/低板位溢价弹性需依赖题材和封板质量；炸板次数2次，可接受但需看承接；换手处于可承接区间；题材/行业热度一般：化学制品；板块内封板排序第2，属于日内前排；接近年/三年高点，图形有辨识度；今日涨停家数尚可,前一交易日本行业涨停样本缺失；同股历史涨停溢价样本不足；龙虎榜未上榜或未匹配；仅可作为盘后缺失项,AKShare/Eastmoney pools + local technical screener + local stock_personality_history/history detail + Eastmoney LHB
2026-09-18,2026-09-21,603316,诚邦股份,涨停,1,10.019776344299316,16.69,,673294240.0,15.49608325958252,09:39:14,10:06:05,3,,半导体,2,7,指数上涨,情绪上升,,,0,7,2,2,2,谨慎可打,,中：需看集合竞价承接,实际有溢价,17.46,18.36,18.36,D:\codex\outputs\a_share_technical_screener\2026-09-21\raw_spot_sina.csv,0.046135410425404366,0.10005991611743537,0.10005991611743537,0.044135410425404364,False,True,True,False,,,,,,股性偏弱,3,2,0.6666666666666666,3,2,0.6666666666666666,-0.014596957148659643,0.001623254189539014,0.6666666666666666,2,0,0.0,0.0,-0.014596957148659643,0.001623254189539014,,3,0.3333333333333333,0.6666666666666666,-0.014596957148659643,-0.012668250197941378,0.001623254189539014,-0.027670144470832825,,,6.67,9.97,8.87,收盘封住涨停；大环境：情绪上升，允许适度提高进攻仓位；指数环境：指数上涨；首次封板在10:30前，只作为前排证据之一；首板/低板位溢价弹性需依赖题材和封板质量；炸板次数3次，封板稳定性一般；换手处于可承接区间；所属行业在今日涨停/炸板热度前排：半导体；板块内封板排序第2，属于日内前排；今日涨停家数尚可；三年股性偏弱：涨停样本3，次日开盘有溢价率33.3%，均值-1.5%；历史封板稳定性一般：涨停/炸板样本中未封住比例66.7%,,收盘封住涨停；大环境：情绪上升，允许适度提高进攻仓位；指数环境：指数上涨；首次封板在10:30前，只作为前排证据之一；首板/低板位溢价弹性需依赖题材和封板质量；炸板次数3次，封板稳定性一般；换手处于可承接区间；所属行业在今日涨停/炸板热度前排：半导体；板块内封板排序第2，属于日内前排；今日涨停家数尚可；三年股性偏弱：涨停样本3，次日开盘有溢价率33.3%，均值-1.5%；历史封板稳定性一般：涨停/炸板样本中未封住比例66.7%,前一交易日本行业涨停样本缺失；龙虎榜未上榜或未匹配；仅可作为盘后缺失项,AKShare/Eastmoney pools + local technical screener + local stock_personality_history/history detail + Eastmoney LHB
2026-09-18,2026-09-21,603138,海量数据,涨停,1,10.035335540771484,15.57,,377860960.0,8.58446979522705,09:40:57,09:41:42,1,,IT服务Ⅱ,1,1,指数上涨,情绪上升,,,0,7,4,4,4,不能打板,,高：次日无溢价风险高,实际有溢价,15.99,16.3,15.74,D:\codex\outputs\a_share_technical_screener\2026-09-21\raw_spot_sina.csv,0.026974951830443183,0.04688503532434174,0.010918432883750828,0.02497495183044318,False,True,False,False,,,,,,A杀血统高,3,3,1.0,3,3,1.0,-0.014395933148885431,0.04086757990867573,1.0,3,1,0.3333333333333333,0.3333333333333333,-0.014395933148885431,0.04086757990867573,禁止打板,2,0.5,0.5,-0.014395933148885431,-0.014395933148885431,0.04086757990867573,0.009703533751715121,,,6.57,7.26,5.85,收盘封住涨停；大环境：情绪上升，允许适度提高进攻仓位；指数环境：指数上涨；首次封板在10:30前，只作为前排证据之一；首板/低板位溢价弹性需依赖题材和封板质量；炸板次数1次，可接受但需看承接；换手处于可承接区间；题材/行业热度一般：IT服务Ⅱ；板块内封板排序第1，属于日内前排；今日涨停家数尚可；A杀血统指数偏高：历史炸板样本3，炸板后A杀率33.3%；历史炸板A杀率>30%，按股性记忆强制禁止打板,,收盘封住涨停；大环境：情绪上升，允许适度提高进攻仓位；指数环境：指数上涨；首次封板在10:30前，只作为前排证据之一；首板/低板位溢价弹性需依赖题材和封板质量；炸板次数1次，可接受但需看承接；换手处于可承接区间；题材/行业热度一般：IT服务Ⅱ；板块内封板排序第1，属于日内前排；今日涨停家数尚可；A杀血统指数偏高：历史炸板样本3，炸板后A杀率33.3%；历史炸板A杀率>30%，按股性记忆强制禁止打板,前一交易日本行业涨停样本缺失；同股历史涨停溢价样本不足；龙虎榜未上榜或未匹配；仅可作为盘后缺失项,AKShare/Eastmoney pools + local technical screener + local stock_personality_history/history detail + Eastmoney LHB
2026-09-18,2026-09-21,601579,会稽山,涨停,1,10.01675033569336,32.84,,727993776.0,4.76100492477417,09:42:07,09:43:04,1,,非白酒,1,2,指数上涨,情绪上升,,,0,9,1,1,1,可以打板,,低/可控,实际有溢价,33.5,36.12,36.12,D:\codex\outputs\a_share_technical_screener\2026-09-21\raw_spot_sina.csv,0.020097442143726996,0.09987819732034087,0.09987819732034087,0.018097442143726994,False,True,True,False,,,,,,股性偏强,4,4,1.0,4,4,1.0,0.01881757297169277,0.07278674543608717,1.0,4,0,0.0,0.0,0.01881757297169277,0.07278674543608717,,3,1.0,0.0,0.01881757297169277,0.017449106771915135,0.07278674543608717,-0.0012052314576567562,是,0.9161381125450134,17.14,26.3,39.15,收盘封住涨停；大环境：情绪上升，允许适度提高进攻仓位；指数环境：指数上涨；首次封板在10:30前，只作为前排证据之一；首板/低板位溢价弹性需依赖题材和封板质量；炸板次数1次，可接受但需看承接；换手处于可承接区间；题材/行业热度一般：非白酒；板块内封板排序第1，属于日内前排；图形新高或强势池新高；5日涨幅过高，次日兑现风险；今日涨停家数尚可；三年股性偏强：涨停样本4，次日开盘有溢价率100.0%，均值1.9%；历史封板稳定性一般：涨停/炸板样本中未封住比例100.0%,,收盘封住涨停；大环境：情绪上升，允许适度提高进攻仓位；指数环境：指数上涨；首次封板在10:30前，只作为前排证据之一；首板/低板位溢价弹性需依赖题材和封板质量；炸板次数1次，可接受但需看承接；换手处于可承接区间；题材/行业热度一般：非白酒；板块内封板排序第1，属于日内前排；图形新高或强势池新高；5日涨幅过高，次日兑现风险；今日涨停家数尚可；三年股性偏强：涨停样本4，次日开盘有溢价率100.0%，均值1.9%；历史封板稳定性一般：涨停/炸板样本中未封住比例100.0%,前一交易日本行业涨停样本缺失；龙虎榜未上榜或未匹配；仅可作为盘后缺失项,AKShare/Eastmoney pools + local technical screener + local stock_personality_history/history detail + Eastmoney LHB
2026-09-18,2026-09-21,000509,华塑控股,涨停,1,9.91253662109375,3.77,,308789680.0,7.719494342803955,09:43:30,13:29:21,5,,光学光电,1,3,指数上涨,情绪上升,,,0,6,1,1,1,谨慎可打,,低/可控,实际有溢价,3.8,3.84,3.8,D:\codex\outputs\a_share_technical_screener\2026-09-21\raw_spot_sina.csv,0.007957559681697646,0.018567639257294433,0.007957559681697646,0.005957559681697646,False,False,False,False,,,,,,样本不足,,,,,,,,,,,,,,,,,,,,,,,,,,7.22,7.04,8.02,收盘封住涨停；大环境：情绪上升，允许适度提高进攻仓位；指数环境：指数上涨；首次封板在10:30前，只作为前排证据之一；首板/低板位溢价弹性需依赖题材和封板质量；炸板次数5次，封板稳定性一般；换手处于可承接区间；题材/行业热度一般：光学光电；板块内封板排序第1，属于日内前排；今日涨停家数尚可,,收盘封住涨停；大环境：情绪上升，允许适度提高进攻仓位；指数环境：指数上涨；首次封板在10:30前，只作为前排证据之一；首板/低板位溢价弹性需依赖题材和封板质量；炸板次数5次，封板稳定性一般；换手处于可承接区间；题材/行业热度一般：光学光电；板块内封板排序第1，属于日内前排；今日涨停家数尚可,前一交易日本行业涨停样本缺失；同股历史涨停溢价样本不足；龙虎榜未上榜或未匹配；仅可作为盘后缺失项,AKShare/Eastmoney pools + local technical screener + local stock_personality_history/history detail + Eastmoney LHB
2026-09-18,2026-09-21,002849,威星智能,涨停,1,10.016242027282715,20.32,,544777184.0,12.425174713134766,09:44:03,11:00:24,5,,通用设备,1,5,指数上涨,情绪上升,,,0,8,0,0,0,可以打板,,低/可控,实际有溢价,20.99,21.37,20.69,D:\codex\outputs\a_share_technical_screener\2026-09-21\raw_spot_sina.csv,0.03297244094488172,0.05167322834645671,0.018208661417322913,0.03097244094488172,False,True,False,False,,,,,,样本不足,,,,,,,,,,,,,,,,,,,,,,,,是,3.7001326084136963,10.57,12.93,19.74,收盘封住涨停；大环境：情绪上升，允许适度提高进攻仓位；指数环境：指数上涨；首次封板在10:30前，只作为前排证据之一；首板/低板位溢价弹性需依赖题材和封板质量；炸板次数5次，封板稳定性一般；换手处于可承接区间；所属行业在今日涨停/炸板热度前排：通用设备；板块内封板排序第1，属于日内前排；图形新高或强势池新高；今日涨停家数尚可,,收盘封住涨停；大环境：情绪上升，允许适度提高进攻仓位；指数环境：指数上涨；首次封板在10:30前，只作为前排证据之一；首板/低板位溢价弹性需依赖题材和封板质量；炸板次数5次，封板稳定性一般；换手处于可承接区间；所属行业在今日涨停/炸板热度前排：通用设备；板块内封板排序第1，属于日内前排；图形新高或强势池新高；今日涨停家数尚可,前一交易日本行业涨停样本缺失；同股历史涨停溢价样本不足；龙虎榜未上榜或未匹配；仅可作为盘后缺失项,AKShare/Eastmoney pools + local technical screener + local stock_personality_history/history detail + Eastmoney LHB
2026-09-18,2026-09-21,002161,远 望 谷,涨停,1,10.015174865722656,7.25,,380926448.0,7.327219486236572,09:44:15,09:44:15,0,,其他电子,1,1,指数上涨,情绪上升,,,0,9,3,3,3,谨慎可打,,中：需看集合竞价承接,实际无溢价,7.25,7.47,7.16,D:\codex\outputs\a_share_technical_screener\2026-09-21\raw_spot_sina.csv,0.0,0.030344827586206824,-0.012413793103448256,-0.002,False,True,False,False,,,,,,A杀血统高,2,1,0.5,2,1,0.5,0.02185984304419336,0.02674129353233845,0.5,1,1,1.0,1.0,0.02185984304419336,0.02674129353233845,谨慎可打,2,0.5,0.5,0.02185984304419336,0.02185984304419336,0.02674129353233845,-0.09019754782572487,否,0.7962743043899536,4.26,1.85,-9.83,收盘封住涨停；大环境：情绪上升，允许适度提高进攻仓位；指数环境：指数上涨；首次封板在10:30前，只作为前排证据之一；首板/低板位溢价弹性需依赖题材和封板质量；未炸板；换手处于可承接区间；题材/行业热度一般：其他电子；板块内封板排序第1，属于日内前排；今日涨停家数尚可；A杀血统指数偏高：历史炸板样本1，炸板后A杀率100.0%；A杀血统样本较少，强制退出严格可以打板名单；A杀血统指数>30%，样本较少但强制降档为谨慎可打,,收盘封住涨停；大环境：情绪上升，允许适度提高进攻仓位；指数环境：指数上涨；首次封板在10:30前，只作为前排证据之一；首板/低板位溢价弹性需依赖题材和封板质量；未炸板；换手处于可承接区间；题材/行业热度一般：其他电子；板块内封板排序第1，属于日内前排；今日涨停家数尚可；A杀血统指数偏高：历史炸板样本1，炸板后A杀率100.0%；A杀血统样本较少，强制退出严格可以打板名单；A杀血统指数>30%，样本较少但强制降档为谨慎可打,前一交易日本行业涨停样本缺失；同股历史涨停溢价样本不足；龙虎榜未上榜或未匹配；仅可作为盘后缺失项,AKShare/Eastmoney pools + local technical screener + local stock_personality_history/history detail + Eastmoney LHB
2026-09-18,2026-09-21,603353,和顺石油,涨停,1,9.990938186645508,48.55,,583455776.0,7.201042175292969,09:44:59,10:30:26,5,,炼化及贸,1,1,指数上涨,情绪上升,,,0,7,1,1,1,谨慎可打,,低/可控,实际有溢价,49.28,51.66,46.39,D:\codex\outputs\a_share_technical_screener\2026-09-21\raw_spot_sina.csv,0.015036045314109181,0.06405767250257455,-0.04449021627188454,0.013036045314109181,False,True,False,False,,,,,,样本不足,2,2,1.0,2,2,1.0,-0.0007903055848261786,0.03424657534246567,1.0,2,0,0.0,0.0,-0.0007903055848261786,0.03424657534246567,,1,0.0,1.0,-0.0007903055848261786,-0.0007903055848261786,0.03424657534246567,0.01606954689146467,是,1.0363554954528809,13.02,20.44,23.69,收盘封住涨停；大环境：情绪上升，允许适度提高进攻仓位；指数环境：指数上涨；首次封板在10:30前，只作为前排证据之一；首板/低板位溢价弹性需依赖题材和封板质量；炸板次数5次，封板稳定性一般；换手处于可承接区间；题材/行业热度一般：炼化及贸；板块内封板排序第1，属于日内前排；图形新高或强势池新高；今日涨停家数尚可,,收盘封住涨停；大环境：情绪上升，允许适度提高进攻仓位；指数环境：指数上涨；首次封板在10:30前，只作为前排证据之一；首板/低板位溢价弹性需依赖题材和封板质量；炸板次数5次，封板稳定性一般；换手处于可承接区间；题材/行业热度一般：炼化及贸；板块内封板排序第1，属于日内前排；图形新高或强势池新高；今日涨停家数尚可,前一交易日本行业涨停样本缺失；同股历史涨停溢价样本不足；龙虎榜未上榜或未匹配；仅可作为盘后缺失项,AKShare/Eastmoney pools + local technical screener + local stock_personality_history/history detail + Eastmoney LHB
2026-09-18,2026-09-21,002300,太阳电缆,涨停,1,10.02538013458252,8.67,,649264240.0,10.632800102233887,09:45:09,09:45:09,0,,电网设备,2,6,指数上涨,情绪上升,,,0,10,2,2,2,谨慎可打,,中：需看集合竞价承接,实际无溢价,8.6,9.03,8.72,D:\codex\outputs\a_share_technical_screener\2026-09-21\raw_spot_sina.csv,-0.008073817762399127,0.04152249134948094,0.005767012687428075,-0.010073817762399127,True,True,False,False,,,,,,股性偏弱,6,3,0.5,6,3,0.5,-0.001398659355768624,0.05152696432955237,0.5,3,0,0.0,0.0,-0.001398659355768624,0.05152696432955237,,6,0.3333333333333333,0.6666666666666666,-0.001398659355768624,-0.009345815542915858,0.05152696432955237,0.01863387973270238,否,1.3364930152893066,7.09,6.94,6.25,收盘封住涨停；大环境：情绪上升，允许适度提高进攻仓位；指数环境：指数上涨；首次封板在10:30前，只作为前排证据之一；首板/低板位溢价弹性需依赖题材和封板质量；未炸板；换手处于可承接区间；所属行业在今日涨停/炸板热度前排：电网设备；板块内封板排序第2，属于日内前排；今日涨停家数尚可；三年股性偏弱：涨停样本6，次日开盘有溢价率33.3%，均值-0.1%；历史封板稳定性一般：涨停/炸板样本中未封住比例50.0%；三年股性偏弱，不进入严格可以打板名单,,收盘封住涨停；大环境：情绪上升，允许适度提高进攻仓位；指数环境：指数上涨；首次封板在10:30前，只作为前排证据之一；首板/低板位溢价弹性需依赖题材和封板质量；未炸板；换手处于可承接区间；所属行业在今日涨停/炸板热度前排：电网设备；板块内封板排序第2，属于日内前排；今日涨停家数尚可；三年股性偏弱：涨停样本6，次日开盘有溢价率33.3%，均值-0.1%；历史封板稳定性一般：涨停/炸板样本中未封住比例50.0%；三年股性偏弱，不进入严格可以打板名单,前一交易日本行业涨停样本缺失；龙虎榜未上榜或未匹配；仅可作为盘后缺失项,AKShare/Eastmoney pools + local technical screener + local stock_personality_history/history detail + Eastmoney LHB
2026-09-18,2026-09-21,002713,东易日盛,涨停,1,9.969788551330566,10.92,,275149296.0,4.882471084594727,09:45:09,09:49:33,1,,装修装饰,1,1,指数上涨,情绪上升,,,0,8,0,0,0,可以打板,,低/可控,实际有溢价,10.94,11.29,11.05,D:\codex\outputs\a_share_technical_screener\2026-09-21\raw_spot_sina.csv,0.001831501831501825,0.03388278388278376,0.011904761904762085,-0.00016849816849817505,False,True,False,False,,,,,,股性偏强,3,2,0.6666666666666666,3,2,0.6666666666666666,0.0233691760146999,0.05415438780283891,0.6666666666666666,2,0,0.0,0.0,0.0233691760146999,0.05415438780283891,,3,1.0,0.0,0.0233691760146999,0.00915564598168861,0.05415438780283891,-0.017362375411894043,,,8.9,10.64,13.63,收盘封住涨停；大环境：情绪上升，允许适度提高进攻仓位；指数环境：指数上涨；首次封板在10:30前，只作为前排证据之一；首板/低板位溢价弹性需依赖题材和封板质量；炸板次数1次，可接受但需看承接；换手处于可承接区间；题材/行业热度一般：装修装饰；板块内封板排序第1，属于日内前排；今日涨停家数尚可；三年股性偏强：涨停样本3，次日开盘有溢价率100.0%，均值2.3%；历史封板稳定性一般：涨停/炸板样本中未封住比例66.7%,,收盘封住涨停；大环境：情绪上升，允许适度提高进攻仓位；指数环境：指数上涨；首次封板在10:30前，只作为前排证据之一；首板/低板位溢价弹性需依赖题材和封板质量；炸板次数1次，可接受但需看承接；换手处于可承接区间；题材/行业热度一般：装修装饰；板块内封板排序第1，属于日内前排；今日涨停家数尚可；三年股性偏强：涨停样本3，次日开盘有溢价率100.0%，均值2.3%；历史封板稳定性一般：涨停/炸板样本中未封住比例66.7%,前一交易日本行业涨停样本缺失；龙虎榜未上榜或未匹配；仅可作为盘后缺失项,AKShare/Eastmoney pools + local technical screener + local stock_personality_history/history detail + Eastmoney LHB
2026-09-18,2026-09-21,603402,陕西旅游,涨停,1,10.00856876373291,64.19,,260886621.0,16.597742080688477,09:45:19,09:45:19,0,,旅游及景,1,1,指数上涨,情绪上升,,,0,9,-1,-1,-1,可以打板,,低/可控,实际有溢价,65.0,66.2,64.54,D:\codex\outputs\a_share_technical_screener\2026-09-21\raw_spot_sina.csv,0.012618787973204482,0.03131328867424843,0.005452562704471253,0.010618787973204482,False,True,False,False,,,,,,样本不足,1,1,1.0,1,1,1.0,-0.00316169828364965,0.01475459199036444,1.0,1,0,0.0,0.0,-0.00316169828364965,0.01475459199036444,,1,0.0,1.0,-0.00316169828364965,-0.00316169828364965,0.01475459199036444,0.0025594700391449177,,,7.26,-0.36,3.93,收盘封住涨停；大环境：情绪上升，允许适度提高进攻仓位；指数环境：指数上涨；首次封板在10:30前，只作为前排证据之一；首板/低板位溢价弹性需依赖题材和封板质量；未炸板；换手处于可承接区间；题材/行业热度一般：旅游及景；板块内封板排序第1，属于日内前排；今日涨停家数尚可,,收盘封住涨停；大环境：情绪上升，允许适度提高进攻仓位；指数环境：指数上涨；首次封板在10:30前，只作为前排证据之一；首板/低板位溢价弹性需依赖题材和封板质量；未炸板；换手处于可承接区间；题材/行业热度一般：旅游及景；板块内封板排序第1，属于日内前排；今日涨停家数尚可,前一交易日本行业涨停样本缺失；同股历史涨停溢价样本不足；龙虎榜未上榜或未匹配；仅可作为盘后缺失项,AKShare/Eastmoney pools + local technical screener + local stock_personality_history/history detail + Eastmoney LHB
2026-09-18,2026-09-21,600343,航天动力,涨停,1,10.0,21.67,,737368528.0,5.456145286560059,09:45:26,09:45:26,0,,通用设备,2,5,指数上涨,情绪上升,,,0,10,-2,-2,-2,可以打板,,低/可控,实际无溢价,21.36,21.53,21.04,D:\codex\outputs\a_share_technical_screener\2026-09-21\raw_spot_sina.csv,-0.014305491462851982,-0.006460544531610601,-0.029072450392247484,-0.016305491462851984,True,False,False,False,,,,,,样本不足,1,0,0.0,1,0,0.0,-0.028372591006424086,0.03479657387580293,0.0,0,0,,,-0.028372591006424086,0.03479657387580293,,1,0.0,1.0,-0.028372591006424086,-0.028372591006424086,0.03479657387580293,-0.07922912205567456,,,7.25,10.15,11.41,收盘封住涨停；大环境：情绪上升，允许适度提高进攻仓位；指数环境：指数上涨；首次封板在10:30前，只作为前排证据之一；首板/低板位溢价弹性需依赖题材和封板质量；未炸板；换手处于可承接区间；所属行业在今日涨停/炸板热度前排：通用设备；板块内封板排序第2，属于日内前排；今日涨停家数尚可,,收盘封住涨停；大环境：情绪上升，允许适度提高进攻仓位；指数环境：指数上涨；首次封板在10:30前，只作为前排证据之一；首板/低板位溢价弹性需依赖题材和封板质量；未炸板；换手处于可承接区间；所属行业在今日涨停/炸板热度前排：通用设备；板块内封板排序第2，属于日内前排；今日涨停家数尚可,前一交易日本行业涨停样本缺失；同股历史涨停溢价样本不足；龙虎榜未上榜或未匹配；仅可作为盘后缺失项,AKShare/Eastmoney pools + local technical screener + local stock_personality_history/history detail + Eastmoney LHB
2026-09-18,2026-09-21,688292,浩瀚深度,涨停,1,20.020854949951172,23.02,,236030039.0,6.8113250732421875,09:45:50,09:45:50,0,,计算机设,1,2,指数上涨,情绪上升,,,0,10,-1,-2,-2,可以打板,,低/可控,实际无溢价,22.06,22.64,22.17,D:\codex\outputs\a_share_technical_screener\2026-09-21\raw_spot_sina.csv,-0.04170286707211124,-0.01650738488271064,-0.03692441355343168,-0.04370286707211124,True,True,False,True,88523995.74,0.0,,0.5200822304368089,0.14502822992839892,样本不足,,,,,,,,,,,,,,,,,,,,,,,,是,1.6630990505218506,18.88,22.84,26.97,收盘封住涨停；大环境：情绪上升，允许适度提高进攻仓位；指数环境：指数上涨；首次封板在10:30前，只作为前排证据之一；首板/低板位溢价弹性需依赖题材和封板质量；未炸板；换手处于可承接区间；题材/行业热度一般：计算机设；板块内封板排序第1，属于日内前排；图形新高或强势池新高；今日涨停家数尚可,盘后龙虎榜净买入0.89亿，可改善次日风险,收盘封住涨停；大环境：情绪上升，允许适度提高进攻仓位；指数环境：指数上涨；首次封板在10:30前，只作为前排证据之一；首板/低板位溢价弹性需依赖题材和封板质量；未炸板；换手处于可承接区间；题材/行业热度一般：计算机设；板块内封板排序第1，属于日内前排；图形新高或强势池新高；今日涨停家数尚可,前一交易日本行业涨停样本缺失；同股历史涨停溢价样本不足,AKShare/Eastmoney pools + local technical screener + local stock_personality_history/history detail + Eastmoney LHB
2026-09-18,2026-09-21,002965,祥鑫科技,涨停,1,10.007072448730469,31.11,,534717376.0,7.50767183303833,09:47:39,09:47:39,0,,汽车零部,2,2,指数上涨,情绪上升,,,0,9,-1,-1,-1,可以打板,,低/可控,实际有溢价,33.0,34.15,33.28,D:\codex\outputs\a_share_technical_screener\2026-09-21\raw_spot_sina.csv,0.06075216972034725,0.09771777563484418,0.06975249116039861,0.05875216972034725,False,True,False,False,,,,,,样本不足,,,,,,,,,,,,,,,,,,,,,,,,,,9.35,8.17,12.88,收盘封住涨停；大环境：情绪上升，允许适度提高进攻仓位；指数环境：指数上涨；首次封板在10:30前，只作为前排证据之一；首板/低板位溢价弹性需依赖题材和封板质量；未炸板；换手处于可承接区间；题材/行业热度一般：汽车零部；板块内封板排序第2，属于日内前排；今日涨停家数尚可,,收盘封住涨停；大环境：情绪上升，允许适度提高进攻仓位；指数环境：指数上涨；首次封板在10:30前，只作为前排证据之一；首板/低板位溢价弹性需依赖题材和封板质量；未炸板；换手处于可承接区间；题材/行业热度一般：汽车零部；板块内封板排序第2，属于日内前排；今日涨停家数尚可,前一交易日本行业涨停样本缺失；同股历史涨停溢价样本不足；龙虎榜未上榜或未匹配；仅可作为盘后缺失项,AKShare/Eastmoney pools + local technical screener + local stock_personality_history/history detail + Eastmoney LHB
2026-09-18,2026-09-21,600847,万里股份,涨停,1,10.039525032043457,13.92,,135333040.0,6.504436016082764,09:49:03,11:05:27,2,,电池,1,1,指数上涨,情绪上升,,,0,7,0,-1,-1,谨慎可打,,低/可控,实际无溢价,13.79,14.48,13.75,D:\codex\outputs\a_share_technical_screener\2026-09-21\raw_spot_sina.csv,-0.009339080459770166,0.04022988505747138,-0.012212643678160884,-0.011339080459770166,True,True,False,True,18141855.0,0.0,,0.36853823722573587,0.23448483090308175,样本不足,1,0,0.0,1,0,0.0,0.017825311942959,0.05882352941176472,0.0,0,0,,,0.017825311942959,0.05882352941176472,,1,1.0,0.0,0.017825311942959,0.017825311942959,0.05882352941176472,-0.031194295900178415,,,11.45,10.8,14.47,收盘封住涨停；大环境：情绪上升，允许适度提高进攻仓位；指数环境：指数上涨；首次封板在10:30前，只作为前排证据之一；首板/低板位溢价弹性需依赖题材和封板质量；炸板次数2次，可接受但需看承接；换手处于可承接区间；题材/行业热度一般：电池；板块内封板排序第1，属于日内前排；今日涨停家数尚可,盘后龙虎榜净买入0.18亿，可改善次日风险,收盘封住涨停；大环境：情绪上升，允许适度提高进攻仓位；指数环境：指数上涨；首次封板在10:30前，只作为前排证据之一；首板/低板位溢价弹性需依赖题材和封板质量；炸板次数2次，可接受但需看承接；换手处于可承接区间；题材/行业热度一般：电池；板块内封板排序第1，属于日内前排；今日涨停家数尚可,前一交易日本行业涨停样本缺失；同股历史涨停溢价样本不足,AKShare/Eastmoney pools + local technical screener + local stock_personality_history/history detail + Eastmoney LHB
2026-09-18,2026-09-21,002471,中超控股,涨停,1,9.963099479675293,5.96,,564313232.0,7.129463195800781,09:50:00,09:50:00,0,,电网设备,3,6,指数上涨,情绪上升,,,0,10,-2,-2,-2,可以打板,,低/可控,实际无溢价,5.86,5.96,5.95,D:\codex\outputs\a_share_technical_screener\2026-09-21\raw_spot_sina.csv,-0.016778523489932806,0.0,-0.001677852348993203,-0.018778523489932808,True,False,False,False,,,,,,样本不足,,,,,,,,,,,,,,,,,,,,,,,,,,6.54,4.93,3.83,收盘封住涨停；大环境：情绪上升，允许适度提高进攻仓位；指数环境：指数上涨；首次封板在10:30前，只作为前排证据之一；首板/低板位溢价弹性需依赖题材和封板质量；未炸板；换手处于可承接区间；所属行业在今日涨停/炸板热度前排：电网设备；板块内封板排序第3，属于日内前排；今日涨停家数尚可,,收盘封住涨停；大环境：情绪上升，允许适度提高进攻仓位；指数环境：指数上涨；首次封板在10:30前，只作为前排证据之一；首板/低板位溢价弹性需依赖题材和封板质量；未炸板；换手处于可承接区间；所属行业在今日涨停/炸板热度前排：电网设备；板块内封板排序第3，属于日内前排；今日涨停家数尚可,前一交易日本行业涨停样本缺失；同股历史涨停溢价样本不足；龙虎榜未上榜或未匹配；仅可作为盘后缺失项,AKShare/Eastmoney pools + local technical screener + local stock_personality_history/history detail + Eastmoney LHB
2026-09-18,2026-09-21,605188,国光连锁,涨停,1,9.974852561950684,13.12,,232677376.0,3.5777459144592285,09:50:36,09:51:00,1,,一般零售,1,4,指数上涨,情绪上升,,,0,8,0,0,0,可以打板,,低/可控,实际无溢价,13.12,13.5,13.32,D:\codex\outputs\a_share_technical_screener\2026-09-21\raw_spot_sina.csv,0.0,0.028963414634146423,0.015243902439024515,-0.002,False,True,False,False,,,,,,股性偏强,4,2,0.5,4,2,0.5,0.030698713625528062,0.08779112848391446,0.5,2,0,0.0,0.0,0.030698713625528062,0.08779112848391446,,4,1.0,0.0,0.030698713625528062,0.028597758498715264,0.08779112848391446,0.0300199839119914,,,5.48,-3.27,-4.93,收盘封住涨停；大环境：情绪上升，允许适度提高进攻仓位；指数环境：指数上涨；首次封板在10:30前，只作为前排证据之一；首板/低板位溢价弹性需依赖题材和封板质量；炸板次数1次，可接受但需看承接；换手处于可承接区间；题材/行业热度一般：一般零售；板块内封板排序第1，属于日内前排；今日涨停家数尚可；三年股性偏强：涨停样本4，次日开盘有溢价率100.0%，均值3.1%；历史封板稳定性一般：涨停/炸板样本中未封住比例50.0%,,收盘封住涨停；大环境：情绪上升，允许适度提高进攻仓位；指数环境：指数上涨；首次封板在10:30前，只作为前排证据之一；首板/低板位溢价弹性需依赖题材和封板质量；炸板次数1次，可接受但需看承接；换手处于可承接区间；题材/行业热度一般：一般零售；板块内封板排序第1，属于日内前排；今日涨停家数尚可；三年股性偏强：涨停样本4，次日开盘有溢价率100.0%，均值3.1%；历史封板稳定性一般：涨停/炸板样本中未封住比例50.0%,前一交易日本行业涨停样本缺失；龙虎榜未上榜或未匹配；仅可作为盘后缺失项,AKShare/Eastmoney pools + local technical screener + local stock_personality_history/history detail + Eastmoney LHB
2026-09-18,2026-09-21,603122,合富中国,涨停,1,10.0,13.64,,667436960.0,12.714537620544434,09:50:44,09:55:38,1,,医疗服务,3,5,指数上涨,情绪上升,,,0,9,-1,-1,-1,可以打板,,低/可控,实际有溢价,13.66,14.2,13.98,D:\codex\outputs\a_share_technical_screener\2026-09-21\raw_spot_sina.csv,0.0014662756598240456,0.04105571847507328,0.024926686217008776,-0.0005337243401759544,False,True,False,False,,,,,,股性偏强,3,2,0.6666666666666666,3,2,0.6666666666666666,0.01356415470467646,0.07067052443285744,0.6666666666666666,2,0,0.0,0.0,0.01356415470467646,0.07067052443285744,,3,1.0,0.0,0.01356415470467646,0.001537279016141424,0.07067052443285744,-0.010712582485146838,否,1.606760025024414,8.31,6.04,11.35,收盘封住涨停；大环境：情绪上升，允许适度提高进攻仓位；指数环境：指数上涨；首次封板在10:30前，只作为前排证据之一；首板/低板位溢价弹性需依赖题材和封板质量；炸板次数1次，可接受但需看承接；换手处于可承接区间；所属行业在今日涨停/炸板热度前排：医疗服务；板块内封板排序第3，属于日内前排；今日涨停家数尚可；三年股性偏强：涨停样本3，次日开盘有溢价率100.0%，均值1.4%；历史封板稳定性一般：涨停/炸板样本中未封住比例66.7%,,收盘封住涨停；大环境：情绪上升，允许适度提高进攻仓位；指数环境：指数上涨；首次封板在10:30前，只作为前排证据之一；首板/低板位溢价弹性需依赖题材和封板质量；炸板次数1次，可接受但需看承接；换手处于可承接区间；所属行业在今日涨停/炸板热度前排：医疗服务；板块内封板排序第3，属于日内前排；今日涨停家数尚可；三年股性偏强：涨停样本3，次日开盘有溢价率100.0%，均值1.4%；历史封板稳定性一般：涨停/炸板样本中未封住比例66.7%,前一交易日本行业涨停样本缺失；龙虎榜未上榜或未匹配；仅可作为盘后缺失项,AKShare/Eastmoney pools + local technical screener + local stock_personality_history/history detail + Eastmoney LHB
2026-09-18,2026-09-21,601123,马矿股份,涨停,1,10.024752616882324,17.78,,371712064.0,22.487913131713867,09:51:57,09:51:57,0,,冶钢原料,1,1,指数上涨,情绪上升,,,0,8,-1,-1,-1,可以打板,,低/可控,实际有溢价,19.31,19.56,19.56,D:\codex\outputs\a_share_technical_screener\2026-09-21\raw_spot_sina.csv,0.08605174353205824,0.10011248593925748,0.10011248593925748,0.08405174353205824,False,True,True,False,,,,,,样本不足,1,1,1.0,1,1,1.0,0.024419297200714674,0.0476474091721264,1.0,1,0,0.0,0.0,0.024419297200714674,0.0476474091721264,,1,1.0,0.0,0.024419297200714674,0.024419297200714674,0.0476474091721264,-0.0017867778439546456,,,5.86,6.48,16.51,收盘封住涨停；大环境：情绪上升，允许适度提高进攻仓位；指数环境：指数上涨；首次封板在10:30前，只作为前排证据之一；首板/低板位溢价弹性需依赖题材和封板质量；未炸板；题材/行业热度一般：冶钢原料；板块内封板排序第1，属于日内前排；今日涨停家数尚可,,收盘封住涨停；大环境：情绪上升，允许适度提高进攻仓位；指数环境：指数上涨；首次封板在10:30前，只作为前排证据之一；首板/低板位溢价弹性需依赖题材和封板质量；未炸板；题材/行业热度一般：冶钢原料；板块内封板排序第1，属于日内前排；今日涨停家数尚可,前一交易日本行业涨停样本缺失；同股历史涨停溢价样本不足；龙虎榜未上榜或未匹配；仅可作为盘后缺失项,AKShare/Eastmoney pools + local technical screener + local stock_personality_history/history detail + Eastmoney LHB
2026-09-18,2026-09-21,603068,博通集成,涨停,1,10.002762794494629,39.81,,510324864.0,8.595437049865723,09:52:26,09:55:47,1,,半导体,3,7,指数上涨,情绪上升,,,0,8,4,4,4,谨慎可打（次日风险高）,,高：次日无溢价风险高,实际有溢价,40.79,43.79,43.79,D:\codex\outputs\a_share_technical_screener\2026-09-21\raw_spot_sina.csv,0.024616930419492533,0.09997488068324523,0.09997488068324523,0.02261693041949253,False,True,True,False,,,,,,A杀血统高,3,2,0.6666666666666666,3,2,0.6666666666666666,0.002865667234450179,0.01639977681470624,0.6666666666666666,2,1,0.5,0.5,0.002865667234450179,0.01639977681470624,谨慎可打,3,0.3333333333333333,0.6666666666666666,0.002865667234450179,0.0,0.01639977681470624,-0.03356484451782874,,,8.85,7.59,12.58,收盘封住涨停；大环境：情绪上升，允许适度提高进攻仓位；指数环境：指数上涨；首次封板在10:30前，只作为前排证据之一；首板/低板位溢价弹性需依赖题材和封板质量；炸板次数1次，可接受但需看承接；换手处于可承接区间；所属行业在今日涨停/炸板热度前排：半导体；板块内封板排序第3，属于日内前排；今日涨停家数尚可；三年股性偏弱：涨停样本3，次日开盘有溢价率33.3%，均值0.3%；历史封板稳定性一般：涨停/炸板样本中未封住比例66.7%；A杀血统指数偏高：历史炸板样本2，炸板后A杀率50.0%；A杀血统样本较少，强制退出严格可以打板名单,,收盘封住涨停；大环境：情绪上升，允许适度提高进攻仓位；指数环境：指数上涨；首次封板在10:30前，只作为前排证据之一；首板/低板位溢价弹性需依赖题材和封板质量；炸板次数1次，可接受但需看承接；换手处于可承接区间；所属行业在今日涨停/炸板热度前排：半导体；板块内封板排序第3，属于日内前排；今日涨停家数尚可；三年股性偏弱：涨停样本3，次日开盘有溢价率33.3%，均值0.3%；历史封板稳定性一般：涨停/炸板样本中未封住比例66.7%；A杀血统指数偏高：历史炸板样本2，炸板后A杀率50.0%；A杀血统样本较少，强制退出严格可以打板名单,前一交易日本行业涨停样本缺失；龙虎榜未上榜或未匹配；仅可作为盘后缺失项,AKShare/Eastmoney pools + local technical screener + local stock_personality_history/history detail + Eastmoney LHB
2026-09-18,2026-09-21,601086,国芳集团,涨停,1,10.0,16.06,,1738203712.0,16.8282527923584,09:53:17,13:12:02,9,,一般零售,2,4,指数上涨,情绪上升,,,0,6,2,0,0,谨慎可打,,低/可控,实际有溢价,16.57,17.67,17.67,D:\codex\outputs\a_share_technical_screener\2026-09-21\raw_spot_sina.csv,0.03175591531755928,0.10024906600249084,0.10024906600249084,0.02975591531755928,False,True,True,True,172159992.62,0.0,拉萨系:东方财富证券股份有限公司拉萨金融城南环路证券营业部,0.16203916270667676,0.06299438922667723,股性偏强,8,4,0.5,8,4,0.5,0.04279279095387044,0.0819000110642664,0.5,4,0,0.0,0.0,0.04279279095387044,0.0819000110642664,,8,0.625,0.375,0.04279279095387044,0.05321027463367556,0.0819000110642664,0.05576798220727647,否,1.2841397523880005,1.12,3.87,-1.77,收盘封住涨停；大环境：情绪上升，允许适度提高进攻仓位；指数环境：指数上涨；首次封板在10:30前，只作为前排证据之一；首板/低板位溢价弹性需依赖题材和封板质量；炸板次数9次，封板分歧大；换手处于可承接区间；题材/行业热度一般：一般零售；板块内封板排序第2，属于日内前排；今日涨停家数尚可；三年股性偏强：涨停样本8，次日开盘有溢价率62.5%，均值4.3%；历史封板稳定性一般：涨停/炸板样本中未封住比例50.0%,盘后龙虎榜净买入1.72亿，可改善次日风险；关注席位上榜：拉萨系:东方财富证券股份有限公司拉萨金融城南环路证券营业部,收盘封住涨停；大环境：情绪上升，允许适度提高进攻仓位；指数环境：指数上涨；首次封板在10:30前，只作为前排证据之一；首板/低板位溢价弹性需依赖题材和封板质量；炸板次数9次，封板分歧大；换手处于可承接区间；题材/行业热度一般：一般零售；板块内封板排序第2，属于日内前排；今日涨停家数尚可；三年股性偏强：涨停样本8，次日开盘有溢价率62.5%，均值4.3%；历史封板稳定性一般：涨停/炸板样本中未封住比例50.0%,前一交易日本行业涨停样本缺失,AKShare/Eastmoney pools + local technical screener + local stock_personality_history/history detail + Eastmoney LHB
2026-09-18,2026-09-21,603001,奥康国际,涨停,1,10.021097183227539,10.43,,258808660.0,6.418837547302246,09:53:55,10:12:34,4,,服装家纺,2,4,指数上涨,情绪上升,,,0,6,1,1,1,谨慎可打,,低/可控,实际有溢价,10.59,11.47,11.47,D:\codex\outputs\a_share_technical_screener\2026-09-21\raw_spot_sina.csv,0.015340364333652934,0.09971236816874418,0.09971236816874418,0.013340364333652934,False,True,True,False,,,,,,样本不足,2,1,0.5,2,1,0.5,0.024157621536607943,0.03572059836736763,0.5,1,0,0.0,0.0,0.024157621536607943,0.03572059836736763,,2,1.0,0.0,0.024157621536607943,0.024157621536607943,0.03572059836736763,-0.014266595964952167,,,12.03,13.38,16.93,收盘封住涨停；大环境：情绪上升，允许适度提高进攻仓位；指数环境：指数上涨；首次封板在10:30前，只作为前排证据之一；首板/低板位溢价弹性需依赖题材和封板质量；炸板次数4次，封板稳定性一般；换手处于可承接区间；题材/行业热度一般：服装家纺；板块内封板排序第2，属于日内前排；今日涨停家数尚可,,收盘封住涨停；大环境：情绪上升，允许适度提高进攻仓位；指数环境：指数上涨；首次封板在10:30前，只作为前排证据之一；首板/低板位溢价弹性需依赖题材和封板质量；炸板次数4次，封板稳定性一般；换手处于可承接区间；题材/行业热度一般：服装家纺；板块内封板排序第2，属于日内前排；今日涨停家数尚可,前一交易日本行业涨停样本缺失；同股历史涨停溢价样本不足；龙虎榜未上榜或未匹配；仅可作为盘后缺失项,AKShare/Eastmoney pools + local technical screener + local stock_personality_history/history detail + Eastmoney LHB
2026-09-18,2026-09-21,003041,真爱美家,涨停,1,10.0,42.02,,219299663.0,3.8797459602355957,09:55:12,10:11:51,1,,服装家纺,3,4,指数上涨,情绪上升,,,0,7,0,0,0,谨慎可打,,低/可控,实际有溢价,42.08,43.68,43.24,D:\codex\outputs\a_share_technical_screener\2026-09-21\raw_spot_sina.csv,0.0014278914802474674,0.03950499762018089,0.029033793431699095,-0.0005721085197525327,False,True,False,False,,,,,,样本不足,,,,,,,,,,,,,,,,,,,,,,,,,,8.11,8.85,13.14,收盘封住涨停；大环境：情绪上升，允许适度提高进攻仓位；指数环境：指数上涨；首次封板在10:30前，只作为前排证据之一；首板/低板位溢价弹性需依赖题材和封板质量；炸板次数1次，可接受但需看承接；换手处于可承接区间；题材/行业热度一般：服装家纺；板块内封板排序第3，属于日内前排；今日涨停家数尚可,,收盘封住涨停；大环境：情绪上升，允许适度提高进攻仓位；指数环境：指数上涨；首次封板在10:30前，只作为前排证据之一；首板/低板位溢价弹性需依赖题材和封板质量；炸板次数1次，可接受但需看承接；换手处于可承接区间；题材/行业热度一般：服装家纺；板块内封板排序第3，属于日内前排；今日涨停家数尚可,前一交易日本行业涨停样本缺失；同股历史涨停溢价样本不足；龙虎榜未上榜或未匹配；仅可作为盘后缺失项,AKShare/Eastmoney pools + local technical screener + local stock_personality_history/history detail + Eastmoney LHB
2026-09-18,2026-09-21,002185,华天科技,涨停,1,10.006101608276367,18.03,,6386880000.0,10.917194366455078,10:02:33,10:09:42,1,,半导体,4,7,指数上涨,情绪上升,,,0,7,1,-2,-2,谨慎可打,,低/可控,实际有溢价,18.68,18.83,18.55,D:\codex\outputs\a_share_technical_screener\2026-09-21\raw_spot_sina.csv,0.03605102606766497,0.04437049362174128,0.028840820854131977,0.03405102606766497,False,True,False,True,818051479.04,125073965.99999999,拉萨系:东方证券股份有限公司拉萨金珠西路证券营业部；武汉紫阳东路:国泰海通证券股份有限公司武汉紫阳东路证券营业部,0.171295062494243,0.06091976525915247,样本不足,,,,,,,,,,,,,,,,,,,,,,,,,,7.8,9.65,11.3,收盘封住涨停；大环境：情绪上升，允许适度提高进攻仓位；指数环境：指数上涨；首次封板偏晚，需要板块发酵、股性或大环境确认；首板/低板位溢价弹性需依赖题材和封板质量；炸板次数1次，可接受但需看承接；换手处于可承接区间；成交额较大，具备市场辨识度；所属行业在今日涨停/炸板热度前排：半导体；板块内封板排序第4，情绪上升期可按后排套利处理；今日涨停家数尚可,盘后龙虎榜净买入8.18亿，可改善次日风险；机构净买入1.25亿；关注席位上榜：拉萨系:东方证券股份有限公司拉萨金珠西路证券营业部；武汉紫阳东路:国泰海通证券股份有限公司武汉紫阳东路证券营业部,收盘封住涨停；大环境：情绪上升，允许适度提高进攻仓位；指数环境：指数上涨；首次封板偏晚，需要板块发酵、股性或大环境确认；首板/低板位溢价弹性需依赖题材和封板质量；炸板次数1次，可接受但需看承接；换手处于可承接区间；成交额较大，具备市场辨识度；所属行业在今日涨停/炸板热度前排：半导体；板块内封板排序第4，情绪上升期可按后排套利处理；今日涨停家数尚可,前一交易日本行业涨停样本缺失；同股历史涨停溢价样本不足,AKShare/Eastmoney pools + local technical screener + local stock_personality_history/history detail + Eastmoney LHB
2026-09-18,2026-09-21,603232,格尔软件,涨停,1,9.97977066040039,16.31,,483167184.0,13.059541702270508,10:04:08,11:08:02,1,,软件开发,1,1,指数上涨,情绪上升,,,0,6,2,2,2,谨慎可打,,中：需看集合竞价承接,实际有溢价,16.32,16.49,16.13,D:\codex\outputs\a_share_technical_screener\2026-09-21\raw_spot_sina.csv,0.0006131207847948072,0.011036174126302756,-0.011036174126302867,-0.0013868792152051928,False,False,False,False,,,,,,股性偏弱,3,1,0.3333333333333333,3,1,0.3333333333333333,-0.04543756578786325,-0.028438716310494255,0.3333333333333333,1,0,0.0,0.0,-0.04543756578786325,-0.028438716310494255,,3,0.0,1.0,-0.04543756578786325,-0.03166666666666673,-0.028438716310494255,-0.07372622457222588,,,5.66,6.27,9.54,收盘封住涨停；大环境：情绪上升，允许适度提高进攻仓位；指数环境：指数上涨；首次封板偏晚，需要板块发酵、股性或大环境确认；首板/低板位溢价弹性需依赖题材和封板质量；炸板次数1次，可接受但需看承接；换手处于可承接区间；题材/行业热度一般：软件开发；板块内封板排序第1，属于日内前排；今日涨停家数尚可；三年股性偏弱：涨停样本3，次日开盘有溢价率0.0%，均值-4.5%,,收盘封住涨停；大环境：情绪上升，允许适度提高进攻仓位；指数环境：指数上涨；首次封板偏晚，需要板块发酵、股性或大环境确认；首板/低板位溢价弹性需依赖题材和封板质量；炸板次数1次，可接受但需看承接；换手处于可承接区间；题材/行业热度一般：软件开发；板块内封板排序第1，属于日内前排；今日涨停家数尚可；三年股性偏弱：涨停样本3，次日开盘有溢价率0.0%，均值-4.5%,前一交易日本行业涨停样本缺失；龙虎榜未上榜或未匹配；仅可作为盘后缺失项,AKShare/Eastmoney pools + local technical screener + local stock_personality_history/history detail + Eastmoney LHB
2026-09-18,2026-09-21,603725,天安新材,涨停,1,10.018726348876953,11.75,,270601360.0,7.695542812347412,10:04:26,10:23:20,1,,家居用品,3,5,指数上涨,情绪上升,,,0,7,0,0,0,谨慎可打,,低/可控,实际有溢价,11.93,12.32,11.85,D:\codex\outputs\a_share_technical_screener\2026-09-21\raw_spot_sina.csv,0.015319148936170146,0.04851063829787239,0.008510638297872353,0.013319148936170146,False,True,False,False,,,,,,样本不足,1,1,1.0,1,1,1.0,-0.019607843137254943,0.002673796791443861,1.0,1,0,0.0,0.0,-0.019607843137254943,0.002673796791443861,,1,0.0,1.0,-0.019607843137254943,-0.019607843137254943,0.002673796791443861,-0.036541889483065915,,,10.35,10.86,16.34,收盘封住涨停；大环境：情绪上升，允许适度提高进攻仓位；指数环境：指数上涨；首次封板偏晚，需要板块发酵、股性或大环境确认；首板/低板位溢价弹性需依赖题材和封板质量；炸板次数1次，可接受但需看承接；换手处于可承接区间；所属行业在今日涨停/炸板热度前排：家居用品；板块内封板排序第3，属于日内前排；今日涨停家数尚可,,收盘封住涨停；大环境：情绪上升，允许适度提高进攻仓位；指数环境：指数上涨；首次封板偏晚，需要板块发酵、股性或大环境确认；首板/低板位溢价弹性需依赖题材和封板质量；炸板次数1次，可接受但需看承接；换手处于可承接区间；所属行业在今日涨停/炸板热度前排：家居用品；板块内封板排序第3，属于日内前排；今日涨停家数尚可,前一交易日本行业涨停样本缺失；同股历史涨停溢价样本不足；龙虎榜未上榜或未匹配；仅可作为盘后缺失项,AKShare/Eastmoney pools + local technical screener + local stock_personality_history/history detail + Eastmoney LHB
2026-09-18,2026-09-21,603375,盛景微,涨停,1,10.002127647399902,51.69,,544661712.0,16.746097564697266,10:05:23,13:37:47,6,,半导体,5,7,指数上涨,情绪上升,,,0,5,3,3,3,谨慎可打,,中：需看集合竞价承接,实际有溢价,53.01,54.01,53.8,D:\codex\outputs\a_share_technical_screener\2026-09-21\raw_spot_sina.csv,0.025536854323853664,0.04488295608434911,0.04082027471464489,0.023536854323853662,False,True,False,False,,,,,,样本不足,2,1,0.5,2,1,0.5,0.022408788445586914,0.040732454154020936,0.5,1,0,0.0,0.0,0.022408788445586914,0.040732454154020936,,2,1.0,0.0,0.022408788445586914,0.022408788445586914,0.040732454154020936,-0.003500913008757378,,,10.23,11.78,18.85,收盘封住涨停；大环境：情绪上升，允许适度提高进攻仓位；指数环境：指数上涨；首次封板偏晚，需要板块发酵、股性或大环境确认；首板/低板位溢价弹性需依赖题材和封板质量；炸板次数6次，封板分歧大；换手处于可承接区间；所属行业在今日涨停/炸板热度前排：半导体；板块内封板排序第5，情绪上升期可按后排套利处理；接近年/三年高点，图形有辨识度；今日涨停家数尚可,,收盘封住涨停；大环境：情绪上升，允许适度提高进攻仓位；指数环境：指数上涨；首次封板偏晚，需要板块发酵、股性或大环境确认；首板/低板位溢价弹性需依赖题材和封板质量；炸板次数6次，封板分歧大；换手处于可承接区间；所属行业在今日涨停/炸板热度前排：半导体；板块内封板排序第5，情绪上升期可按后排套利处理；接近年/三年高点，图形有辨识度；今日涨停家数尚可,前一交易日本行业涨停样本缺失；同股历史涨停溢价样本不足；龙虎榜未上榜或未匹配；仅可作为盘后缺失项,AKShare/Eastmoney pools + local technical screener + local stock_personality_history/history detail + Eastmoney LHB
2026-09-18,2026-09-21,001238,浙江正特,涨停,1,9.991639137268066,26.31,,41566884.0,1.1102749109268188,10:08:51,10:17:54,2,,文娱用品,1,1,指数上涨,情绪上升,,,0,4,2,2,2,不能打板,,中：需看集合竞价承接,实际有溢价,27.09,28.36,26.88,D:\codex\outputs\a_share_technical_screener\2026-09-21\raw_spot_sina.csv,0.029646522234891615,0.07791714177118969,0.02166476624857472,0.027646522234891613,False,True,False,False,,,,,,样本不足,,,,,,,,,,,,,,,,,,,,,,,,,,8.73,7.72,10.83,收盘封住涨停；大环境：情绪上升，允许适度提高进攻仓位；指数环境：指数上涨；首次封板偏晚，需要板块发酵、股性或大环境确认；首板/低板位溢价弹性需依赖题材和封板质量；炸板次数2次，可接受但需看承接；成交额过低，容量和滑点风险高；题材/行业热度一般：文娱用品；板块内封板排序第1，属于日内前排；今日涨停家数尚可,,收盘封住涨停；大环境：情绪上升，允许适度提高进攻仓位；指数环境：指数上涨；首次封板偏晚，需要板块发酵、股性或大环境确认；首板/低板位溢价弹性需依赖题材和封板质量；炸板次数2次，可接受但需看承接；成交额过低，容量和滑点风险高；题材/行业热度一般：文娱用品；板块内封板排序第1，属于日内前排；今日涨停家数尚可,前一交易日本行业涨停样本缺失；同股历史涨停溢价样本不足；龙虎榜未上榜或未匹配；仅可作为盘后缺失项,AKShare/Eastmoney pools + local technical screener + local stock_personality_history/history detail + Eastmoney LHB
2026-09-18,2026-09-21,002623,亚玛顿,涨停,1,9.97624683380127,18.52,,313267968.0,9.008864402770996,10:10:48,10:27:21,1,,光伏设备,1,1,指数上涨,情绪上升,,,0,7,1,1,1,谨慎可打,,低/可控,实际有溢价,18.68,20.37,19.83,D:\codex\outputs\a_share_technical_screener\2026-09-21\raw_spot_sina.csv,0.008639308855291628,0.09989200863930892,0.07073434125269973,0.0066393088552916275,False,True,False,False,,,,,,样本不足,,,,,,,,,,,,,,,,,,,,,,,,是,2.3364384174346924,9.78,11.96,15.03,收盘封住涨停；大环境：情绪上升，允许适度提高进攻仓位；指数环境：指数上涨；首次封板偏晚，需要板块发酵、股性或大环境确认；首板/低板位溢价弹性需依赖题材和封板质量；炸板次数1次，可接受但需看承接；换手处于可承接区间；题材/行业热度一般：光伏设备；板块内封板排序第1，属于日内前排；图形新高或强势池新高；今日涨停家数尚可,,收盘封住涨停；大环境：情绪上升，允许适度提高进攻仓位；指数环境：指数上涨；首次封板偏晚，需要板块发酵、股性或大环境确认；首板/低板位溢价弹性需依赖题材和封板质量；炸板次数1次，可接受但需看承接；换手处于可承接区间；题材/行业热度一般：光伏设备；板块内封板排序第1，属于日内前排；图形新高或强势池新高；今日涨停家数尚可,前一交易日本行业涨停样本缺失；同股历史涨停溢价样本不足；龙虎榜未上榜或未匹配；仅可作为盘后缺失项,AKShare/Eastmoney pools + local technical screener + local stock_personality_history/history detail + Eastmoney LHB
2026-09-18,2026-09-21,001211,双枪科技,涨停,1,9.987250328063965,25.88,,124232982.0,5.29569149017334,10:11:51,10:11:51,0,,家居用品,4,5,指数上涨,情绪上升,,,0,9,0,0,0,可以打板,,低/可控,实际有溢价,26.51,27.0,26.25,D:\codex\outputs\a_share_technical_screener\2026-09-21\raw_spot_sina.csv,0.024343122102009396,0.043276661514683123,0.014296754250386456,0.022343122102009394,False,True,False,False,,,,,,样本不足,1,1,1.0,1,1,1.0,0.03425505571605436,0.03755674783326457,1.0,1,0,0.0,0.0,0.03425505571605436,0.03755674783326457,,1,1.0,0.0,0.03425505571605436,0.03425505571605436,0.03755674783326457,-0.028889806025588105,是,1.1976840496063232,8.63,8.1,12.96,收盘封住涨停；大环境：情绪上升，允许适度提高进攻仓位；指数环境：指数上涨；首次封板偏晚，需要板块发酵、股性或大环境确认；首板/低板位溢价弹性需依赖题材和封板质量；未炸板；换手处于可承接区间；所属行业在今日涨停/炸板热度前排：家居用品；板块内封板排序第4，情绪上升期可按后排套利处理；图形新高或强势池新高；今日涨停家数尚可,,收盘封住涨停；大环境：情绪上升，允许适度提高进攻仓位；指数环境：指数上涨；首次封板偏晚，需要板块发酵、股性或大环境确认；首板/低板位溢价弹性需依赖题材和封板质量；未炸板；换手处于可承接区间；所属行业在今日涨停/炸板热度前排：家居用品；板块内封板排序第4，情绪上升期可按后排套利处理；图形新高或强势池新高；今日涨停家数尚可,前一交易日本行业涨停样本缺失；同股历史涨停溢价样本不足；龙虎榜未上榜或未匹配；仅可作为盘后缺失项,AKShare/Eastmoney pools + local technical screener + local stock_personality_history/history detail + Eastmoney LHB
2026-09-18,2026-09-21,002029,七 匹 狼,涨停,1,10.024450302124023,9.0,,348954000.0,5.970156669616699,10:13:03,10:34:45,1,,服装家纺,4,4,指数上涨,情绪上升,,,0,4,3,3,3,不能打板,,中：需看集合竞价承接,实际有溢价,9.25,9.28,9.16,D:\codex\outputs\a_share_technical_screener\2026-09-21\raw_spot_sina.csv,0.02777777777777768,0.03111111111111109,0.017777777777777892,0.025777777777777677,False,True,False,False,,,,,,样本不足,2,1,0.5,2,1,0.5,-0.006368392070484619,0.022874449339206904,0.5,1,0,0.0,0.0,-0.006368392070484619,0.022874449339206904,,2,0.5,0.5,-0.006368392070484619,-0.006368392070484619,0.022874449339206904,-0.00045980176211452006,,,8.56,5.55,9.09,收盘封住涨停；大环境：情绪上升，允许适度提高进攻仓位；指数环境：指数上涨；首次封板偏晚，需要板块发酵、股性或大环境确认；首板/低板位溢价弹性需依赖题材和封板质量；炸板次数1次，可接受但需看承接；换手处于可承接区间；题材/行业热度一般：服装家纺；板块内封板排序第4，不是日内前排；今日涨停家数尚可,,收盘封住涨停；大环境：情绪上升，允许适度提高进攻仓位；指数环境：指数上涨；首次封板偏晚，需要板块发酵、股性或大环境确认；首板/低板位溢价弹性需依赖题材和封板质量；炸板次数1次，可接受但需看承接；换手处于可承接区间；题材/行业热度一般：服装家纺；板块内封板排序第4，不是日内前排；今日涨停家数尚可,前一交易日本行业涨停样本缺失；同股历史涨停溢价样本不足；龙虎榜未上榜或未匹配；仅可作为盘后缺失项,AKShare/Eastmoney pools + local technical screener + local stock_personality_history/history detail + Eastmoney LHB
2026-09-18,2026-09-21,601026,道生天合,涨停,1,10.0,15.95,,177291890.0,10.30375862121582,10:25:43,10:26:22,1,,风电设备,2,2,指数上涨,情绪上升,,,0,6,1,1,1,谨慎可打,,低/可控,实际无溢价,15.83,15.95,15.6,D:\codex\outputs\a_share_technical_screener\2026-09-21\raw_spot_sina.csv,-0.007523510971786829,0.0,-0.021943573667711602,-0.009523510971786829,True,False,False,False,,,,,,样本不足,,,,,,,,,,,,,,,,,,,,,,,,,,8.58,9.35,12.64,收盘封住涨停；大环境：情绪上升，允许适度提高进攻仓位；指数环境：指数上涨；首次封板偏晚，需要板块发酵、股性或大环境确认；首板/低板位溢价弹性需依赖题材和封板质量；炸板次数1次，可接受但需看承接；换手处于可承接区间；题材/行业热度一般：风电设备；板块内封板排序第2，属于日内前排；今日涨停家数尚可,,收盘封住涨停；大环境：情绪上升，允许适度提高进攻仓位；指数环境：指数上涨；首次封板偏晚，需要板块发酵、股性或大环境确认；首板/低板位溢价弹性需依赖题材和封板质量；炸板次数1次，可接受但需看承接；换手处于可承接区间；题材/行业热度一般：风电设备；板块内封板排序第2，属于日内前排；今日涨停家数尚可,前一交易日本行业涨停样本缺失；同股历史涨停溢价样本不足；龙虎榜未上榜或未匹配；仅可作为盘后缺失项,AKShare/Eastmoney pools + local technical screener + local stock_personality_history/history detail + Eastmoney LHB
2026-09-18,2026-09-21,001399,惠科股份,涨停,1,10.018993377685547,23.17,,1466416528.0,15.015969276428223,10:35:27,10:35:27,0,,光学光电,2,3,指数上涨,情绪上升,,,0,8,0,0,0,可以打板,,低/可控,实际有溢价,23.88,24.99,24.22,D:\codex\outputs\a_share_technical_screener\2026-09-21\raw_spot_sina.csv,0.030643072939145366,0.07854984894259798,0.0453172205438066,0.028643072939145364,False,True,False,True,418680650.77,-8556871.55,,0.32641533688004415,0.04713970248762792,样本不足,,,,,,,,,,,,,,,,,,,,,,,,,,8.3,10.08,19.19,收盘封住涨停；大环境：情绪上升，允许适度提高进攻仓位；指数环境：指数上涨；首次封板偏晚，需要板块发酵、股性或大环境确认；首板/低板位溢价弹性需依赖题材和封板质量；未炸板；换手处于可承接区间；题材/行业热度一般：光学光电；板块内封板排序第2，属于日内前排；今日涨停家数尚可,盘后龙虎榜净买入4.19亿，可改善次日风险；机构净卖出0.09亿,收盘封住涨停；大环境：情绪上升，允许适度提高进攻仓位；指数环境：指数上涨；首次封板偏晚，需要板块发酵、股性或大环境确认；首板/低板位溢价弹性需依赖题材和封板质量；未炸板；换手处于可承接区间；题材/行业热度一般：光学光电；板块内封板排序第2，属于日内前排；今日涨停家数尚可,前一交易日本行业涨停样本缺失；同股历史涨停溢价样本不足,AKShare/Eastmoney pools + local technical screener + local stock_personality_history/history detail + Eastmoney LHB
2026-09-18,2026-09-21,601133,柏诚股份,涨停,1,9.98307991027832,26.0,,394136080.0,2.995009183883667,10:37:24,10:37:24,0,,专业工程,1,1,指数上涨,情绪上升,,,0,7,0,0,0,谨慎可打,,低/可控,实际有溢价,26.18,26.18,25.79,D:\codex\outputs\a_share_technical_screener\2026-09-21\raw_spot_sina.csv,0.00692307692307681,0.00692307692307681,-0.008076923076923093,0.00492307692307681,False,False,False,False,,,,,,样本不足,,,,,,,,,,,,,,,,,,,,,,,,,,8.84,9.65,13.89,收盘封住涨停；大环境：情绪上升，允许适度提高进攻仓位；指数环境：指数上涨；首次封板偏晚，需要板块发酵、股性或大环境确认；首板/低板位溢价弹性需依赖题材和封板质量；未炸板；题材/行业热度一般：专业工程；板块内封板排序第1，属于日内前排；今日涨停家数尚可,,收盘封住涨停；大环境：情绪上升，允许适度提高进攻仓位；指数环境：指数上涨；首次封板偏晚，需要板块发酵、股性或大环境确认；首板/低板位溢价弹性需依赖题材和封板质量；未炸板；题材/行业热度一般：专业工程；板块内封板排序第1，属于日内前排；今日涨停家数尚可,前一交易日本行业涨停样本缺失；同股历史涨停溢价样本不足；龙虎榜未上榜或未匹配；仅可作为盘后缺失项,AKShare/Eastmoney pools + local technical screener + local stock_personality_history/history detail + Eastmoney LHB
2026-09-18,2026-09-21,002971,和远气体,涨停,1,10.0,42.68,,1038442400.0,15.531045913696289,10:41:09,10:41:09,0,,化学制品,3,3,指数上涨,情绪上升,,,0,8,0,0,0,可以打板,,低/可控,实际无溢价,42.08,42.5,41.46,D:\codex\outputs\a_share_technical_screener\2026-09-21\raw_spot_sina.csv,-0.014058106841612017,-0.004217432052483594,-0.028584817244611038,-0.01605810684161202,True,False,False,False,,,,,,股性中性,5,1,0.2,5,1,0.2,-0.0012411116689678091,0.038693070303976354,0.2,1,0,0.0,0.0,-0.0012411116689678091,0.038693070303976354,,5,0.4,0.6,-0.0012411116689678091,-0.009916262670780163,0.038693070303976354,0.020884933966070697,,,7.95,9.02,13.93,收盘封住涨停；大环境：情绪上升，允许适度提高进攻仓位；指数环境：指数上涨；首次封板偏晚，需要板块发酵、股性或大环境确认；首板/低板位溢价弹性需依赖题材和封板质量；未炸板；换手处于可承接区间；题材/行业热度一般：化学制品；板块内封板排序第3，属于日内前排；今日涨停家数尚可；三年股性中性：涨停样本5，次日开盘有溢价率40.0%,,收盘封住涨停；大环境：情绪上升，允许适度提高进攻仓位；指数环境：指数上涨；首次封板偏晚，需要板块发酵、股性或大环境确认；首板/低板位溢价弹性需依赖题材和封板质量；未炸板；换手处于可承接区间；题材/行业热度一般：化学制品；板块内封板排序第3，属于日内前排；今日涨停家数尚可；三年股性中性：涨停样本5，次日开盘有溢价率40.0%,前一交易日本行业涨停样本缺失；龙虎榜未上榜或未匹配；仅可作为盘后缺失项,AKShare/Eastmoney pools + local technical screener + local stock_personality_history/history detail + Eastmoney LHB
2026-09-18,2026-09-21,600127,金健米业,涨停,2,9.984639167785645,14.32,,4160809344.0,47.06491470336914,10:41:56,14:24:17,35,,农产品加,1,1,指数上涨,情绪上升,,,0,7,4,3,3,谨慎可打（次日风险高）,,中：需看集合竞价承接,实际有溢价,14.5,15.75,15.75,D:\codex\outputs\a_share_technical_screener\2026-09-21\raw_spot_sina.csv,0.012569832402234526,0.09986033519553073,0.09986033519553073,0.010569832402234526,False,True,True,True,336699666.75,0.0,,0.17814934362752627,0.12477808795782964,股性中性,7,5,0.7142857142857143,7,5,0.7142857142857143,0.0033245837650167087,0.06679302726859533,0.7142857142857143,5,0,0.0,0.0,0.0033245837650167087,0.06679302726859533,,6,0.5,0.5,0.0033245837650167087,0.0009205442962977317,0.06679302726859533,0.02789327963710958,否,1.3888076543807983,8.32,5.06,5.68,收盘封住涨停；大环境：情绪上升，允许适度提高进攻仓位；指数环境：指数上涨；首次封板偏晚，需要板块发酵、股性或大环境确认；2板承接优于普通首板；炸板次数35次，封板分歧大；换手过高，次日抛压风险上升；成交额较大，具备市场辨识度；题材/行业热度一般：农产品加；板块内封板排序第1，属于日内前排；接近年/三年高点，图形有辨识度；今日涨停家数尚可；三年股性中性：涨停样本7，次日开盘有溢价率50.0%；历史封板稳定性一般：涨停/炸板样本中未封住比例71.4%,盘后龙虎榜净买入3.37亿，可改善次日风险,收盘封住涨停；大环境：情绪上升，允许适度提高进攻仓位；指数环境：指数上涨；首次封板偏晚，需要板块发酵、股性或大环境确认；2板承接优于普通首板；炸板次数35次，封板分歧大；换手过高，次日抛压风险上升；成交额较大，具备市场辨识度；题材/行业热度一般：农产品加；板块内封板排序第1，属于日内前排；接近年/三年高点，图形有辨识度；今日涨停家数尚可；三年股性中性：涨停样本7，次日开盘有溢价率50.0%；历史封板稳定性一般：涨停/炸板样本中未封住比例71.4%,前一交易日本行业涨停样本缺失,AKShare/Eastmoney pools + local technical screener + local stock_personality_history/history detail + Eastmoney LHB
2026-09-18,2026-09-21,600838,上海九百,涨停,1,9.98719596862793,8.59,,186156677.0,5.550406455993652,10:44:43,10:51:15,1,,一般零售,3,4,指数上涨,情绪上升,,,0,6,1,1,1,谨慎可打,,低/可控,实际有溢价,8.76,8.81,8.71,D:\codex\outputs\a_share_technical_screener\2026-09-21\raw_spot_sina.csv,0.019790454016298087,0.025611175785797524,0.01396973224679865,0.017790454016298085,False,True,False,False,,,,,,样本不足,1,1,1.0,1,1,1.0,0.03366583541147117,0.06234413965087282,1.0,1,0,0.0,0.0,0.03366583541147117,0.06234413965087282,,1,1.0,0.0,0.03366583541147117,0.03366583541147117,0.06234413965087282,0.03615960099750626,,,7.43,3.2,5.79,收盘封住涨停；大环境：情绪上升，允许适度提高进攻仓位；指数环境：指数上涨；首次封板偏晚，需要板块发酵、股性或大环境确认；首板/低板位溢价弹性需依赖题材和封板质量；炸板次数1次，可接受但需看承接；换手处于可承接区间；题材/行业热度一般：一般零售；板块内封板排序第3，属于日内前排；今日涨停家数尚可,,收盘封住涨停；大环境：情绪上升，允许适度提高进攻仓位；指数环境：指数上涨；首次封板偏晚，需要板块发酵、股性或大环境确认；首板/低板位溢价弹性需依赖题材和封板质量；炸板次数1次，可接受但需看承接；换手处于可承接区间；题材/行业热度一般：一般零售；板块内封板排序第3，属于日内前排；今日涨停家数尚可,前一交易日本行业涨停样本缺失；同股历史涨停溢价样本不足；龙虎榜未上榜或未匹配；仅可作为盘后缺失项,AKShare/Eastmoney pools + local technical screener + local stock_personality_history/history detail + Eastmoney LHB
2026-09-18,2026-09-21,920298,腾信精密,涨停,1,30.000001907348633,90.48,,827694944.0,67.27347564697266,10:47:58,13:00:01,2,,专用设备,1,4,指数上涨,情绪上升,,,0,5,2,1,1,谨慎可打,,低/可控,实际有溢价,92.99,104.44,94.5,D:\codex\outputs\a_share_technical_screener\2026-09-21\raw_spot_sina.csv,0.02774093722369564,0.1542882404951369,0.04442970822281156,0.025740937223695637,False,True,False,True,22368665.91,-30973782.92,拉萨系:东方财富证券股份有限公司拉萨东环路第二证券营业部,0.10116345287102421,0.08272480566424492,样本不足,,,,,,,,,,,,,,,,,,,,,,,,,,,,,收盘封住涨停；大环境：情绪上升，允许适度提高进攻仓位；指数环境：指数上涨；首次封板偏晚，需要板块发酵、股性或大环境确认；首板/低板位溢价弹性需依赖题材和封板质量；炸板次数2次，可接受但需看承接；换手过高，次日抛压风险上升；题材/行业热度一般：专用设备；板块内封板排序第1，属于日内前排；今日涨停家数尚可,盘后龙虎榜净买入0.22亿，可改善次日风险；机构净卖出0.31亿；关注席位上榜：拉萨系:东方财富证券股份有限公司拉萨东环路第二证券营业部,收盘封住涨停；大环境：情绪上升，允许适度提高进攻仓位；指数环境：指数上涨；首次封板偏晚，需要板块发酵、股性或大环境确认；首板/低板位溢价弹性需依赖题材和封板质量；炸板次数2次，可接受但需看承接；换手过高，次日抛压风险上升；题材/行业热度一般：专用设备；板块内封板排序第1，属于日内前排；今日涨停家数尚可,前一交易日本行业涨停样本缺失；技术筛选图形缺失；同股历史涨停溢价样本不足,AKShare/Eastmoney pools + local technical screener + local stock_personality_history/history detail + Eastmoney LHB
2026-09-18,2026-09-21,688175,高凌信息,涨停,1,19.977924346923828,21.74,,247409618.0,7.152559280395508,10:48:11,13:16:17,2,,军工电子,1,1,指数上涨,情绪上升,,,0,6,1,0,0,谨慎可打,,低/可控,实际有溢价,21.96,22.33,21.98,D:\codex\outputs\a_share_technical_screener\2026-09-21\raw_spot_sina.csv,0.010119595216191435,0.027138914443422202,0.011039558417663464,0.008119595216191435,False,True,False,True,39929389.12,0.0,,0.33122211025764564,0.1698322970895228,样本不足,,,,,,,,,,,,,,,,,,,,,,,,,,19.2,20.55,25.81,收盘封住涨停；大环境：情绪上升，允许适度提高进攻仓位；指数环境：指数上涨；首次封板偏晚，需要板块发酵、股性或大环境确认；首板/低板位溢价弹性需依赖题材和封板质量；炸板次数2次，可接受但需看承接；换手处于可承接区间；题材/行业热度一般：军工电子；板块内封板排序第1，属于日内前排；今日涨停家数尚可,盘后龙虎榜净买入0.40亿，可改善次日风险,收盘封住涨停；大环境：情绪上升，允许适度提高进攻仓位；指数环境：指数上涨；首次封板偏晚，需要板块发酵、股性或大环境确认；首板/低板位溢价弹性需依赖题材和封板质量；炸板次数2次，可接受但需看承接；换手处于可承接区间；题材/行业热度一般：军工电子；板块内封板排序第1，属于日内前排；今日涨停家数尚可,前一交易日本行业涨停样本缺失；同股历史涨停溢价样本不足,AKShare/Eastmoney pools + local technical screener + local stock_personality_history/history detail + Eastmoney LHB
2026-09-18,2026-09-21,002005,德豪润达,涨停,1,9.91735553741455,2.66,,168037975.0,3.6834447383880615,10:48:18,13:29:24,2,,小家电,1,1,指数上涨,情绪上升,,,0,6,1,1,1,谨慎可打,,低/可控,实际无溢价,2.66,2.81,2.64,D:\codex\outputs\a_share_technical_screener\2026-09-21\raw_spot_sina.csv,0.0,0.05639097744360888,-0.007518796992481258,-0.002,False,True,False,False,,,,,,样本不足,2,0,0.0,2,0,0.0,0.029880478087649487,0.04780876494023911,0.0,0,0,,,0.029880478087649487,0.04780876494023911,,2,1.0,0.0,0.029880478087649487,0.029880478087649487,0.04780876494023911,0.005976095617530042,,,7.43,9.38,11.76,收盘封住涨停；大环境：情绪上升，允许适度提高进攻仓位；指数环境：指数上涨；首次封板偏晚，需要板块发酵、股性或大环境确认；首板/低板位溢价弹性需依赖题材和封板质量；炸板次数2次，可接受但需看承接；换手处于可承接区间；题材/行业热度一般：小家电；板块内封板排序第1，属于日内前排；今日涨停家数尚可,,收盘封住涨停；大环境：情绪上升，允许适度提高进攻仓位；指数环境：指数上涨；首次封板偏晚，需要板块发酵、股性或大环境确认；首板/低板位溢价弹性需依赖题材和封板质量；炸板次数2次，可接受但需看承接；换手处于可承接区间；题材/行业热度一般：小家电；板块内封板排序第1，属于日内前排；今日涨停家数尚可,前一交易日本行业涨停样本缺失；同股历史涨停溢价样本不足；龙虎榜未上榜或未匹配；仅可作为盘后缺失项,AKShare/Eastmoney pools + local technical screener + local stock_personality_history/history detail + Eastmoney LHB
2026-09-18,2026-09-21,601811,新华文轩,涨停,1,9.968354225158691,13.9,,389949472.0,3.6725199222564697,10:56:14,11:22:32,2,,出版,2,2,指数上涨,情绪上升,,,0,7,1,1,1,谨慎可打,,低/可控,实际有溢价,14.5,15.29,15.29,D:\codex\outputs\a_share_technical_screener\2026-09-21\raw_spot_sina.csv,0.043165467625899234,0.09999999999999987,0.09999999999999987,0.04116546762589923,False,True,True,False,,,,,,样本不足,,,,,,,,,,,,,,,,,,,,,,,,是,4.228403091430664,11.36,14.67,18.91,收盘封住涨停；大环境：情绪上升，允许适度提高进攻仓位；指数环境：指数上涨；首次封板偏晚，需要板块发酵、股性或大环境确认；首板/低板位溢价弹性需依赖题材和封板质量；炸板次数2次，可接受但需看承接；换手处于可承接区间；题材/行业热度一般：出版；板块内封板排序第2，属于日内前排；图形新高或强势池新高；今日涨停家数尚可,,收盘封住涨停；大环境：情绪上升，允许适度提高进攻仓位；指数环境：指数上涨；首次封板偏晚，需要板块发酵、股性或大环境确认；首板/低板位溢价弹性需依赖题材和封板质量；炸板次数2次，可接受但需看承接；换手处于可承接区间；题材/行业热度一般：出版；板块内封板排序第2，属于日内前排；图形新高或强势池新高；今日涨停家数尚可,前一交易日本行业涨停样本缺失；同股历史涨停溢价样本不足；龙虎榜未上榜或未匹配；仅可作为盘后缺失项,AKShare/Eastmoney pools + local technical screener + local stock_personality_history/history detail + Eastmoney LHB
2026-09-18,2026-09-21,001229,魅视科技,涨停,1,10.013755798339844,39.99,,208145241.0,7.402834892272949,11:02:39,11:02:39,0,,计算机设,2,2,指数上涨,情绪上升,,,0,9,0,0,0,可以打板,,低/可控,实际有溢价,40.3,40.3,39.55,D:\codex\outputs\a_share_technical_screener\2026-09-21\raw_spot_sina.csv,0.007751937984495916,0.007751937984495916,-0.011002750687672092,0.005751937984495916,False,False,False,False,,,,,,股性偏强,4,2,0.5,4,2,0.5,0.025089113262555446,0.06826963451668416,0.5,2,0,0.0,0.0,0.025089113262555446,0.06826963451668416,,4,0.75,0.25,0.025089113262555446,0.028175717106033504,0.06826963451668416,0.051998417951979264,,,7.45,4.48,7.27,收盘封住涨停；大环境：情绪上升，允许适度提高进攻仓位；指数环境：指数上涨；首次封板偏晚，需要板块发酵、股性或大环境确认；首板/低板位溢价弹性需依赖题材和封板质量；未炸板；换手处于可承接区间；题材/行业热度一般：计算机设；板块内封板排序第2，属于日内前排；今日涨停家数尚可；三年股性偏强：涨停样本4，次日开盘有溢价率75.0%，均值2.5%；历史封板稳定性一般：涨停/炸板样本中未封住比例50.0%,,收盘封住涨停；大环境：情绪上升，允许适度提高进攻仓位；指数环境：指数上涨；首次封板偏晚，需要板块发酵、股性或大环境确认；首板/低板位溢价弹性需依赖题材和封板质量；未炸板；换手处于可承接区间；题材/行业热度一般：计算机设；板块内封板排序第2，属于日内前排；今日涨停家数尚可；三年股性偏强：涨停样本4，次日开盘有溢价率75.0%，均值2.5%；历史封板稳定性一般：涨停/炸板样本中未封住比例50.0%,前一交易日本行业涨停样本缺失；龙虎榜未上榜或未匹配；仅可作为盘后缺失项,AKShare/Eastmoney pools + local technical screener + local stock_personality_history/history detail + Eastmoney LHB
2026-09-18,2026-09-21,301583,托伦斯,涨停,1,20.0,142.56,,1675296896.0,41.15837478637695,11:03:36,11:03:36,0,,半导体,6,7,指数上涨,情绪上升,,,0,7,1,0,0,谨慎可打,,低/可控,实际无溢价,138.7,142.01,140.2,D:\codex\outputs\a_share_technical_screener\2026-09-21\raw_spot_sina.csv,-0.02707631874298555,-0.0038580246913580973,-0.01655443322109995,-0.029076318742985552,True,True,False,True,179719704.3,-108970681.10000001,武汉紫阳东路:国泰海通证券股份有限公司武汉紫阳东路证券营业部,0.26042740044415125,0.14607417848015575,样本不足,1,0,0.0,1,0,0.0,-0.1023563218390805,0.021149425287356305,0.0,0,0,,,-0.1023563218390805,0.021149425287356305,,1,0.0,1.0,-0.1023563218390805,-0.1023563218390805,0.021149425287356305,0.005747126436781658,,,16.89,20.52,29.21,收盘封住涨停；大环境：情绪上升，允许适度提高进攻仓位；指数环境：指数上涨；首次封板偏晚，需要板块发酵、股性或大环境确认；首板/低板位溢价弹性需依赖题材和封板质量；未炸板；换手过高，次日抛压风险上升；所属行业在今日涨停/炸板热度前排：半导体；板块内封板排序第6，情绪上升期可按后排套利处理；今日涨停家数尚可,盘后龙虎榜净买入1.80亿，可改善次日风险；机构净卖出1.09亿；关注席位上榜：武汉紫阳东路:国泰海通证券股份有限公司武汉紫阳东路证券营业部,收盘封住涨停；大环境：情绪上升，允许适度提高进攻仓位；指数环境：指数上涨；首次封板偏晚，需要板块发酵、股性或大环境确认；首板/低板位溢价弹性需依赖题材和封板质量；未炸板；换手过高，次日抛压风险上升；所属行业在今日涨停/炸板热度前排：半导体；板块内封板排序第6，情绪上升期可按后排套利处理；今日涨停家数尚可,前一交易日本行业涨停样本缺失；同股历史涨停溢价样本不足,AKShare/Eastmoney pools + local technical screener + local stock_personality_history/history detail + Eastmoney LHB
2026-09-18,2026-09-21,001212,中旗新材,涨停,1,9.991312026977539,37.98,,332054128.0,4.977301120758057,11:09:36,11:09:36,0,,装修建材,1,1,指数上涨,情绪上升,,,0,8,0,0,0,可以打板,,低/可控,实际无溢价,37.78,38.7,38.31,D:\codex\outputs\a_share_technical_screener\2026-09-21\raw_spot_sina.csv,-0.005265929436545469,0.018957345971564177,0.00868878357030023,-0.007265929436545469,True,True,False,False,,,,,,样本不足,1,0,0.0,1,0,0.0,0.009994288977726917,0.02741290691033682,0.0,0,0,,,0.009994288977726917,0.02741290691033682,,1,1.0,0.0,0.009994288977726917,0.009994288977726917,0.02741290691033682,0.012849800114220322,,,5.98,10.72,19.28,收盘封住涨停；大环境：情绪上升，允许适度提高进攻仓位；指数环境：指数上涨；首次封板偏晚，需要板块发酵、股性或大环境确认；首板/低板位溢价弹性需依赖题材和封板质量；未炸板；换手处于可承接区间；题材/行业热度一般：装修建材；板块内封板排序第1，属于日内前排；今日涨停家数尚可,,收盘封住涨停；大环境：情绪上升，允许适度提高进攻仓位；指数环境：指数上涨；首次封板偏晚，需要板块发酵、股性或大环境确认；首板/低板位溢价弹性需依赖题材和封板质量；未炸板；换手处于可承接区间；题材/行业热度一般：装修建材；板块内封板排序第1，属于日内前排；今日涨停家数尚可,前一交易日本行业涨停样本缺失；同股历史涨停溢价样本不足；龙虎榜未上榜或未匹配；仅可作为盘后缺失项,AKShare/Eastmoney pools + local technical screener + local stock_personality_history/history detail + Eastmoney LHB
2026-09-18,2026-09-21,603118,共进股份,涨停,1,10.029850959777832,18.43,,1624579312.0,11.697000503540039,11:13:11,11:13:11,0,,通信设备,2,2,指数上涨,情绪上升,,,0,8,0,0,0,可以打板,,低/可控,实际无溢价,18.35,18.74,18.65,D:\codex\outputs\a_share_technical_screener\2026-09-21\raw_spot_sina.csv,-0.0043407487791643495,0.016820401519261896,0.011937059142702156,-0.00634074877916435,True,True,False,False,,,,,,样本不足,2,0,0.0,2,0,0.0,0.019563689612008717,0.03242722428762401,0.0,0,0,,,0.019563689612008717,0.03242722428762401,,2,0.5,0.5,0.019563689612008717,0.019563689612008717,0.03242722428762401,0.013700116171032728,,,8.64,7.48,15.55,收盘封住涨停；大环境：情绪上升，允许适度提高进攻仓位；指数环境：指数上涨；首次封板偏晚，需要板块发酵、股性或大环境确认；首板/低板位溢价弹性需依赖题材和封板质量；未炸板；换手处于可承接区间；题材/行业热度一般：通信设备；板块内封板排序第2，属于日内前排；今日涨停家数尚可,,收盘封住涨停；大环境：情绪上升，允许适度提高进攻仓位；指数环境：指数上涨；首次封板偏晚，需要板块发酵、股性或大环境确认；首板/低板位溢价弹性需依赖题材和封板质量；未炸板；换手处于可承接区间；题材/行业热度一般：通信设备；板块内封板排序第2，属于日内前排；今日涨停家数尚可,前一交易日本行业涨停样本缺失；同股历史涨停溢价样本不足；龙虎榜未上榜或未匹配；仅可作为盘后缺失项,AKShare/Eastmoney pools + local technical screener + local stock_personality_history/history detail + Eastmoney LHB
2026-09-18,2026-09-21,600621,华鑫股份,涨停,1,9.984399795532227,14.1,,584159408.0,4.009838104248047,11:18:11,11:18:39,1,,证券Ⅱ,1,1,指数上涨,情绪上升,,,0,7,1,1,1,谨慎可打,,低/可控,实际有溢价,14.49,14.49,14.24,D:\codex\outputs\a_share_technical_screener\2026-09-21\raw_spot_sina.csv,0.027659574468085202,0.027659574468085202,0.009929078014184523,0.0256595744680852,False,True,False,False,,,,,,样本不足,,,,,,,,,,,,,,,,,,,,,,,,是,4.89948844909668,7.78,6.63,9.13,收盘封住涨停；大环境：情绪上升，允许适度提高进攻仓位；指数环境：指数上涨；首次封板偏晚，需要板块发酵、股性或大环境确认；首板/低板位溢价弹性需依赖题材和封板质量；炸板次数1次，可接受但需看承接；换手处于可承接区间；题材/行业热度一般：证券Ⅱ；板块内封板排序第1，属于日内前排；图形新高或强势池新高；今日涨停家数尚可,,收盘封住涨停；大环境：情绪上升，允许适度提高进攻仓位；指数环境：指数上涨；首次封板偏晚，需要板块发酵、股性或大环境确认；首板/低板位溢价弹性需依赖题材和封板质量；炸板次数1次，可接受但需看承接；换手处于可承接区间；题材/行业热度一般：证券Ⅱ；板块内封板排序第1，属于日内前排；图形新高或强势池新高；今日涨停家数尚可,前一交易日本行业涨停样本缺失；同股历史涨停溢价样本不足；龙虎榜未上榜或未匹配；仅可作为盘后缺失项,AKShare/Eastmoney pools + local technical screener + local stock_personality_history/history detail + Eastmoney LHB
2026-09-18,2026-09-21,000532,华金资本,涨停,1,10.016977310180664,12.96,,436289072.0,10.08335018157959,11:28:27,13:12:39,1,,多元金融,1,1,指数上涨,情绪上升,,,0,7,1,1,1,谨慎可打,,低/可控,实际无溢价,12.55,14.26,14.26,D:\codex\outputs\a_share_technical_screener\2026-09-21\raw_spot_sina.csv,-0.031635802469135776,0.10030864197530853,0.10030864197530853,-0.03363580246913578,True,True,True,False,,,,,,样本不足,1,0,0.0,1,0,0.0,-0.03057119871279157,-0.008045052292839916,0.0,0,0,,,-0.03057119871279157,-0.008045052292839916,,1,0.0,1.0,-0.03057119871279157,-0.03057119871279157,-0.008045052292839916,-0.023330651649235645,是,1.712986707687378,7.5,9.03,6.75,收盘封住涨停；大环境：情绪上升，允许适度提高进攻仓位；指数环境：指数上涨；首次封板偏晚，需要板块发酵、股性或大环境确认；首板/低板位溢价弹性需依赖题材和封板质量；炸板次数1次，可接受但需看承接；换手处于可承接区间；题材/行业热度一般：多元金融；板块内封板排序第1，属于日内前排；图形新高或强势池新高；今日涨停家数尚可,,收盘封住涨停；大环境：情绪上升，允许适度提高进攻仓位；指数环境：指数上涨；首次封板偏晚，需要板块发酵、股性或大环境确认；首板/低板位溢价弹性需依赖题材和封板质量；炸板次数1次，可接受但需看承接；换手处于可承接区间；题材/行业热度一般：多元金融；板块内封板排序第1，属于日内前排；图形新高或强势池新高；今日涨停家数尚可,前一交易日本行业涨停样本缺失；同股历史涨停溢价样本不足；龙虎榜未上榜或未匹配；仅可作为盘后缺失项,AKShare/Eastmoney pools + local technical screener + local stock_personality_history/history detail + Eastmoney LHB
2026-09-18,2026-09-21,600577,精达股份,涨停,1,9.96216869354248,8.72,,1158224576.0,6.1186394691467285,13:02:44,14:45:14,1,,电网设备,4,6,指数上涨,情绪上升,,,0,6,1,1,1,谨慎可打,,低/可控,实际有溢价,8.86,8.99,8.98,D:\codex\outputs\a_share_technical_screener\2026-09-21\raw_spot_sina.csv,0.016055045871559592,0.03096330275229353,0.029816513761467878,0.014055045871559592,False,True,False,False,,,,,,样本不足,1,0,0.0,1,0,0.0,0.010392609699769073,0.02771362586605086,0.0,0,0,,,0.010392609699769073,0.02771362586605086,,1,1.0,0.0,0.010392609699769073,0.010392609699769073,0.02771362586605086,-0.012702078521939941,,,7.28,7.56,8.73,收盘封住涨停；大环境：情绪上升，允许适度提高进攻仓位；指数环境：指数上涨；首次封板偏晚，需要板块发酵、股性或大环境确认；首板/低板位溢价弹性需依赖题材和封板质量；炸板次数1次，可接受但需看承接；换手处于可承接区间；所属行业在今日涨停/炸板热度前排：电网设备；板块内封板排序第4，情绪上升期可按后排套利处理；今日涨停家数尚可,,收盘封住涨停；大环境：情绪上升，允许适度提高进攻仓位；指数环境：指数上涨；首次封板偏晚，需要板块发酵、股性或大环境确认；首板/低板位溢价弹性需依赖题材和封板质量；炸板次数1次，可接受但需看承接；换手处于可承接区间；所属行业在今日涨停/炸板热度前排：电网设备；板块内封板排序第4，情绪上升期可按后排套利处理；今日涨停家数尚可,前一交易日本行业涨停样本缺失；同股历史涨停溢价样本不足；龙虎榜未上榜或未匹配；仅可作为盘后缺失项,AKShare/Eastmoney pools + local technical screener + local stock_personality_history/history detail + Eastmoney LHB
2026-09-18,2026-09-21,600606,绿地控股,涨停,1,9.848484992980957,1.45,,502158656.0,2.550983428955078,13:14:37,13:14:37,0,,房地产开,1,3,指数上涨,情绪上升,,,0,8,0,0,0,可以打板,,低/可控,实际有溢价,1.54,1.6,1.6,D:\codex\outputs\a_share_technical_screener\2026-09-21\raw_spot_sina.csv,0.0620689655172415,0.10344827586206895,0.10344827586206895,0.0600689655172415,False,True,True,False,,,,,,样本不足,,,,,,,,,,,,,,,,,,,,,,,,是,3.642268180847168,9.68,9.68,13.28,收盘封住涨停；大环境：情绪上升，允许适度提高进攻仓位；指数环境：指数上涨；首次封板偏晚，需要板块发酵、股性或大环境确认；首板/低板位溢价弹性需依赖题材和封板质量；未炸板；题材/行业热度一般：房地产开；板块内封板排序第1，属于日内前排；图形新高或强势池新高；今日涨停家数尚可,,收盘封住涨停；大环境：情绪上升，允许适度提高进攻仓位；指数环境：指数上涨；首次封板偏晚，需要板块发酵、股性或大环境确认；首板/低板位溢价弹性需依赖题材和封板质量；未炸板；题材/行业热度一般：房地产开；板块内封板排序第1，属于日内前排；图形新高或强势池新高；今日涨停家数尚可,前一交易日本行业涨停样本缺失；同股历史涨停溢价样本不足；龙虎榜未上榜或未匹配；仅可作为盘后缺失项,AKShare/Eastmoney pools + local technical screener + local stock_personality_history/history detail + Eastmoney LHB
2026-09-18,2026-09-21,600719,大连热电,涨停,1,10.065360069274902,8.42,,336252640.0,10.162467002868652,13:15:23,14:15:20,1,,电力,4,4,指数上涨,情绪上升,,,0,5,3,2,2,谨慎可打,,中：需看集合竞价承接,实际无溢价,8.34,8.43,8.17,D:\codex\outputs\a_share_technical_screener\2026-09-21\raw_spot_sina.csv,-0.009501187648456089,0.0011876484560569,-0.029691211401425166,-0.011501187648456089,True,False,False,True,51950172.0,0.0,,0.2598665966784196,0.10536916011251504,样本不足,,,,,,,,,,,,,,,,,,,,,,,,是,2.2609221935272217,7.21,8.65,10.5,收盘封住涨停；大环境：情绪上升，允许适度提高进攻仓位；指数环境：指数上涨；首次封板偏晚，需要板块发酵、股性或大环境确认；首板/低板位溢价弹性需依赖题材和封板质量；炸板次数1次，可接受但需看承接；换手处于可承接区间；题材/行业热度一般：电力；板块内封板排序第4，不是日内前排；图形新高或强势池新高；今日涨停家数尚可,盘后龙虎榜净买入0.52亿，可改善次日风险,收盘封住涨停；大环境：情绪上升，允许适度提高进攻仓位；指数环境：指数上涨；首次封板偏晚，需要板块发酵、股性或大环境确认；首板/低板位溢价弹性需依赖题材和封板质量；炸板次数1次，可接受但需看承接；换手处于可承接区间；题材/行业热度一般：电力；板块内封板排序第4，不是日内前排；图形新高或强势池新高；今日涨停家数尚可,前一交易日本行业涨停样本缺失；同股历史涨停溢价样本不足,AKShare/Eastmoney pools + local technical screener + local stock_personality_history/history detail + Eastmoney LHB
2026-09-18,2026-09-21,301689,电科思仪,涨停,1,20.0,63.0,,1588249888.0,49.33680725097656,13:15:39,13:15:39,0,,通用设备,4,5,指数上涨,情绪上升,,,0,7,1,3,3,谨慎可打,,中：需看集合竞价承接,实际无溢价,62.2,66.2,62.7,D:\codex\outputs\a_share_technical_screener\2026-09-21\raw_spot_sina.csv,-0.012698412698412653,0.050793650793650835,-0.004761904761904745,-0.014698412698412653,True,True,False,True,-13201426.07,-142402023.57999998,,0.18131973294998274,0.20011822599291124,样本不足,,,,,,,,,,,,,,,,,,,,,,,,,,,,,收盘封住涨停；大环境：情绪上升，允许适度提高进攻仓位；指数环境：指数上涨；首次封板偏晚，需要板块发酵、股性或大环境确认；首板/低板位溢价弹性需依赖题材和封板质量；未炸板；换手过高，次日抛压风险上升；所属行业在今日涨停/炸板热度前排：通用设备；板块内封板排序第4，情绪上升期可按后排套利处理；今日涨停家数尚可,盘后龙虎榜净卖出0.13亿，次日风险上升；机构净卖出1.42亿,收盘封住涨停；大环境：情绪上升，允许适度提高进攻仓位；指数环境：指数上涨；首次封板偏晚，需要板块发酵、股性或大环境确认；首板/低板位溢价弹性需依赖题材和封板质量；未炸板；换手过高，次日抛压风险上升；所属行业在今日涨停/炸板热度前排：通用设备；板块内封板排序第4，情绪上升期可按后排套利处理；今日涨停家数尚可,前一交易日本行业涨停样本缺失；技术筛选图形缺失；同股历史涨停溢价样本不足,AKShare/Eastmoney pools + local technical screener + local stock_personality_history/history detail + Eastmoney LHB
2026-09-18,2026-09-21,603016,新宏泰,涨停,1,9.996391296386719,30.48,,171435422.0,3.9343149662017822,13:20:04,13:20:04,0,,电网设备,5,6,指数上涨,情绪上升,,,0,8,0,0,0,可以打板,,低/可控,实际有溢价,31.35,33.33,32.57,D:\codex\outputs\a_share_technical_screener\2026-09-21\raw_spot_sina.csv,0.028543307086614123,0.09350393700787385,0.06856955380577423,0.02654330708661412,False,True,False,False,,,,,,样本不足,1,0,0.0,1,0,0.0,0.0034711265383402523,0.057115809403597284,0.0,0,0,,,0.0034711265383402523,0.057115809403597284,,1,1.0,0.0,0.0034711265383402523,0.0034711265383402523,0.057115809403597284,0.013568949195329694,,,8.45,3.9,8.93,收盘封住涨停；大环境：情绪上升，允许适度提高进攻仓位；指数环境：指数上涨；首次封板偏晚，需要板块发酵、股性或大环境确认；首板/低板位溢价弹性需依赖题材和封板质量；未炸板；换手处于可承接区间；所属行业在今日涨停/炸板热度前排：电网设备；板块内封板排序第5，情绪上升期可按后排套利处理；今日涨停家数尚可,,收盘封住涨停；大环境：情绪上升，允许适度提高进攻仓位；指数环境：指数上涨；首次封板偏晚，需要板块发酵、股性或大环境确认；首板/低板位溢价弹性需依赖题材和封板质量；未炸板；换手处于可承接区间；所属行业在今日涨停/炸板热度前排：电网设备；板块内封板排序第5，情绪上升期可按后排套利处理；今日涨停家数尚可,前一交易日本行业涨停样本缺失；同股历史涨停溢价样本不足；龙虎榜未上榜或未匹配；仅可作为盘后缺失项,AKShare/Eastmoney pools + local technical screener + local stock_personality_history/history detail + Eastmoney LHB
2026-09-18,2026-09-21,000410,沈阳机床,涨停,1,10.079051971435547,5.57,,366852656.0,3.446221351623535,13:28:12,13:28:12,0,,通用设备,5,5,指数上涨,情绪上升,,,0,8,3,3,3,谨慎可打,,中：需看集合竞价承接,实际无溢价,5.3,5.5,5.44,D:\codex\outputs\a_share_technical_screener\2026-09-21\raw_spot_sina.csv,-0.04847396768402168,-0.012567324955116699,-0.02333931777378817,-0.05047396768402168,True,True,False,False,,,,,,A杀血统高,2,2,1.0,2,2,1.0,-0.022569444444444475,-0.01822916666666663,1.0,2,1,0.5,0.5,-0.022569444444444475,-0.01822916666666663,谨慎可打,2,0.0,1.0,-0.022569444444444475,-0.022569444444444475,-0.01822916666666663,-0.05902777777777768,,,9.3,8.16,10.3,收盘封住涨停；大环境：情绪上升，允许适度提高进攻仓位；指数环境：指数上涨；首次封板偏晚，需要板块发酵、股性或大环境确认；首板/低板位溢价弹性需依赖题材和封板质量；未炸板；换手处于可承接区间；所属行业在今日涨停/炸板热度前排：通用设备；板块内封板排序第5，情绪上升期可按后排套利处理；今日涨停家数尚可；A杀血统指数偏高：历史炸板样本2，炸板后A杀率50.0%；A杀血统样本较少，强制退出严格可以打板名单；A杀血统指数>30%，样本较少但强制降档为谨慎可打,,收盘封住涨停；大环境：情绪上升，允许适度提高进攻仓位；指数环境：指数上涨；首次封板偏晚，需要板块发酵、股性或大环境确认；首板/低板位溢价弹性需依赖题材和封板质量；未炸板；换手处于可承接区间；所属行业在今日涨停/炸板热度前排：通用设备；板块内封板排序第5，情绪上升期可按后排套利处理；今日涨停家数尚可；A杀血统指数偏高：历史炸板样本2，炸板后A杀率50.0%；A杀血统样本较少，强制退出严格可以打板名单；A杀血统指数>30%，样本较少但强制降档为谨慎可打,前一交易日本行业涨停样本缺失；同股历史涨停溢价样本不足；龙虎榜未上榜或未匹配；仅可作为盘后缺失项,AKShare/Eastmoney pools + local technical screener + local stock_personality_history/history detail + Eastmoney LHB
2026-09-18,2026-09-21,002980,华盛昌,涨停,1,10.000859260559082,128.03,,1982778928.0,16.014699935913086,13:35:21,14:53:00,1,,电网设备,6,6,指数上涨,情绪上升,,,0,8,1,-2,-2,可以打板,,低/可控,实际有溢价,128.38,128.57,118.45,D:\codex\outputs\a_share_technical_screener\2026-09-21\raw_spot_sina.csv,0.0027337342810278553,0.0042177614621572435,-0.0748262126064203,0.0007337342810278553,False,False,False,True,185218846.2,11402878.0,武汉紫阳东路:国泰海通证券股份有限公司武汉紫阳东路证券营业部,0.26068920264626455,0.19744969227587947,股性偏强,7,6,0.8571428571428571,7,6,0.8571428571428571,0.025601741841593965,0.0797865684002091,0.8571428571428571,6,0,0.0,0.0,0.025601741841593965,0.0797865684002091,,7,0.7142857142857143,0.2857142857142857,0.025601741841593965,0.019936879378031014,0.0797865684002091,0.05244389602334254,,,5.75,2.61,0.65,收盘封住涨停；大环境：情绪上升，允许适度提高进攻仓位；指数环境：指数上涨；首次封板偏晚，需要板块发酵、股性或大环境确认；首板/低板位溢价弹性需依赖题材和封板质量；炸板次数1次，可接受但需看承接；换手处于可承接区间；所属行业在今日涨停/炸板热度前排：电网设备；板块内封板排序第6，情绪上升期可按后排套利处理；接近年/三年高点，图形有辨识度；今日涨停家数尚可；三年股性偏强：涨停样本7，次日开盘有溢价率71.4%，均值2.6%；历史封板稳定性一般：涨停/炸板样本中未封住比例85.7%,盘后龙虎榜净买入1.85亿，可改善次日风险；机构净买入0.11亿；关注席位上榜：武汉紫阳东路:国泰海通证券股份有限公司武汉紫阳东路证券营业部,收盘封住涨停；大环境：情绪上升，允许适度提高进攻仓位；指数环境：指数上涨；首次封板偏晚，需要板块发酵、股性或大环境确认；首板/低板位溢价弹性需依赖题材和封板质量；炸板次数1次，可接受但需看承接；换手处于可承接区间；所属行业在今日涨停/炸板热度前排：电网设备；板块内封板排序第6，情绪上升期可按后排套利处理；接近年/三年高点，图形有辨识度；今日涨停家数尚可；三年股性偏强：涨停样本7，次日开盘有溢价率71.4%，均值2.6%；历史封板稳定性一般：涨停/炸板样本中未封住比例85.7%,前一交易日本行业涨停样本缺失,AKShare/Eastmoney pools + local technical screener + local stock_personality_history/history detail + Eastmoney LHB
2026-09-18,2026-09-21,001332,锡装股份,涨停,1,10.011419296264648,28.9,,139343133.0,7.444227695465088,14:15:18,14:15:18,0,,专用设备,4,4,指数上涨,情绪上升,,,0,6,2,2,2,谨慎可打,,中：需看集合竞价承接,实际有溢价,29.28,29.32,28.82,D:\codex\outputs\a_share_technical_screener\2026-09-21\raw_spot_sina.csv,0.01314878892733562,0.01453287197231834,-0.0027681660899653293,0.01114878892733562,False,False,False,False,,,,,,样本不足,,,,,,,,,,,,,,,,,,,,,,,,,,8.56,8.89,13.78,收盘封住涨停；大环境：情绪上升，允许适度提高进攻仓位；指数环境：指数上涨；首次封板偏晚，需要板块发酵、股性或大环境确认；首板/低板位溢价弹性需依赖题材和封板质量；未炸板；换手处于可承接区间；题材/行业热度一般：专用设备；板块内封板排序第4，不是日内前排；今日涨停家数尚可,,收盘封住涨停；大环境：情绪上升，允许适度提高进攻仓位；指数环境：指数上涨；首次封板偏晚，需要板块发酵、股性或大环境确认；首板/低板位溢价弹性需依赖题材和封板质量；未炸板；换手处于可承接区间；题材/行业热度一般：专用设备；板块内封板排序第4，不是日内前排；今日涨停家数尚可,前一交易日本行业涨停样本缺失；同股历史涨停溢价样本不足；龙虎榜未上榜或未匹配；仅可作为盘后缺失项,AKShare/Eastmoney pools + local technical screener + local stock_personality_history/history detail + Eastmoney LHB
2026-09-18,2026-09-21,600261,阳光照明,涨停,1,10.031347274780273,3.51,,305600528.0,6.671535491943359,14:19:57,14:44:45,2,,照明设备,2,2,指数上涨,情绪上升,,,0,7,1,1,1,谨慎可打,,低/可控,实际有溢价,3.55,3.55,3.47,D:\codex\outputs\a_share_technical_screener\2026-09-21\raw_spot_sina.csv,0.01139601139601143,0.01139601139601143,-0.011396011396011319,0.00939601139601143,False,False,False,False,,,,,,样本不足,,,,,,,,,,,,,,,,,,,,,,,,是,10.562336921691895,7.8,7.97,9.69,收盘封住涨停；大环境：情绪上升，允许适度提高进攻仓位；指数环境：指数上涨；首次封板偏晚，需要板块发酵、股性或大环境确认；首板/低板位溢价弹性需依赖题材和封板质量；炸板次数2次，可接受但需看承接；换手处于可承接区间；题材/行业热度一般：照明设备；板块内封板排序第2，属于日内前排；图形新高或强势池新高；今日涨停家数尚可,,收盘封住涨停；大环境：情绪上升，允许适度提高进攻仓位；指数环境：指数上涨；首次封板偏晚，需要板块发酵、股性或大环境确认；首板/低板位溢价弹性需依赖题材和封板质量；炸板次数2次，可接受但需看承接；换手处于可承接区间；题材/行业热度一般：照明设备；板块内封板排序第2，属于日内前排；图形新高或强势池新高；今日涨停家数尚可,前一交易日本行业涨停样本缺失；同股历史涨停溢价样本不足；龙虎榜未上榜或未匹配；仅可作为盘后缺失项,AKShare/Eastmoney pools + local technical screener + local stock_personality_history/history detail + Eastmoney LHB
2026-09-18,2026-09-21,000002,万  科Ａ,涨停,1,9.933774948120117,3.32,,1419831680.0,4.537520408630371,14:22:18,14:22:18,0,,房地产开,2,3,指数上涨,情绪上升,,,0,8,0,-3,-3,可以打板,,低/可控,实际无溢价,3.3,3.65,3.65,D:\codex\outputs\a_share_technical_screener\2026-09-21\raw_spot_sina.csv,-0.0060240963855421326,0.09939759036144591,0.09939759036144591,-0.008024096385542133,True,True,True,True,525251979.39,90207231.0,拉萨系:东方财富证券股份有限公司拉萨团结路第一证券营业部,0.47030775078125386,0.09965890816111694,样本不足,,,,,,,,,,,,,,,,,,,,,,,,,,7.51,6.04,8.5,收盘封住涨停；大环境：情绪上升，允许适度提高进攻仓位；指数环境：指数上涨；首次封板偏晚，需要板块发酵、股性或大环境确认；首板/低板位溢价弹性需依赖题材和封板质量；未炸板；换手处于可承接区间；题材/行业热度一般：房地产开；板块内封板排序第2，属于日内前排；今日涨停家数尚可,盘后龙虎榜净买入5.25亿，可改善次日风险；机构净买入0.90亿；关注席位上榜：拉萨系:东方财富证券股份有限公司拉萨团结路第一证券营业部,收盘封住涨停；大环境：情绪上升，允许适度提高进攻仓位；指数环境：指数上涨；首次封板偏晚，需要板块发酵、股性或大环境确认；首板/低板位溢价弹性需依赖题材和封板质量；未炸板；换手处于可承接区间；题材/行业热度一般：房地产开；板块内封板排序第2，属于日内前排；今日涨停家数尚可,前一交易日本行业涨停样本缺失；同股历史涨停溢价样本不足,AKShare/Eastmoney pools + local technical screener + local stock_personality_history/history detail + Eastmoney LHB
2026-09-18,2026-09-21,600881,亚泰集团,涨停,1,10.285714149475098,1.93,,294120288.0,4.965109348297119,14:33:28,14:33:28,0,,综合Ⅱ,1,1,指数上涨,情绪上升,,,0,9,-1,-2,-2,可以打板,,低/可控,实际无溢价,1.88,1.94,1.9,D:\codex\outputs\a_share_technical_screener\2026-09-21\raw_spot_sina.csv,-0.025906735751295318,0.005181347150259086,-0.015544041450777257,-0.02790673575129532,True,True,False,True,122334126.22,0.0,,0.5343998658997645,0.11846757290517963,股性偏强,4,1,0.25,4,1,0.25,0.06347671460464144,0.10426697637111565,0.25,1,0,0.0,0.0,0.06347671460464144,0.10426697637111565,,4,0.75,0.25,0.06347671460464144,0.02986605056850622,0.10426697637111565,0.05699550692784372,,,6.87,2.66,3.21,收盘封住涨停；大环境：情绪上升，允许适度提高进攻仓位；指数环境：指数上涨；首次封板偏晚，需要板块发酵、股性或大环境确认；首板/低板位溢价弹性需依赖题材和封板质量；未炸板；换手处于可承接区间；题材/行业热度一般：综合Ⅱ；板块内封板排序第1，属于日内前排；今日涨停家数尚可；三年股性偏强：涨停样本4，次日开盘有溢价率75.0%，均值6.3%,盘后龙虎榜净买入1.22亿，可改善次日风险,收盘封住涨停；大环境：情绪上升，允许适度提高进攻仓位；指数环境：指数上涨；首次封板偏晚，需要板块发酵、股性或大环境确认；首板/低板位溢价弹性需依赖题材和封板质量；未炸板；换手处于可承接区间；题材/行业热度一般：综合Ⅱ；板块内封板排序第1，属于日内前排；今日涨停家数尚可；三年股性偏强：涨停样本4，次日开盘有溢价率75.0%，均值6.3%,前一交易日本行业涨停样本缺失,AKShare/Eastmoney pools + local technical screener + local stock_personality_history/history detail + Eastmoney LHB
2026-09-18,2026-09-21,002080,中材科技,炸板,0,2.6069176197052,60.22,64.56,6872577280.0,6.7050981521606445,09:25:00,,1,-0.06722428748451059,玻璃玻纤,1,1,指数上涨,情绪上升,,,0,5,7,7,7,不能打板,不能打板,高：次日无溢价风险高,实际无溢价,59.01,66.24,66.24,D:\codex\outputs\a_share_technical_screener\2026-09-21\raw_spot_sina.csv,-0.020092992361341766,0.09996678844237783,0.09996678844237783,-0.022092992361341768,True,True,True,False,,,,,,A杀血统高,4,3,0.75,4,3,0.75,-0.006856782181214956,0.04581650817836961,0.75,3,1,0.3333333333333333,0.3333333333333333,-0.006856782181214956,0.04581650817836961,禁止打板,3,0.3333333333333333,0.6666666666666666,-0.006856782181214956,-0.0010243802499488863,0.04581650817836961,0.01855534491209058,,,7.02,12.7,16.89,炸板样本：不直接判错，单独看炸板质量；大环境：情绪上升，允许适度提高进攻仓位；指数环境：指数上涨；首次封板在10:30前，只作为前排证据之一；首板/低板位溢价弹性需依赖题材和封板质量；炸板次数1次，可接受但需看承接；换手处于可承接区间；成交额较大，具备市场辨识度；题材/行业热度一般：玻璃玻纤；板块内封板排序第1，属于日内前排；炸板后回落较深，失败属性更重；今日涨停家数尚可；三年股性偏弱：涨停样本4，次日开盘有溢价率33.3%，均值-0.7%；历史封板稳定性一般：涨停/炸板样本中未封住比例75.0%；A杀血统指数偏高：历史炸板样本3，炸板后A杀率33.3%；历史炸板A杀率>30%，按股性记忆强制禁止打板,,炸板样本：不直接判错，单独看炸板质量；大环境：情绪上升，允许适度提高进攻仓位；指数环境：指数上涨；首次封板在10:30前，只作为前排证据之一；首板/低板位溢价弹性需依赖题材和封板质量；炸板次数1次，可接受但需看承接；换手处于可承接区间；成交额较大，具备市场辨识度；题材/行业热度一般：玻璃玻纤；板块内封板排序第1，属于日内前排；炸板后回落较深，失败属性更重；今日涨停家数尚可；三年股性偏弱：涨停样本4，次日开盘有溢价率33.3%，均值-0.7%；历史封板稳定性一般：涨停/炸板样本中未封住比例75.0%；A杀血统指数偏高：历史炸板样本3，炸板后A杀率33.3%；历史炸板A杀率>30%，按股性记忆强制禁止打板,前一交易日本行业涨停样本缺失；龙虎榜未上榜或未匹配；仅可作为盘后缺失项,AKShare/Eastmoney pools + local technical screener + local stock_personality_history/history detail + Eastmoney LHB
2026-09-18,2026-09-21,003026,中晶科技,炸板,4,0.5405405759811401,37.2,40.7,2225844624.0,39.654319763183594,09:25:00,,3,-0.08599508599508598,半导体,1,7,指数上涨,情绪上升,,,0,7,2,4,4,炸板可接受/反包观察,炸板可接受/反包观察,高：次日无溢价风险高,实际有溢价,37.21,37.95,37.89,D:\codex\outputs\a_share_technical_screener\2026-09-21\raw_spot_sina.csv,0.0002688172043010528,0.02016129032258074,0.0185483870967742,-0.0017311827956989472,False,True,False,True,-86404090.19,-88293587.75999999,,0.07758904718821834,0.11004303330477486,样本不足,3,3,1.0,3,3,1.0,0.09988109393579081,0.09988109393579081,1.0,3,0,0.0,0.0,0.09988109393579081,0.09988109393579081,,1,1.0,0.0,0.09988109393579081,0.09988109393579081,0.09988109393579081,0.09988109393579081,否,4.71213436126709,11.9,22.29,36.71,炸板样本：不直接判错，单独看炸板质量；大环境：情绪上升，允许适度提高进攻仓位；指数环境：指数上涨；首次封板在10:30前，只作为前排证据之一；3板以上有辨识度；炸板次数3次，封板稳定性一般；换手过高，次日抛压风险上升；成交额较大，具备市场辨识度；所属行业在今日涨停/炸板热度前排：半导体；板块内封板排序第1，属于日内前排；5日涨幅过高，次日兑现风险；炸板后回落较深，失败属性更重；今日涨停家数尚可,盘后龙虎榜净卖出0.86亿，次日风险上升；机构净卖出0.88亿,炸板样本：不直接判错，单独看炸板质量；大环境：情绪上升，允许适度提高进攻仓位；指数环境：指数上涨；首次封板在10:30前，只作为前排证据之一；3板以上有辨识度；炸板次数3次，封板稳定性一般；换手过高，次日抛压风险上升；成交额较大，具备市场辨识度；所属行业在今日涨停/炸板热度前排：半导体；板块内封板排序第1，属于日内前排；5日涨幅过高，次日兑现风险；炸板后回落较深，失败属性更重；今日涨停家数尚可,前一交易日本行业涨停样本缺失；同股历史涨停溢价样本不足,AKShare/Eastmoney pools + local technical screener + local stock_personality_history/history detail + Eastmoney LHB
2026-09-18,2026-09-21,000710,贝瑞基因,炸板,0,5.971897125244141,9.05,9.39,348200912.0,11.252179145812988,09:32:12,,1,-0.03620873269435565,医疗服务,2,5,指数上涨,情绪上升,,,0,7,0,0,0,可打但炸板/反包观察,可打但炸板/反包观察,低/可控,实际有溢价,9.29,9.57,9.38,D:\codex\outputs\a_share_technical_screener\2026-09-21\raw_spot_sina.csv,0.026519337016574385,0.0574585635359115,0.03646408839779003,0.024519337016574383,False,True,False,False,,,,,,股性偏弱,3,1,0.3333333333333333,3,1,0.3333333333333333,-0.0286217236589044,0.01964450016503035,0.3333333333333333,1,0,0.0,0.0,-0.0286217236589044,0.01964450016503035,,3,0.3333333333333333,0.6666666666666666,-0.0286217236589044,-0.025025025025025016,0.01964450016503035,-0.03553971861440345,,,5.36,4.87,7.61,炸板样本：不直接判错，单独看炸板质量；大环境：情绪上升，允许适度提高进攻仓位；指数环境：指数上涨；首次封板在10:30前，只作为前排证据之一；首板/低板位溢价弹性需依赖题材和封板质量；炸板次数1次，可接受但需看承接；换手处于可承接区间；所属行业在今日涨停/炸板热度前排：医疗服务；板块内封板排序第2，属于日内前排；今日涨停家数尚可；三年股性偏弱：涨停样本3，次日开盘有溢价率33.3%，均值-2.9%,,炸板样本：不直接判错，单独看炸板质量；大环境：情绪上升，允许适度提高进攻仓位；指数环境：指数上涨；首次封板在10:30前，只作为前排证据之一；首板/低板位溢价弹性需依赖题材和封板质量；炸板次数1次，可接受但需看承接；换手处于可承接区间；所属行业在今日涨停/炸板热度前排：医疗服务；板块内封板排序第2，属于日内前排；今日涨停家数尚可；三年股性偏弱：涨停样本3，次日开盘有溢价率33.3%，均值-2.9%,前一交易日本行业涨停样本缺失；龙虎榜未上榜或未匹配；仅可作为盘后缺失项,AKShare/Eastmoney pools + local technical screener + local stock_personality_history/history detail + Eastmoney LHB
2026-09-18,2026-09-21,002693,双成药业,炸板,0,3.4792368412017822,9.22,9.8,407416768.0,10.483370780944824,09:34:06,,2,-0.0591836734693878,化学制药,1,1,指数上涨,情绪上升,,,0,6,0,0,0,炸板可接受/反包观察,炸板可接受/反包观察,低/可控,实际有溢价,9.28,9.53,9.42,D:\codex\outputs\a_share_technical_screener\2026-09-21\raw_spot_sina.csv,0.006507592190889255,0.03362255965292826,0.021691973969631073,0.004507592190889255,False,True,False,False,,,,,,样本不足,1,1,1.0,1,1,1.0,0.0020682523267838704,0.010341261633919352,1.0,1,0,0.0,0.0,0.0020682523267838704,0.010341261633919352,,1,1.0,0.0,0.0020682523267838704,0.0020682523267838704,0.010341261633919352,-0.016546018614270963,,,4.94,5.47,8.73,炸板样本：不直接判错，单独看炸板质量；大环境：情绪上升，允许适度提高进攻仓位；指数环境：指数上涨；首次封板在10:30前，只作为前排证据之一；首板/低板位溢价弹性需依赖题材和封板质量；炸板次数2次，可接受但需看承接；换手处于可承接区间；题材/行业热度一般：化学制药；板块内封板排序第1，属于日内前排；今日涨停家数尚可,,炸板样本：不直接判错，单独看炸板质量；大环境：情绪上升，允许适度提高进攻仓位；指数环境：指数上涨；首次封板在10:30前，只作为前排证据之一；首板/低板位溢价弹性需依赖题材和封板质量；炸板次数2次，可接受但需看承接；换手处于可承接区间；题材/行业热度一般：化学制药；板块内封板排序第1，属于日内前排；今日涨停家数尚可,前一交易日本行业涨停样本缺失；同股历史涨停溢价样本不足；龙虎榜未上榜或未匹配；仅可作为盘后缺失项,AKShare/Eastmoney pools + local technical screener + local stock_personality_history/history detail + Eastmoney LHB
2026-09-18,2026-09-21,000920,沃顿科技,炸板,2,4.196357727050781,13.16,13.89,760915952.0,12.000529289245605,09:34:45,,2,-0.05255579553635714,塑料,1,1,指数上涨,情绪上升,,,0,8,-1,-1,-1,炸板可接受/反包观察,炸板可接受/反包观察,低/可控,实际无溢价,13.16,13.25,12.94,D:\codex\outputs\a_share_technical_screener\2026-09-21\raw_spot_sina.csv,0.0,0.006838905775075954,-0.016717325227963542,-0.002,False,False,False,False,,,,,,样本不足,1,0,0.0,1,0,0.0,,,0.0,0,0,,,,,,0,,,,,,,,,9.92,12.44,16.77,炸板样本：不直接判错，单独看炸板质量；大环境：情绪上升，允许适度提高进攻仓位；指数环境：指数上涨；首次封板在10:30前，只作为前排证据之一；2板承接优于普通首板；炸板次数2次，可接受但需看承接；换手处于可承接区间；题材/行业热度一般：塑料；板块内封板排序第1，属于日内前排；今日涨停家数尚可,,炸板样本：不直接判错，单独看炸板质量；大环境：情绪上升，允许适度提高进攻仓位；指数环境：指数上涨；首次封板在10:30前，只作为前排证据之一；2板承接优于普通首板；炸板次数2次，可接受但需看承接；换手处于可承接区间；题材/行业热度一般：塑料；板块内封板排序第1，属于日内前排；今日涨停家数尚可,前一交易日本行业涨停样本缺失；同股历史涨停溢价样本不足；龙虎榜未上榜或未匹配；仅可作为盘后缺失项,AKShare/Eastmoney pools + local technical screener + local stock_personality_history/history detail + Eastmoney LHB
2026-09-18,2026-09-21,600156,华升股份,炸板,0,5.046948432922363,8.95,9.37,260654344.0,7.218484878540039,09:36:39,,1,-0.04482390608324438,纺织制造,2,2,指数上涨,情绪上升,,,0,6,0,0,0,炸板可接受/反包观察,炸板可接受/反包观察,低/可控,实际有溢价,9.04,9.27,9.27,D:\codex\outputs\a_share_technical_screener\2026-09-21\raw_spot_sina.csv,0.010055865921787754,0.03575418994413404,0.03575418994413404,0.008055865921787754,False,True,False,False,,,,,,样本不足,1,1,1.0,1,1,1.0,0.0,0.0,1.0,1,0,0.0,0.0,0.0,0.0,,1,0.0,1.0,0.0,0.0,0.0,-0.04977375565610853,,,6.78,4.62,5.79,炸板样本：不直接判错，单独看炸板质量；大环境：情绪上升，允许适度提高进攻仓位；指数环境：指数上涨；首次封板在10:30前，只作为前排证据之一；首板/低板位溢价弹性需依赖题材和封板质量；炸板次数1次，可接受但需看承接；换手处于可承接区间；题材/行业热度一般：纺织制造；板块内封板排序第2，属于日内前排；今日涨停家数尚可,,炸板样本：不直接判错，单独看炸板质量；大环境：情绪上升，允许适度提高进攻仓位；指数环境：指数上涨；首次封板在10:30前，只作为前排证据之一；首板/低板位溢价弹性需依赖题材和封板质量；炸板次数1次，可接受但需看承接；换手处于可承接区间；题材/行业热度一般：纺织制造；板块内封板排序第2，属于日内前排；今日涨停家数尚可,前一交易日本行业涨停样本缺失；同股历史涨停溢价样本不足；龙虎榜未上榜或未匹配；仅可作为盘后缺失项,AKShare/Eastmoney pools + local technical screener + local stock_personality_history/history detail + Eastmoney LHB
2026-09-18,2026-09-21,002902,铭普光磁,炸板,0,6.995884895324707,31.2,32.08,2058407392.0,35.20815658569336,09:37:57,,7,-0.027431421446383997,通信设备,1,2,指数上涨,情绪上升,,,0,6,5,4,4,可打但炸板/反包观察,可打但炸板/反包观察,高：次日无溢价风险高,实际无溢价,30.6,30.8,30.2,D:\codex\outputs\a_share_technical_screener\2026-09-21\raw_spot_sina.csv,-0.019230769230769162,-0.012820512820512775,-0.03205128205128205,-0.021230769230769164,True,False,False,True,268717212.19,-7534879.78,松江中山东路:国泰海通证券股份有限公司上海松江区中山东路证券营业部,0.16868985155239324,0.060323267106817145,股性偏弱,4,2,0.5,4,2,0.5,0.0010347921765902768,0.022735464318670184,0.5,2,0,0.0,0.0,0.0010347921765902768,0.022735464318670184,,4,0.25,0.75,0.0010347921765902768,-0.012258602042406974,0.022735464318670184,-0.00711775969806655,是,1.9517607688903809,4.49,7.88,1.1,炸板样本：不直接判错，单独看炸板质量；大环境：情绪上升，允许适度提高进攻仓位；指数环境：指数上涨；首次封板在10:30前，只作为前排证据之一；首板/低板位溢价弹性需依赖题材和封板质量；炸板次数7次，封板分歧大；换手过高，次日抛压风险上升；成交额较大，具备市场辨识度；题材/行业热度一般：通信设备；板块内封板排序第1，属于日内前排；图形新高或强势池新高；炸板后收盘距涨停价较近，仍有反包观察价值；今日涨停家数尚可；三年股性偏弱：涨停样本4，次日开盘有溢价率25.0%，均值0.1%；历史封板稳定性一般：涨停/炸板样本中未封住比例50.0%,盘后龙虎榜净买入2.69亿，可改善次日风险；机构净卖出0.08亿；关注席位上榜：松江中山东路:国泰海通证券股份有限公司上海松江区中山东路证券营业部,炸板样本：不直接判错，单独看炸板质量；大环境：情绪上升，允许适度提高进攻仓位；指数环境：指数上涨；首次封板在10:30前，只作为前排证据之一；首板/低板位溢价弹性需依赖题材和封板质量；炸板次数7次，封板分歧大；换手过高，次日抛压风险上升；成交额较大，具备市场辨识度；题材/行业热度一般：通信设备；板块内封板排序第1，属于日内前排；图形新高或强势池新高；炸板后收盘距涨停价较近，仍有反包观察价值；今日涨停家数尚可；三年股性偏弱：涨停样本4，次日开盘有溢价率25.0%，均值0.1%；历史封板稳定性一般：涨停/炸板样本中未封住比例50.0%,前一交易日本行业涨停样本缺失,AKShare/Eastmoney pools + local technical screener + local stock_personality_history/history detail + Eastmoney LHB
2026-09-18,2026-09-21,002735,王子新材,炸板,0,7.379767894744873,12.95,13.27,810057248.0,21.875864028930664,09:40:45,,2,-0.024114544084400946,包装印刷,2,2,指数上涨,情绪上升,,,0,6,0,0,0,可打但炸板/反包观察,可打但炸板/反包观察,低/可控,实际无溢价,12.95,13.0,12.77,D:\codex\outputs\a_share_technical_screener\2026-09-21\raw_spot_sina.csv,0.0,0.0038610038610038533,-0.013899613899613916,-0.002,False,False,False,False,,,,,,样本不足,1,1,1.0,1,1,1.0,-0.015999999999999903,0.09440000000000004,1.0,1,0,0.0,0.0,-0.015999999999999903,0.09440000000000004,,1,0.0,1.0,-0.015999999999999903,-0.015999999999999903,0.09440000000000004,0.05840000000000001,,,3.01,4.28,-2.12,炸板样本：不直接判错，单独看炸板质量；大环境：情绪上升，允许适度提高进攻仓位；指数环境：指数上涨；首次封板在10:30前，只作为前排证据之一；首板/低板位溢价弹性需依赖题材和封板质量；炸板次数2次，可接受但需看承接；题材/行业热度一般：包装印刷；板块内封板排序第2，属于日内前排；炸板后收盘距涨停价较近，仍有反包观察价值；今日涨停家数尚可,,炸板样本：不直接判错，单独看炸板质量；大环境：情绪上升，允许适度提高进攻仓位；指数环境：指数上涨；首次封板在10:30前，只作为前排证据之一；首板/低板位溢价弹性需依赖题材和封板质量；炸板次数2次，可接受但需看承接；题材/行业热度一般：包装印刷；板块内封板排序第2，属于日内前排；炸板后收盘距涨停价较近，仍有反包观察价值；今日涨停家数尚可,前一交易日本行业涨停样本缺失；同股历史涨停溢价样本不足；龙虎榜未上榜或未匹配；仅可作为盘后缺失项,AKShare/Eastmoney pools + local technical screener + local stock_personality_history/history detail + Eastmoney LHB
2026-09-18,2026-09-21,000993,闽东电力,炸板,0,9.070673942565918,19.6,19.77,2088013952.0,23.508142471313477,09:45:24,,11,-0.008598887202832528,电力,2,4,指数上涨,情绪上升,,,0,7,3,3,3,可打但炸板/反包观察,可打但炸板/反包观察,中：需看集合竞价承接,实际有溢价,19.99,20.58,20.43,D:\codex\outputs\a_share_technical_screener\2026-09-21\raw_spot_sina.csv,0.01989795918367321,0.04999999999999982,0.04234693877551021,0.017897959183673207,False,True,False,False,,,,,,股性偏强,6,5,0.8333333333333334,6,5,0.8333333333333334,0.024317890133556407,0.07998050072023703,0.8333333333333334,5,1,0.2,0.2,0.024317890133556407,0.07998050072023703,,5,0.8,0.2,0.024317890133556407,0.04538904899135443,0.07998050072023703,0.07456924530898161,是,1.1821751594543457,11.21,33.35,41.21,炸板样本：不直接判错，单独看炸板质量；大环境：情绪上升，允许适度提高进攻仓位；指数环境：指数上涨；首次封板在10:30前，只作为前排证据之一；首板/低板位溢价弹性需依赖题材和封板质量；炸板次数11次，封板分歧大；成交额较大，具备市场辨识度；题材/行业热度一般：电力；板块内封板排序第2，属于日内前排；图形新高或强势池新高；5日涨幅过高，次日兑现风险；炸板后收盘距涨停价较近，仍有反包观察价值；今日涨停家数尚可；三年股性偏强：涨停样本6，次日开盘有溢价率80.0%，均值2.4%；历史封板稳定性一般：涨停/炸板样本中未封住比例83.3%,,炸板样本：不直接判错，单独看炸板质量；大环境：情绪上升，允许适度提高进攻仓位；指数环境：指数上涨；首次封板在10:30前，只作为前排证据之一；首板/低板位溢价弹性需依赖题材和封板质量；炸板次数11次，封板分歧大；成交额较大，具备市场辨识度；题材/行业热度一般：电力；板块内封板排序第2，属于日内前排；图形新高或强势池新高；5日涨幅过高，次日兑现风险；炸板后收盘距涨停价较近，仍有反包观察价值；今日涨停家数尚可；三年股性偏强：涨停样本6，次日开盘有溢价率80.0%，均值2.4%；历史封板稳定性一般：涨停/炸板样本中未封住比例83.3%,前一交易日本行业涨停样本缺失；龙虎榜未上榜或未匹配；仅可作为盘后缺失项,AKShare/Eastmoney pools + local technical screener + local stock_personality_history/history detail + Eastmoney LHB
2026-09-18,2026-09-21,002172,澳洋健康,炸板,0,4.970178604125977,5.28,5.53,1346537104.0,33.12925720214844,09:57:18,,1,-0.0452079566003617,医疗服务,4,5,指数上涨,情绪上升,,,0,7,1,1,1,炸板可接受/反包观察,炸板可接受/反包观察,低/可控,实际有溢价,5.69,5.81,5.81,D:\codex\outputs\a_share_technical_screener\2026-09-21\raw_spot_sina.csv,0.07765151515151514,0.10037878787878785,0.10037878787878785,0.07565151515151514,False,True,True,False,,,,,,股性偏强,10,8,0.8,10,8,0.8,0.0475164841371931,0.07722415945299183,0.8,8,0,0.0,0.0,0.0475164841371931,0.07722415945299183,,10,0.6,0.4,0.0475164841371931,0.030313099985231018,0.07722415945299183,0.0335429236980444,,,4.22,7.19,15.79,炸板样本：不直接判错，单独看炸板质量；大环境：情绪上升，允许适度提高进攻仓位；指数环境：指数上涨；首次封板在10:30前，只作为前排证据之一；首板/低板位溢价弹性需依赖题材和封板质量；炸板次数1次，可接受但需看承接；换手过高，次日抛压风险上升；所属行业在今日涨停/炸板热度前排：医疗服务；板块内封板排序第4，情绪上升期可按后排套利处理；接近年/三年高点，图形有辨识度；今日涨停家数尚可；三年股性偏强：涨停样本10，次日开盘有溢价率60.0%，均值4.8%；历史封板稳定性一般：涨停/炸板样本中未封住比例80.0%,,炸板样本：不直接判错，单独看炸板质量；大环境：情绪上升，允许适度提高进攻仓位；指数环境：指数上涨；首次封板在10:30前，只作为前排证据之一；首板/低板位溢价弹性需依赖题材和封板质量；炸板次数1次，可接受但需看承接；换手过高，次日抛压风险上升；所属行业在今日涨停/炸板热度前排：医疗服务；板块内封板排序第4，情绪上升期可按后排套利处理；接近年/三年高点，图形有辨识度；今日涨停家数尚可；三年股性偏强：涨停样本10，次日开盘有溢价率60.0%，均值4.8%；历史封板稳定性一般：涨停/炸板样本中未封住比例80.0%,前一交易日本行业涨停样本缺失；龙虎榜未上榜或未匹配；仅可作为盘后缺失项,AKShare/Eastmoney pools + local technical screener + local stock_personality_history/history detail + Eastmoney LHB
2026-09-18,2026-09-21,301080,百普赛斯,炸板,0,10.273972511291504,109.48,119.14,2249515680.0,15.915246963500977,09:58:42,,1,-0.08108108108108103,生物制品,1,1,指数上涨,情绪上升,,,0,6,3,3,3,炸板可接受/反包观察,炸板可接受/反包观察,中：需看集合竞价承接,实际有溢价,112.12,121.51,116.2,D:\codex\outputs\a_share_technical_screener\2026-09-21\raw_spot_sina.csv,0.024113993423456437,0.10988308366824984,0.0613810741687979,0.022113993423456435,False,True,False,False,,,,,,样本不足,2,2,1.0,2,2,1.0,0.10261261261261256,0.17194337194337184,1.0,2,0,0.0,0.0,0.10261261261261256,0.17194337194337184,,2,1.0,0.0,0.10261261261261256,0.10261261261261256,0.17194337194337184,0.1296010296010296,是,1.7335917949676514,13.42,20.72,39.11,炸板样本：不直接判错，单独看炸板质量；大环境：情绪上升，允许适度提高进攻仓位；指数环境：指数上涨；首次封板在10:30前，只作为前排证据之一；首板/低板位溢价弹性需依赖题材和封板质量；炸板次数1次，可接受但需看承接；换手处于可承接区间；成交额较大，具备市场辨识度；题材/行业热度一般：生物制品；板块内封板排序第1，属于日内前排；图形新高或强势池新高；5日涨幅过高，次日兑现风险；炸板后回落较深，失败属性更重；今日涨停家数尚可,,炸板样本：不直接判错，单独看炸板质量；大环境：情绪上升，允许适度提高进攻仓位；指数环境：指数上涨；首次封板在10:30前，只作为前排证据之一；首板/低板位溢价弹性需依赖题材和封板质量；炸板次数1次，可接受但需看承接；换手处于可承接区间；成交额较大，具备市场辨识度；题材/行业热度一般：生物制品；板块内封板排序第1，属于日内前排；图形新高或强势池新高；5日涨幅过高，次日兑现风险；炸板后回落较深，失败属性更重；今日涨停家数尚可,前一交易日本行业涨停样本缺失；同股历史涨停溢价样本不足；龙虎榜未上榜或未匹配；仅可作为盘后缺失项,AKShare/Eastmoney pools + local technical screener + local stock_personality_history/history detail + Eastmoney LHB
2026-09-18,2026-09-21,600163,中闽能源,炸板,0,4.215851306915283,6.18,6.52,1035184240.0,8.674922943115234,09:58:42,,3,-0.05214723926380371,电力,3,4,指数上涨,情绪上升,,,0,6,1,1,1,炸板可接受/反包观察,炸板可接受/反包观察,低/可控,实际无溢价,6.0,6.14,5.91,D:\codex\outputs\a_share_technical_screener\2026-09-21\raw_spot_sina.csv,-0.029126213592232997,-0.006472491909385147,-0.043689320388349495,-0.031126213592233,True,True,False,False,,,,,,样本不足,1,1,1.0,1,1,1.0,,,1.0,1,0,0.0,0.0,,,,0,,,,,,,是,1.3370896577835083,1.64,7.99,11.55,炸板样本：不直接判错，单独看炸板质量；大环境：情绪上升，允许适度提高进攻仓位；指数环境：指数上涨；首次封板在10:30前，只作为前排证据之一；首板/低板位溢价弹性需依赖题材和封板质量；炸板次数3次，封板稳定性一般；换手处于可承接区间；题材/行业热度一般：电力；板块内封板排序第3，属于日内前排；图形新高或强势池新高；今日涨停家数尚可,,炸板样本：不直接判错，单独看炸板质量；大环境：情绪上升，允许适度提高进攻仓位；指数环境：指数上涨；首次封板在10:30前，只作为前排证据之一；首板/低板位溢价弹性需依赖题材和封板质量；炸板次数3次，封板稳定性一般；换手处于可承接区间；题材/行业热度一般：电力；板块内封板排序第3，属于日内前排；图形新高或强势池新高；今日涨停家数尚可,前一交易日本行业涨停样本缺失；同股历史涨停溢价样本不足；龙虎榜未上榜或未匹配；仅可作为盘后缺失项,AKShare/Eastmoney pools + local technical screener + local stock_personality_history/history detail + Eastmoney LHB
2026-09-18,2026-09-21,301230,泓博医药,炸板,0,10.758099555969238,35.21,38.15,1331133008.0,23.067943572998047,09:58:48,,1,-0.07706422018348613,医疗服务,5,5,指数上涨,情绪上升,,,0,3,2,2,2,炸板可接受/反包观察,炸板可接受/反包观察,中：需看集合竞价承接,实际有溢价,38.37,39.56,38.82,D:\codex\outputs\a_share_technical_screener\2026-09-21\raw_spot_sina.csv,0.08974723090031222,0.12354444760011374,0.10252769099687598,0.08774723090031222,False,True,False,False,,,,,,样本不足,1,0,0.0,1,0,0.0,0.06971005552128307,0.13818630475015414,0.0,0,0,,,0.06971005552128307,0.13818630475015414,,1,1.0,0.0,0.06971005552128307,0.06971005552128307,0.13818630475015414,0.08266502159161004,,,12.19,14.5,24.5,炸板样本：不直接判错，单独看炸板质量；大环境：情绪上升，允许适度提高进攻仓位；指数环境：指数上涨；首次封板在10:30前，只作为前排证据之一；首板/低板位溢价弹性需依赖题材和封板质量；炸板次数1次，可接受但需看承接；所属行业在今日涨停/炸板热度前排：医疗服务；板块内封板排序第5，情绪上升期可按后排套利处理；炸板后回落较深，失败属性更重；今日涨停家数尚可,,炸板样本：不直接判错，单独看炸板质量；大环境：情绪上升，允许适度提高进攻仓位；指数环境：指数上涨；首次封板在10:30前，只作为前排证据之一；首板/低板位溢价弹性需依赖题材和封板质量；炸板次数1次，可接受但需看承接；所属行业在今日涨停/炸板热度前排：医疗服务；板块内封板排序第5，情绪上升期可按后排套利处理；炸板后回落较深，失败属性更重；今日涨停家数尚可,前一交易日本行业涨停样本缺失；同股历史涨停溢价样本不足；龙虎榜未上榜或未匹配；仅可作为盘后缺失项,AKShare/Eastmoney pools + local technical screener + local stock_personality_history/history detail + Eastmoney LHB
2026-09-18,2026-09-21,002724,海洋王,炸板,0,4.392386436462402,7.13,7.51,379632688.0,9.33541202545166,10:21:06,,1,-0.05059920106524629,照明设备,1,2,指数上涨,情绪上升,,,0,6,1,1,1,炸板可接受/反包观察,炸板可接受/反包观察,低/可控,实际有溢价,7.21,7.84,7.84,D:\codex\outputs\a_share_technical_screener\2026-09-21\raw_spot_sina.csv,0.011220196353436185,0.09957924263674611,0.09957924263674611,0.009220196353436185,False,True,True,False,,,,,,样本不足,1,0,0.0,1,0,0.0,-0.019257221458046758,0.0,0.0,0,0,,,-0.019257221458046758,0.0,,1,0.0,1.0,-0.019257221458046758,-0.019257221458046758,0.0,-0.06052269601100402,是,2.694088935852051,3.0,2.52,5.16,炸板样本：不直接判错，单独看炸板质量；大环境：情绪上升，允许适度提高进攻仓位；指数环境：指数上涨；首次封板偏晚，需要板块发酵、股性或大环境确认；首板/低板位溢价弹性需依赖题材和封板质量；炸板次数1次，可接受但需看承接；换手处于可承接区间；题材/行业热度一般：照明设备；板块内封板排序第1，属于日内前排；图形新高或强势池新高；今日涨停家数尚可,,炸板样本：不直接判错，单独看炸板质量；大环境：情绪上升，允许适度提高进攻仓位；指数环境：指数上涨；首次封板偏晚，需要板块发酵、股性或大环境确认；首板/低板位溢价弹性需依赖题材和封板质量；炸板次数1次，可接受但需看承接；换手处于可承接区间；题材/行业热度一般：照明设备；板块内封板排序第1，属于日内前排；图形新高或强势池新高；今日涨停家数尚可,前一交易日本行业涨停样本缺失；同股历史涨停溢价样本不足；龙虎榜未上榜或未匹配；仅可作为盘后缺失项,AKShare/Eastmoney pools + local technical screener + local stock_personality_history/history detail + Eastmoney LHB
2026-09-18,2026-09-21,600059,古越龙山,炸板,0,8.629441261291504,10.7,10.84,1159483552.0,12.058136940002441,10:35:00,,9,-0.01291512915129156,非白酒,2,2,指数上涨,情绪上升,,,0,5,5,5,5,炸板失败/不能打,炸板失败/不能打,高：次日无溢价风险高,实际有溢价,10.87,11.48,11.48,D:\codex\outputs\a_share_technical_screener\2026-09-21\raw_spot_sina.csv,0.015887850467289688,0.07289719626168245,0.07289719626168245,0.013887850467289688,False,True,False,False,,,,,,股性偏弱,3,3,1.0,3,3,1.0,0.005110395974656345,0.024832053742612843,1.0,3,0,0.0,0.0,0.005110395974656345,0.024832053742612843,,3,0.3333333333333333,0.6666666666666666,0.005110395974656345,0.0,0.024832053742612843,-0.02195742668191895,是,2.2432615756988525,12.07,15.7,23.84,炸板样本：不直接判错，单独看炸板质量；大环境：情绪上升，允许适度提高进攻仓位；指数环境：指数上涨；首次封板偏晚，需要板块发酵、股性或大环境确认；首板/低板位溢价弹性需依赖题材和封板质量；炸板次数9次，封板分歧大；换手处于可承接区间；题材/行业热度一般：非白酒；板块内封板排序第2，属于日内前排；图形新高或强势池新高；炸板后收盘距涨停价较近，仍有反包观察价值；今日涨停家数尚可；三年股性偏弱：涨停样本3，次日开盘有溢价率33.3%，均值0.5%；历史封板稳定性一般：涨停/炸板样本中未封住比例100.0%,,炸板样本：不直接判错，单独看炸板质量；大环境：情绪上升，允许适度提高进攻仓位；指数环境：指数上涨；首次封板偏晚，需要板块发酵、股性或大环境确认；首板/低板位溢价弹性需依赖题材和封板质量；炸板次数9次，封板分歧大；换手处于可承接区间；题材/行业热度一般：非白酒；板块内封板排序第2，属于日内前排；图形新高或强势池新高；炸板后收盘距涨停价较近，仍有反包观察价值；今日涨停家数尚可；三年股性偏弱：涨停样本3，次日开盘有溢价率33.3%，均值0.5%；历史封板稳定性一般：涨停/炸板样本中未封住比例100.0%,前一交易日本行业涨停样本缺失；龙虎榜未上榜或未匹配；仅可作为盘后缺失项,AKShare/Eastmoney pools + local technical screener + local stock_personality_history/history detail + Eastmoney LHB
2026-09-18,2026-09-21,603177,德创环保,炸板,0,7.89724063873291,11.34,11.56,113403675.0,4.952246189117432,10:55:48,,2,-0.01903114186851218,环境治理,2,2,指数上涨,情绪上升,,,0,7,1,1,1,可打但炸板/反包观察,可打但炸板/反包观察,低/可控,实际无溢价,11.34,11.54,11.43,D:\codex\outputs\a_share_technical_screener\2026-09-21\raw_spot_sina.csv,0.0,0.017636684303350858,0.007936507936507908,-0.002,False,False,False,False,,,,,,样本不足,,,,,,,,,,,,,,,,,,,,,,,,是,2.5989420413970947,5.76,5.4,8.62,炸板样本：不直接判错，单独看炸板质量；大环境：情绪上升，允许适度提高进攻仓位；指数环境：指数上涨；首次封板偏晚，需要板块发酵、股性或大环境确认；首板/低板位溢价弹性需依赖题材和封板质量；炸板次数2次，可接受但需看承接；换手处于可承接区间；题材/行业热度一般：环境治理；板块内封板排序第2，属于日内前排；图形新高或强势池新高；炸板后收盘距涨停价较近，仍有反包观察价值；今日涨停家数尚可,,炸板样本：不直接判错，单独看炸板质量；大环境：情绪上升，允许适度提高进攻仓位；指数环境：指数上涨；首次封板偏晚，需要板块发酵、股性或大环境确认；首板/低板位溢价弹性需依赖题材和封板质量；炸板次数2次，可接受但需看承接；换手处于可承接区间；题材/行业热度一般：环境治理；板块内封板排序第2，属于日内前排；图形新高或强势池新高；炸板后收盘距涨停价较近，仍有反包观察价值；今日涨停家数尚可,前一交易日本行业涨停样本缺失；同股历史涨停溢价样本不足；龙虎榜未上榜或未匹配；仅可作为盘后缺失项,AKShare/Eastmoney pools + local technical screener + local stock_personality_history/history detail + Eastmoney LHB
2026-09-18,2026-09-21,600712,南宁百货,炸板,0,5.731225490570068,5.35,5.57,384605104.0,13.331852912902832,11:00:52,,2,-0.039497307001795434,一般零售,4,4,指数上涨,情绪上升,,,0,3,7,7,7,不能打板,不能打板,高：次日无溢价风险高,实际有溢价,5.4,5.89,5.89,D:\codex\outputs\a_share_technical_screener\2026-09-21\raw_spot_sina.csv,0.009345794392523477,0.10093457943925244,0.10093457943925244,0.0073457943925234765,False,True,True,False,,,,,,A杀血统高,4,3,0.75,4,3,0.75,-0.006346869704658281,0.029341188451764616,0.75,3,1,0.3333333333333333,0.3333333333333333,-0.006346869704658281,0.029341188451764616,禁止打板,4,0.5,0.5,-0.006346869704658281,-0.012474120082815787,0.029341188451764616,-0.024869702384741538,,,-0.3,-8.81,-20.15,炸板样本：不直接判错，单独看炸板质量；大环境：情绪上升，允许适度提高进攻仓位；指数环境：指数上涨；首次封板偏晚，需要板块发酵、股性或大环境确认；首板/低板位溢价弹性需依赖题材和封板质量；炸板次数2次，可接受但需看承接；换手处于可承接区间；题材/行业热度一般：一般零售；板块内封板排序第4，不是日内前排；今日涨停家数尚可；三年股性中性：涨停样本4，次日开盘有溢价率50.0%；历史封板稳定性一般：涨停/炸板样本中未封住比例75.0%；A杀血统指数偏高：历史炸板样本3，炸板后A杀率33.3%；历史炸板A杀率>30%，按股性记忆强制禁止打板,,炸板样本：不直接判错，单独看炸板质量；大环境：情绪上升，允许适度提高进攻仓位；指数环境：指数上涨；首次封板偏晚，需要板块发酵、股性或大环境确认；首板/低板位溢价弹性需依赖题材和封板质量；炸板次数2次，可接受但需看承接；换手处于可承接区间；题材/行业热度一般：一般零售；板块内封板排序第4，不是日内前排；今日涨停家数尚可；三年股性中性：涨停样本4，次日开盘有溢价率50.0%；历史封板稳定性一般：涨停/炸板样本中未封住比例75.0%；A杀血统指数偏高：历史炸板样本3，炸板后A杀率33.3%；历史炸板A杀率>30%，按股性记忆强制禁止打板,前一交易日本行业涨停样本缺失；龙虎榜未上榜或未匹配；仅可作为盘后缺失项,AKShare/Eastmoney pools + local technical screener + local stock_personality_history/history detail + Eastmoney LHB
2026-09-18,2026-09-21,300836,佰奥智能,炸板,0,19.420068740844727,62.6,62.9,499243056.0,13.15127944946289,11:01:57,,4,-0.004769475357710662,专用设备,2,4,指数上涨,情绪上升,,,0,5,2,2,2,炸板可接受/反包观察,炸板可接受/反包观察,中：需看集合竞价承接,实际无溢价,61.8,63.8,62.1,D:\codex\outputs\a_share_technical_screener\2026-09-21\raw_spot_sina.csv,-0.012779552715655007,0.019169329073482455,-0.007987220447284393,-0.014779552715655007,True,True,False,True,42397634.35,-9554710.35,,0.3023994465220898,0.22297649711898843,样本不足,,,,,,,,,,,,,,,,,,,,,,,,,,17.15,22.45,32.63,炸板样本：不直接判错，单独看炸板质量；大环境：情绪上升，允许适度提高进攻仓位；指数环境：指数上涨；首次封板偏晚，需要板块发酵、股性或大环境确认；首板/低板位溢价弹性需依赖题材和封板质量；炸板次数4次，封板稳定性一般；换手处于可承接区间；题材/行业热度一般：专用设备；板块内封板排序第2，属于日内前排；炸板后收盘距涨停价较近，仍有反包观察价值；今日涨停家数尚可,盘后龙虎榜净买入0.42亿，可改善次日风险；机构净卖出0.10亿,炸板样本：不直接判错，单独看炸板质量；大环境：情绪上升，允许适度提高进攻仓位；指数环境：指数上涨；首次封板偏晚，需要板块发酵、股性或大环境确认；首板/低板位溢价弹性需依赖题材和封板质量；炸板次数4次，封板稳定性一般；换手处于可承接区间；题材/行业热度一般：专用设备；板块内封板排序第2，属于日内前排；炸板后收盘距涨停价较近，仍有反包观察价值；今日涨停家数尚可,前一交易日本行业涨停样本缺失；同股历史涨停溢价样本不足,AKShare/Eastmoney pools + local technical screener + local stock_personality_history/history detail + Eastmoney LHB
2026-09-18,2026-09-21,002767,先锋电子,炸板,0,3.630175828933716,18.27,19.39,97303634.0,4.06051778793335,11:10:48,,1,-0.0577617328519856,通用设备,3,5,指数上涨,情绪上升,,,0,5,1,1,1,炸板可接受/反包观察,炸板可接受/反包观察,低/可控,实际有溢价,18.28,18.94,18.9,D:\codex\outputs\a_share_technical_screener\2026-09-21\raw_spot_sina.csv,0.0005473453749316182,0.036672140120415975,0.0344827586206895,-0.0014526546250683819,False,True,False,False,,,,,,样本不足,,,,,,,,,,,,,,,,,,,,,,,,,,4.06,2.48,5.36,炸板样本：不直接判错，单独看炸板质量；大环境：情绪上升，允许适度提高进攻仓位；指数环境：指数上涨；首次封板偏晚，需要板块发酵、股性或大环境确认；首板/低板位溢价弹性需依赖题材和封板质量；炸板次数1次，可接受但需看承接；换手处于可承接区间；成交额过低，容量和滑点风险高；所属行业在今日涨停/炸板热度前排：通用设备；板块内封板排序第3，属于日内前排；今日涨停家数尚可,,炸板样本：不直接判错，单独看炸板质量；大环境：情绪上升，允许适度提高进攻仓位；指数环境：指数上涨；首次封板偏晚，需要板块发酵、股性或大环境确认；首板/低板位溢价弹性需依赖题材和封板质量；炸板次数1次，可接受但需看承接；换手处于可承接区间；成交额过低，容量和滑点风险高；所属行业在今日涨停/炸板热度前排：通用设备；板块内封板排序第3，属于日内前排；今日涨停家数尚可,前一交易日本行业涨停样本缺失；同股历史涨停溢价样本不足；龙虎榜未上榜或未匹配；仅可作为盘后缺失项,AKShare/Eastmoney pools + local technical screener + local stock_personality_history/history detail + Eastmoney LHB
2026-09-18,2026-09-21,002685,华东重机,炸板,0,6.591337203979492,5.66,5.84,522178144.0,9.207932472229004,11:20:48,,2,-0.03082191780821908,工程机械,1,1,指数上涨,情绪上升,,,0,5,1,1,1,炸板可接受/反包观察,炸板可接受/反包观察,低/可控,实际无溢价,5.63,5.77,5.74,D:\codex\outputs\a_share_technical_screener\2026-09-21\raw_spot_sina.csv,-0.005300353356890497,0.019434628975264934,0.014134275618374659,-0.007300353356890497,True,True,False,False,,,,,,样本不足,1,1,1.0,1,1,1.0,-0.01976935749588138,0.046128500823723106,1.0,1,0,0.0,0.0,-0.01976935749588138,0.046128500823723106,,1,0.0,1.0,-0.01976935749588138,-0.01976935749588138,0.046128500823723106,0.023064250411861664,,,5.95,5.85,8.22,炸板样本：不直接判错，单独看炸板质量；大环境：情绪上升，允许适度提高进攻仓位；指数环境：指数上涨；首次封板偏晚，需要板块发酵、股性或大环境确认；首板/低板位溢价弹性需依赖题材和封板质量；炸板次数2次，可接受但需看承接；换手处于可承接区间；题材/行业热度一般：工程机械；板块内封板排序第1，属于日内前排；今日涨停家数尚可,,炸板样本：不直接判错，单独看炸板质量；大环境：情绪上升，允许适度提高进攻仓位；指数环境：指数上涨；首次封板偏晚，需要板块发酵、股性或大环境确认；首板/低板位溢价弹性需依赖题材和封板质量；炸板次数2次，可接受但需看承接；换手处于可承接区间；题材/行业热度一般：工程机械；板块内封板排序第1，属于日内前排；今日涨停家数尚可,前一交易日本行业涨停样本缺失；同股历史涨停溢价样本不足；龙虎榜未上榜或未匹配；仅可作为盘后缺失项,AKShare/Eastmoney pools + local technical screener + local stock_personality_history/history detail + Eastmoney LHB
2026-09-18,2026-09-21,002631,德尔未来,炸板,0,9.975062370300293,13.23,13.23,1262099120.0,12.35740852355957,13:00:12,,6,0.0,家居用品,5,5,指数上涨,情绪上升,,,0,5,5,3,3,炸板失败/不能打,炸板失败/不能打,中：需看集合竞价承接,实际有溢价,13.29,14.4,14.14,D:\codex\outputs\a_share_technical_screener\2026-09-21\raw_spot_sina.csv,0.0045351473922901064,0.08843537414965996,0.06878306878306883,0.0025351473922901064,False,True,False,True,58867255.29,11803822.7,,0.1668111696640221,0.13519345876640754,股性中性,6,3,0.5,6,3,0.5,0.0006157118117988026,0.055788426849854925,0.5,3,0,0.0,0.0,0.0006157118117988026,0.055788426849854925,,5,0.4,0.6,0.0006157118117988026,0.0,0.055788426849854925,0.01906170211408107,是,1.995064616203308,18.17,21.54,39.85,炸板样本：不直接判错，单独看炸板质量；大环境：情绪上升，允许适度提高进攻仓位；指数环境：指数上涨；首次封板偏晚，需要板块发酵、股性或大环境确认；首板/低板位溢价弹性需依赖题材和封板质量；炸板次数6次，封板分歧大；换手处于可承接区间；所属行业在今日涨停/炸板热度前排：家居用品；板块内封板排序第5，情绪上升期可按后排套利处理；图形新高或强势池新高；5日涨幅过高，次日兑现风险；炸板后收盘距涨停价较近，仍有反包观察价值；今日涨停家数尚可；三年股性中性：涨停样本6，次日开盘有溢价率40.0%；历史封板稳定性一般：涨停/炸板样本中未封住比例50.0%,盘后龙虎榜净买入0.59亿，可改善次日风险；机构净买入0.12亿,炸板样本：不直接判错，单独看炸板质量；大环境：情绪上升，允许适度提高进攻仓位；指数环境：指数上涨；首次封板偏晚，需要板块发酵、股性或大环境确认；首板/低板位溢价弹性需依赖题材和封板质量；炸板次数6次，封板分歧大；换手处于可承接区间；所属行业在今日涨停/炸板热度前排：家居用品；板块内封板排序第5，情绪上升期可按后排套利处理；图形新高或强势池新高；5日涨幅过高，次日兑现风险；炸板后收盘距涨停价较近，仍有反包观察价值；今日涨停家数尚可；三年股性中性：涨停样本6，次日开盘有溢价率40.0%；历史封板稳定性一般：涨停/炸板样本中未封住比例50.0%,前一交易日本行业涨停样本缺失,AKShare/Eastmoney pools + local technical screener + local stock_personality_history/history detail + Eastmoney LHB
2026-09-18,2026-09-21,688261,东微半导,炸板,0,15.157090187072754,81.37,84.79,1304106992.0,13.261612892150879,13:00:52,,2,-0.04033494515862723,半导体,7,7,指数上涨,情绪上升,,,0,5,1,0,0,炸板可接受/反包观察,炸板可接受/反包观察,低/可控,实际无溢价,81.37,81.6,79.32,D:\codex\outputs\a_share_technical_screener\2026-09-21\raw_spot_sina.csv,0.0,0.002826594568022589,-0.0251935602802017,-0.002,False,False,False,True,121422026.1,0.0,,0.16079625556798638,0.06768884482638311,样本不足,,,,,,,,,,,,,,,,,,,,,,,,,,16.17,19.38,25.01,炸板样本：不直接判错，单独看炸板质量；大环境：情绪上升，允许适度提高进攻仓位；指数环境：指数上涨；首次封板偏晚，需要板块发酵、股性或大环境确认；首板/低板位溢价弹性需依赖题材和封板质量；炸板次数2次，可接受但需看承接；换手处于可承接区间；所属行业在今日涨停/炸板热度前排：半导体；板块内封板排序第7，情绪上升期可按后排套利处理；今日涨停家数尚可,盘后龙虎榜净买入1.21亿，可改善次日风险,炸板样本：不直接判错，单独看炸板质量；大环境：情绪上升，允许适度提高进攻仓位；指数环境：指数上涨；首次封板偏晚，需要板块发酵、股性或大环境确认；首板/低板位溢价弹性需依赖题材和封板质量；炸板次数2次，可接受但需看承接；换手处于可承接区间；所属行业在今日涨停/炸板热度前排：半导体；板块内封板排序第7，情绪上升期可按后排套利处理；今日涨停家数尚可,前一交易日本行业涨停样本缺失；同股历史涨停溢价样本不足,AKShare/Eastmoney pools + local technical screener + local stock_personality_history/history detail + Eastmoney LHB
2026-09-18,2026-09-21,601369,陕鼓动力,炸板,0,7.380952835083008,9.02,9.24,367794736.0,2.447242021560669,13:47:00,,1,-0.023809523809523836,专用设备,3,4,指数上涨,情绪上升,,,0,5,1,1,1,炸板可接受/反包观察,炸板可接受/反包观察,低/可控,实际无溢价,8.83,9.23,9.04,D:\codex\outputs\a_share_technical_screener\2026-09-21\raw_spot_sina.csv,-0.021064301552106368,0.0232815964523283,0.0022172949002217113,-0.02306430155210637,True,True,False,False,,,,,,样本不足,,,,,,,,,,,,,,,,,,,,,,,,,,6.04,5.96,7.64,炸板样本：不直接判错，单独看炸板质量；大环境：情绪上升，允许适度提高进攻仓位；指数环境：指数上涨；首次封板偏晚，需要板块发酵、股性或大环境确认；首板/低板位溢价弹性需依赖题材和封板质量；炸板次数1次，可接受但需看承接；题材/行业热度一般：专用设备；板块内封板排序第3，属于日内前排；炸板后收盘距涨停价较近，仍有反包观察价值；今日涨停家数尚可,,炸板样本：不直接判错，单独看炸板质量；大环境：情绪上升，允许适度提高进攻仓位；指数环境：指数上涨；首次封板偏晚，需要板块发酵、股性或大环境确认；首板/低板位溢价弹性需依赖题材和封板质量；炸板次数1次，可接受但需看承接；题材/行业热度一般：专用设备；板块内封板排序第3，属于日内前排；炸板后收盘距涨停价较近，仍有反包观察价值；今日涨停家数尚可,前一交易日本行业涨停样本缺失；同股历史涨停溢价样本不足；龙虎榜未上榜或未匹配；仅可作为盘后缺失项,AKShare/Eastmoney pools + local technical screener + local stock_personality_history/history detail + Eastmoney LHB
2026-09-18,2026-09-21,603679,华体科技,炸板,0,8.474576950073242,25.6,25.96,416530480.0,9.280932426452637,14:04:54,,3,-0.013867488443759624,光学光电,3,3,指数上涨,情绪上升,,,0,6,2,2,2,可打但炸板/反包观察,可打但炸板/反包观察,中：需看集合竞价承接,实际无溢价,25.48,27.29,26.76,D:\codex\outputs\a_share_technical_screener\2026-09-21\raw_spot_sina.csv,-0.004687500000000067,0.06601562499999991,0.04531250000000009,-0.006687500000000067,True,True,False,False,,,,,,样本不足,2,1,0.5,2,1,0.5,0.015011852753965493,0.05293117358754351,0.5,1,0,0.0,0.0,0.015011852753965493,0.05293117358754351,,2,0.5,0.5,0.015011852753965493,0.015011852753965493,0.05293117358754351,0.032281077985248985,,,5.62,3.73,-1.42,炸板样本：不直接判错，单独看炸板质量；大环境：情绪上升，允许适度提高进攻仓位；指数环境：指数上涨；首次封板偏晚，需要板块发酵、股性或大环境确认；首板/低板位溢价弹性需依赖题材和封板质量；炸板次数3次，封板稳定性一般；换手处于可承接区间；题材/行业热度一般：光学光电；板块内封板排序第3，属于日内前排；接近年/三年高点，图形有辨识度；炸板后收盘距涨停价较近，仍有反包观察价值；今日涨停家数尚可,,炸板样本：不直接判错，单独看炸板质量；大环境：情绪上升，允许适度提高进攻仓位；指数环境：指数上涨；首次封板偏晚，需要板块发酵、股性或大环境确认；首板/低板位溢价弹性需依赖题材和封板质量；炸板次数3次，封板稳定性一般；换手处于可承接区间；题材/行业热度一般：光学光电；板块内封板排序第3，属于日内前排；接近年/三年高点，图形有辨识度；炸板后收盘距涨停价较近，仍有反包观察价值；今日涨停家数尚可,前一交易日本行业涨停样本缺失；同股历史涨停溢价样本不足；龙虎榜未上榜或未匹配；仅可作为盘后缺失项,AKShare/Eastmoney pools + local technical screener + local stock_personality_history/history detail + Eastmoney LHB
2026-09-18,2026-09-21,601155,新城控股,炸板,0,9.874326705932617,12.24,12.25,472947504.0,1.7680037021636963,14:22:32,,7,-0.0008163265306122547,房地产开,3,3,指数上涨,情绪上升,,,0,3,3,3,3,炸板可接受/反包观察,炸板可接受/反包观察,中：需看集合竞价承接,实际无溢价,12.0,12.95,12.7,D:\codex\outputs\a_share_technical_screener\2026-09-21\raw_spot_sina.csv,-0.019607843137254943,0.058006535947712434,0.037581699346405095,-0.021607843137254945,True,True,False,False,,,,,,样本不足,2,0,0.0,2,0,0.0,-0.032456861133935866,-0.027526705012325403,0.0,0,0,,,-0.032456861133935866,-0.027526705012325403,,2,0.0,1.0,-0.032456861133935866,-0.032456861133935866,-0.027526705012325403,-0.06737880032867705,,,6.53,4.3,5.25,炸板样本：不直接判错，单独看炸板质量；大环境：情绪上升，允许适度提高进攻仓位；指数环境：指数上涨；首次封板偏晚，需要板块发酵、股性或大环境确认；首板/低板位溢价弹性需依赖题材和封板质量；炸板次数7次，封板分歧大；题材/行业热度一般：房地产开；板块内封板排序第3，属于日内前排；炸板后收盘距涨停价较近，仍有反包观察价值；今日涨停家数尚可,,炸板样本：不直接判错，单独看炸板质量；大环境：情绪上升，允许适度提高进攻仓位；指数环境：指数上涨；首次封板偏晚，需要板块发酵、股性或大环境确认；首板/低板位溢价弹性需依赖题材和封板质量；炸板次数7次，封板分歧大；题材/行业热度一般：房地产开；板块内封板排序第3，属于日内前排；炸板后收盘距涨停价较近，仍有反包观察价值；今日涨停家数尚可,前一交易日本行业涨停样本缺失；同股历史涨停溢价样本不足；龙虎榜未上榜或未匹配；仅可作为盘后缺失项,AKShare/Eastmoney pools + local technical screener + local stock_personality_history/history detail + Eastmoney LHB
