trade_date,next_trade_date,code,name,pool_type,board,pct_chg,close,limit_price,amount,turnover,first_seal_time,last_seal_time,break_count,close_vs_limit,industry,industry_board_rank,industry_limitup_count_today,market_index_trend,emotion_stage,prev_industry_open_good_rate,prev_industry_close_good_rate,prev_industry_sample_count,action_score,signal_risk_score,postclose_risk_score,risk_score,board_action_quality,broken_board_quality,next_day_premium_risk,realized_label,next_open,next_high,next_close,outcome_source,open_premium,high_premium,close_return,net_open_return,low_open,rushed_high,continued_limit_up,lhb_listed,lhb_net_buy,institution_net,tracked_seats,buy_concentration,sell_concentration,stock_personality_tag,hist_limitup_count_3y,hist_failed_seal_count_3y,hist_failed_seal_rate_3y,hist_limitup_count_1y,hist_failed_seal_count_1y,hist_broken_board_rate_1y,hist_open_premium_mean_1y,hist_high_premium_mean_1y,hist_broken_board_rate_3y,hist_broken_sample_count_3y,hist_broken_a_kill_count_3y,hist_broken_a_kill_rate_3y,hist_a_kill_bloodline_index,hist_open_premium_mean_3y,hist_high_premium_mean_3y,personality_forced_downgrade,hist_n,hist_open_win_rate,hist_no_premium_rate,hist_avg_open,hist_median_open,hist_avg_high,hist_avg_close,strong_is_new_high,strong_volume_ratio,tech_ma5_dev,tech_ma10_dev,tech_gain5,signal_decision_reason,postclose_risk_reason,decision_reason,data_gaps,data_lineage
2026-09-08,2026-09-09,000523,红棉股份,涨停,1,10.0,3.96,,496869952.0,6.9908037185668945,09:25:00,09:25:00,0,,综合Ⅱ,1,4,指数上涨,情绪混沌,,,0,9,1,1,1,可以打板,,低/可控,待验证/行情缺失,,,,,,,,,,,,False,,,,,,样本不足,2,2,1.0,2,2,1.0,0.02999999999999997,0.07153846153846144,1.0,2,0,0.0,0.0,0.02999999999999997,0.07153846153846144,,2,0.5,0.5,0.02999999999999997,0.02999999999999997,0.07153846153846144,0.05461538461538451,是,1.5579556226730347,12.37,14.15,14.45,收盘封住涨停；大环境：情绪混沌，需确认回暖还是回落；指数环境：指数上涨；首次封板在10:30前，只作为前排证据之一；首板/低板位溢价弹性需依赖题材和封板质量；未炸板；换手处于可承接区间；题材/行业热度一般：综合Ⅱ；板块内封板排序第1，属于日内前排；图形新高或强势池新高；今日涨停家数尚可；今日炸板率偏高，次日溢价打折,,收盘封住涨停；大环境：情绪混沌，需确认回暖还是回落；指数环境：指数上涨；首次封板在10:30前，只作为前排证据之一；首板/低板位溢价弹性需依赖题材和封板质量；未炸板；换手处于可承接区间；题材/行业热度一般：综合Ⅱ；板块内封板排序第1，属于日内前排；图形新高或强势池新高；今日涨停家数尚可；今日炸板率偏高，次日溢价打折,前一交易日本行业涨停样本缺失；同股历史涨停溢价样本不足；龙虎榜未上榜或未匹配；仅可作为盘后缺失项；T+1行情缺失或未收盘：2026-09-09,AKShare/Eastmoney pools + local technical screener + local stock_personality_history/history detail + Eastmoney LHB
2026-09-08,2026-09-09,002403,爱仕达,涨停,4,9.991942405700684,13.65,,592205184.0,14.694936752319336,09:25:00,09:34:03,1,,小家电,1,2,指数上涨,情绪混沌,,,0,11,0,0,0,可以打板,,低/可控,待验证/行情缺失,,,,,,,,,,,,False,,,,,,股性偏强,3,0,0.0,3,0,0.0,0.09369221968489683,0.10019484322177045,0.0,0,0,,,0.09369221968489683,0.10019484322177045,,3,1.0,0.0,0.09369221968489683,0.09073170731707325,0.10019484322177045,0.10019484322177045,是,3.3173859119415283,19.93,32.23,45.83,收盘封住涨停；大环境：情绪混沌，需确认回暖还是回落；指数环境：指数上涨；首次封板在10:30前，只作为前排证据之一；3板以上有辨识度；炸板次数1次，可接受但需看承接；换手处于可承接区间；题材/行业热度一般：小家电；板块内封板排序第1，属于日内前排；图形新高或强势池新高；5日涨幅过高，次日兑现风险；今日涨停家数尚可；今日炸板率偏高，次日溢价打折；三年股性偏强：涨停样本3，次日开盘有溢价率100.0%，均值9.4%,,收盘封住涨停；大环境：情绪混沌，需确认回暖还是回落；指数环境：指数上涨；首次封板在10:30前，只作为前排证据之一；3板以上有辨识度；炸板次数1次，可接受但需看承接；换手处于可承接区间；题材/行业热度一般：小家电；板块内封板排序第1，属于日内前排；图形新高或强势池新高；5日涨幅过高，次日兑现风险；今日涨停家数尚可；今日炸板率偏高，次日溢价打折；三年股性偏强：涨停样本3，次日开盘有溢价率100.0%，均值9.4%,前一交易日本行业涨停样本缺失；龙虎榜未上榜或未匹配；仅可作为盘后缺失项；T+1行情缺失或未收盘：2026-09-09,AKShare/Eastmoney pools + local technical screener + local stock_personality_history/history detail + Eastmoney LHB
2026-09-08,2026-09-09,002702,海欣食品,涨停,3,10.048623085021973,6.79,,598325984.0,19.385509490966797,09:25:00,09:36:39,2,,食品加工,1,1,指数上涨,情绪混沌,,,0,10,-1,-1,-1,可以打板,,低/可控,待验证/行情缺失,,,,,,,,,,,,False,,,,,,股性偏强,3,0,0.0,3,0,0.0,0.0472011723673866,0.0836384193309494,0.0,0,0,,,0.0472011723673866,0.0836384193309494,,3,0.6666666666666666,0.3333333333333333,0.0472011723673866,0.09982174688057044,0.0836384193309494,0.07216743417575366,是,4.024182319641113,17.68,24.4,27.63,收盘封住涨停；大环境：情绪混沌，需确认回暖还是回落；指数环境：指数上涨；首次封板在10:30前，只作为前排证据之一；3板以上有辨识度；炸板次数2次，可接受但需看承接；题材/行业热度一般：食品加工；板块内封板排序第1，属于日内前排；图形新高或强势池新高；今日涨停家数尚可；今日炸板率偏高，次日溢价打折；三年股性偏强：涨停样本3，次日开盘有溢价率66.7%，均值4.7%,,收盘封住涨停；大环境：情绪混沌，需确认回暖还是回落；指数环境：指数上涨；首次封板在10:30前，只作为前排证据之一；3板以上有辨识度；炸板次数2次，可接受但需看承接；题材/行业热度一般：食品加工；板块内封板排序第1，属于日内前排；图形新高或强势池新高；今日涨停家数尚可；今日炸板率偏高，次日溢价打折；三年股性偏强：涨停样本3，次日开盘有溢价率66.7%，均值4.7%,前一交易日本行业涨停样本缺失；龙虎榜未上榜或未匹配；仅可作为盘后缺失项；T+1行情缺失或未收盘：2026-09-09,AKShare/Eastmoney pools + local technical screener + local stock_personality_history/history detail + Eastmoney LHB
2026-09-08,2026-09-09,600865,百大集团,涨停,4,10.00800609588623,13.74,,58836892.0,1.1381452083587646,09:25:01,09:25:01,0,,一般零售,1,3,指数上涨,情绪混沌,,,0,11,1,-1,-1,可以打板,,低/可控,待验证/行情缺失,,,,,,,,,,,,True,58764144.0,0.0,拉萨系:东方财富证券股份有限公司拉萨金融城南环路证券营业部,0.30088195892380404,0.09014847511743519,股性偏强,3,2,0.6666666666666666,3,2,0.6666666666666666,0.057854893232848315,0.10010893141199657,0.6666666666666666,2,0,0.0,0.0,0.057854893232848315,0.10010893141199657,,3,0.6666666666666666,0.3333333333333333,0.057854893232848315,0.09867841409691636,0.10010893141199657,0.10010893141199657,是,0.1537005603313446,19.94,33.22,41.5,收盘封住涨停；大环境：情绪混沌，需确认回暖还是回落；指数环境：指数上涨；首次封板在10:30前，只作为前排证据之一；3板以上有辨识度；未炸板；成交额过低，容量和滑点风险高；题材/行业热度一般：一般零售；板块内封板排序第1，属于日内前排；图形新高或强势池新高；5日涨幅过高，次日兑现风险；今日涨停家数尚可；今日炸板率偏高，次日溢价打折；三年股性偏强：涨停样本3，次日开盘有溢价率66.7%，均值5.8%；历史封板稳定性一般：涨停/炸板样本中未封住比例66.7%,盘后龙虎榜净买入0.59亿，可改善次日风险；关注席位上榜：拉萨系:东方财富证券股份有限公司拉萨金融城南环路证券营业部,收盘封住涨停；大环境：情绪混沌，需确认回暖还是回落；指数环境：指数上涨；首次封板在10:30前，只作为前排证据之一；3板以上有辨识度；未炸板；成交额过低，容量和滑点风险高；题材/行业热度一般：一般零售；板块内封板排序第1，属于日内前排；图形新高或强势池新高；5日涨幅过高，次日兑现风险；今日涨停家数尚可；今日炸板率偏高，次日溢价打折；三年股性偏强：涨停样本3，次日开盘有溢价率66.7%，均值5.8%；历史封板稳定性一般：涨停/炸板样本中未封住比例66.7%,前一交易日本行业涨停样本缺失；T+1行情缺失或未收盘：2026-09-09,AKShare/Eastmoney pools + local technical screener + local stock_personality_history/history detail + Eastmoney LHB
2026-09-08,2026-09-09,603938,三孚股份,涨停,1,10.00247573852539,44.43,,184284088.0,1.0840235948562622,09:25:02,09:25:02,0,,化学原料,1,3,指数上涨,情绪混沌,,,0,7,1,1,1,谨慎可打,,低/可控,待验证/行情缺失,,,,,,,,,,,,False,,,,,,样本不足,2,1,0.5,2,1,0.5,0.011565836298932375,0.06622676815217876,0.5,1,0,0.0,0.0,0.011565836298932375,0.06622676815217876,,2,0.5,0.5,0.011565836298932375,0.011565836298932375,0.06622676815217876,0.04835331325387193,,,6.28,3.15,1.44,收盘封住涨停；大环境：情绪混沌，需确认回暖还是回落；指数环境：指数上涨；首次封板在10:30前，只作为前排证据之一；首板/低板位溢价弹性需依赖题材和封板质量；未炸板；题材/行业热度一般：化学原料；板块内封板排序第1，属于日内前排；今日涨停家数尚可；今日炸板率偏高，次日溢价打折,,收盘封住涨停；大环境：情绪混沌，需确认回暖还是回落；指数环境：指数上涨；首次封板在10:30前，只作为前排证据之一；首板/低板位溢价弹性需依赖题材和封板质量；未炸板；题材/行业热度一般：化学原料；板块内封板排序第1，属于日内前排；今日涨停家数尚可；今日炸板率偏高，次日溢价打折,前一交易日本行业涨停样本缺失；同股历史涨停溢价样本不足；龙虎榜未上榜或未匹配；仅可作为盘后缺失项；T+1行情缺失或未收盘：2026-09-09,AKShare/Eastmoney pools + local technical screener + local stock_personality_history/history detail + Eastmoney LHB
2026-09-08,2026-09-09,600108,亚盛集团,涨停,4,10.0,5.28,,88953005.0,0.8653258681297302,09:25:03,09:25:03,0,,种植业,1,5,指数上涨,情绪混沌,,,0,11,0,0,0,可以打板,,低/可控,待验证/行情缺失,,,,,,,,,,,,True,33602544.0,-11172576.0,,0.2717991900514295,0.09548763964647489,股性偏强,4,2,0.5,4,2,0.5,0.05209323466204202,0.082095639664447,0.5,2,0,0.0,0.0,0.05209323466204202,0.082095639664447,,4,0.75,0.25,0.05209323466204202,0.05505050505050513,0.082095639664447,0.07746601003481735,是,0.08694188296794891,20.0,29.89,34.69,收盘封住涨停；大环境：情绪混沌，需确认回暖还是回落；指数环境：指数上涨；首次封板在10:30前，只作为前排证据之一；3板以上有辨识度；未炸板；换手过低，成交验证不足；成交额过低，容量和滑点风险高；所属行业在今日涨停/炸板热度前排：种植业；板块内封板排序第1，属于日内前排；图形新高或强势池新高；今日涨停家数尚可；今日炸板率偏高，次日溢价打折；三年股性偏强：涨停样本4，次日开盘有溢价率75.0%，均值5.2%；历史封板稳定性一般：涨停/炸板样本中未封住比例50.0%,盘后龙虎榜净买入0.34亿，可改善次日风险；机构净卖出0.11亿,收盘封住涨停；大环境：情绪混沌，需确认回暖还是回落；指数环境：指数上涨；首次封板在10:30前，只作为前排证据之一；3板以上有辨识度；未炸板；换手过低，成交验证不足；成交额过低，容量和滑点风险高；所属行业在今日涨停/炸板热度前排：种植业；板块内封板排序第1，属于日内前排；图形新高或强势池新高；今日涨停家数尚可；今日炸板率偏高，次日溢价打折；三年股性偏强：涨停样本4，次日开盘有溢价率75.0%，均值5.2%；历史封板稳定性一般：涨停/炸板样本中未封住比例50.0%,前一交易日本行业涨停样本缺失；T+1行情缺失或未收盘：2026-09-09,AKShare/Eastmoney pools + local technical screener + local stock_personality_history/history detail + Eastmoney LHB
2026-09-08,2026-09-09,600880,博瑞传播,涨停,1,10.096153259277344,4.58,,67350576.0,1.3453760147094727,09:25:03,09:25:03,0,,教育,1,2,指数上涨,情绪混沌,,,0,7,2,1,1,谨慎可打,,低/可控,待验证/行情缺失,,,,,,,,,,,,True,33895206.0,0.0,,0.730991669618386,0.22772639687595247,样本不足,,,,,,,,,,,,,,,,,,,,,,,,是,0.6973937153816223,9.1,11.9,10.9,收盘封住涨停；大环境：情绪混沌，需确认回暖还是回落；指数环境：指数上涨；首次封板在10:30前，只作为前排证据之一；首板/低板位溢价弹性需依赖题材和封板质量；未炸板；成交额过低，容量和滑点风险高；题材/行业热度一般：教育；板块内封板排序第1，属于日内前排；图形新高或强势池新高；今日涨停家数尚可；今日炸板率偏高，次日溢价打折,盘后龙虎榜净买入0.34亿，可改善次日风险,收盘封住涨停；大环境：情绪混沌，需确认回暖还是回落；指数环境：指数上涨；首次封板在10:30前，只作为前排证据之一；首板/低板位溢价弹性需依赖题材和封板质量；未炸板；成交额过低，容量和滑点风险高；题材/行业热度一般：教育；板块内封板排序第1，属于日内前排；图形新高或强势池新高；今日涨停家数尚可；今日炸板率偏高，次日溢价打折,前一交易日本行业涨停样本缺失；同股历史涨停溢价样本不足；T+1行情缺失或未收盘：2026-09-09,AKShare/Eastmoney pools + local technical screener + local stock_personality_history/history detail + Eastmoney LHB
2026-09-08,2026-09-09,603042,华脉科技,涨停,2,9.980557441711426,16.97,,112590112.0,3.178022623062134,09:25:03,09:25:03,0,,通信设备,1,5,指数上涨,情绪混沌,,,0,11,-1,-2,-2,可以打板,,低/可控,待验证/行情缺失,,,,,,,,,,,,True,26156912.24,-4033769.0,宁波分公司:联储证券股份有限公司宁波分公司,0.2192305079226182,0.12548657495251117,样本不足,1,0,0.0,1,0,0.0,0.0998055735580039,0.0998055735580039,0.0,0,0,,,0.0998055735580039,0.0998055735580039,,1,1.0,0.0,0.0998055735580039,0.0998055735580039,0.0998055735580039,0.0998055735580039,否,0.7934352159500122,12.8,16.16,18.42,收盘封住涨停；大环境：情绪混沌，需确认回暖还是回落；指数环境：指数上涨；首次封板在10:30前，只作为前排证据之一；2板承接优于普通首板；未炸板；换手处于可承接区间；所属行业在今日涨停/炸板热度前排：通信设备；板块内封板排序第1，属于日内前排；今日涨停家数尚可；今日炸板率偏高，次日溢价打折,盘后龙虎榜净买入0.26亿，可改善次日风险；机构净卖出0.04亿；关注席位上榜：宁波分公司:联储证券股份有限公司宁波分公司,收盘封住涨停；大环境：情绪混沌，需确认回暖还是回落；指数环境：指数上涨；首次封板在10:30前，只作为前排证据之一；2板承接优于普通首板；未炸板；换手处于可承接区间；所属行业在今日涨停/炸板热度前排：通信设备；板块内封板排序第1，属于日内前排；今日涨停家数尚可；今日炸板率偏高，次日溢价打折,前一交易日本行业涨停样本缺失；同股历史涨停溢价样本不足；T+1行情缺失或未收盘：2026-09-09,AKShare/Eastmoney pools + local technical screener + local stock_personality_history/history detail + Eastmoney LHB
2026-09-08,2026-09-09,603999,读者传媒,涨停,2,9.954751014709473,7.29,,69140110.0,1.6465694904327393,09:25:03,09:25:03,0,,出版,1,5,指数上涨,情绪混沌,,,0,10,0,0,0,可以打板,,低/可控,待验证/行情缺失,,,,,,,,,,,,True,40030700.0,-14115585.0,,0.3534107526159349,0.16561167150644693,样本不足,1,0,0.0,1,0,0.0,0.09954751131221728,0.09954751131221728,0.0,0,0,,,0.09954751131221728,0.09954751131221728,,1,1.0,0.0,0.09954751131221728,0.09954751131221728,0.09954751131221728,0.09954751131221728,是,0.731269359588623,14.91,20.78,23.56,收盘封住涨停；大环境：情绪混沌，需确认回暖还是回落；指数环境：指数上涨；首次封板在10:30前，只作为前排证据之一；2板承接优于普通首板；未炸板；成交额过低，容量和滑点风险高；所属行业在今日涨停/炸板热度前排：出版；板块内封板排序第1，属于日内前排；图形新高或强势池新高；今日涨停家数尚可；今日炸板率偏高，次日溢价打折,盘后龙虎榜净买入0.40亿，可改善次日风险；机构净卖出0.14亿,收盘封住涨停；大环境：情绪混沌，需确认回暖还是回落；指数环境：指数上涨；首次封板在10:30前，只作为前排证据之一；2板承接优于普通首板；未炸板；成交额过低，容量和滑点风险高；所属行业在今日涨停/炸板热度前排：出版；板块内封板排序第1，属于日内前排；图形新高或强势池新高；今日涨停家数尚可；今日炸板率偏高，次日溢价打折,前一交易日本行业涨停样本缺失；同股历史涨停溢价样本不足；T+1行情缺失或未收盘：2026-09-09,AKShare/Eastmoney pools + local technical screener + local stock_personality_history/history detail + Eastmoney LHB
2026-09-08,2026-09-09,000978,桂林旅游,涨停,2,10.027472496032715,8.01,,204578866.0,5.458022594451904,09:30:00,09:30:00,0,,旅游及景,1,1,指数上涨,情绪混沌,,,0,11,0,-2,-2,可以打板,,低/可控,待验证/行情缺失,,,,,,,,,,,,True,50781554.25,11074102.15,,0.1380383975128324,0.07754238146108458,样本不足,1,1,1.0,1,1,1.0,0.09890109890109877,0.10027472527472514,1.0,1,0,0.0,0.0,0.09890109890109877,0.10027472527472514,,1,1.0,0.0,0.09890109890109877,0.09890109890109877,0.10027472527472514,0.10027472527472514,是,0.7938773036003113,14.72,21.16,24.77,收盘封住涨停；大环境：情绪混沌，需确认回暖还是回落；指数环境：指数上涨；首次封板在10:30前，只作为前排证据之一；2板承接优于普通首板；未炸板；换手处于可承接区间；题材/行业热度一般：旅游及景；板块内封板排序第1，属于日内前排；图形新高或强势池新高；今日涨停家数尚可；今日炸板率偏高，次日溢价打折,盘后龙虎榜净买入0.51亿，可改善次日风险；机构净买入0.11亿,收盘封住涨停；大环境：情绪混沌，需确认回暖还是回落；指数环境：指数上涨；首次封板在10:30前，只作为前排证据之一；2板承接优于普通首板；未炸板；换手处于可承接区间；题材/行业热度一般：旅游及景；板块内封板排序第1，属于日内前排；图形新高或强势池新高；今日涨停家数尚可；今日炸板率偏高，次日溢价打折,前一交易日本行业涨停样本缺失；同股历史涨停溢价样本不足；T+1行情缺失或未收盘：2026-09-09,AKShare/Eastmoney pools + local technical screener + local stock_personality_history/history detail + Eastmoney LHB
2026-09-08,2026-09-09,000759,中百集团,涨停,2,10.0,7.7,,454765152.0,9.017088890075684,09:30:06,09:30:48,1,,一般零售,2,3,指数上涨,情绪混沌,,,0,9,1,1,1,可以打板,,低/可控,待验证/行情缺失,,,,,,,,,,,,False,,,,,,样本不足,2,2,1.0,2,2,1.0,0.03939641109298536,0.05326264274061998,1.0,2,0,0.0,0.0,0.03939641109298536,0.05326264274061998,,2,0.5,0.5,0.03939641109298536,0.03939641109298536,0.05326264274061998,0.03694942903752041,是,0.6041779518127441,14.18,19.21,20.69,收盘封住涨停；大环境：情绪混沌，需确认回暖还是回落；指数环境：指数上涨；首次封板在10:30前，只作为前排证据之一；2板承接优于普通首板；炸板次数1次，可接受但需看承接；换手处于可承接区间；题材/行业热度一般：一般零售；板块内封板排序第2，属于日内前排；图形新高或强势池新高；今日涨停家数尚可；今日炸板率偏高，次日溢价打折,,收盘封住涨停；大环境：情绪混沌，需确认回暖还是回落；指数环境：指数上涨；首次封板在10:30前，只作为前排证据之一；2板承接优于普通首板；炸板次数1次，可接受但需看承接；换手处于可承接区间；题材/行业热度一般：一般零售；板块内封板排序第2，属于日内前排；图形新高或强势池新高；今日涨停家数尚可；今日炸板率偏高，次日溢价打折,前一交易日本行业涨停样本缺失；同股历史涨停溢价样本不足；龙虎榜未上榜或未匹配；仅可作为盘后缺失项；T+1行情缺失或未收盘：2026-09-09,AKShare/Eastmoney pools + local technical screener + local stock_personality_history/history detail + Eastmoney LHB
2026-09-08,2026-09-09,600737,中粮糖业,涨停,1,9.993943214416504,18.16,,1766589040.0,4.554940223693848,09:30:12,09:37:24,1,,农产品加,1,5,指数上涨,情绪混沌,,,0,8,1,1,1,可以打板,,低/可控,待验证/行情缺失,,,,,,,,,,,,False,,,,,,样本不足,,,,,,,,,,,,,,,,,,,,,,,,是,0.9223947525024414,12.32,15.68,19.55,收盘封住涨停；大环境：情绪混沌，需确认回暖还是回落；指数环境：指数上涨；首次封板在10:30前，只作为前排证据之一；首板/低板位溢价弹性需依赖题材和封板质量；炸板次数1次，可接受但需看承接；换手处于可承接区间；所属行业在今日涨停/炸板热度前排：农产品加；板块内封板排序第1，属于日内前排；图形新高或强势池新高；今日涨停家数尚可；今日炸板率偏高，次日溢价打折,,收盘封住涨停；大环境：情绪混沌，需确认回暖还是回落；指数环境：指数上涨；首次封板在10:30前，只作为前排证据之一；首板/低板位溢价弹性需依赖题材和封板质量；炸板次数1次，可接受但需看承接；换手处于可承接区间；所属行业在今日涨停/炸板热度前排：农产品加；板块内封板排序第1，属于日内前排；图形新高或强势池新高；今日涨停家数尚可；今日炸板率偏高，次日溢价打折,前一交易日本行业涨停样本缺失；同股历史涨停溢价样本不足；龙虎榜未上榜或未匹配；仅可作为盘后缺失项；T+1行情缺失或未收盘：2026-09-09,AKShare/Eastmoney pools + local technical screener + local stock_personality_history/history detail + Eastmoney LHB
2026-09-08,2026-09-09,002295,精艺股份,涨停,1,10.031347274780273,10.53,,180588436.0,6.909456729888916,09:30:30,09:33:27,1,,工业金属,1,2,指数上涨,情绪混沌,,,0,6,5,5,5,不能打板,,高：次日无溢价风险高,待验证/行情缺失,,,,,,,,,,,,False,,,,,,A杀血统高,2,2,1.0,2,2,1.0,-0.0013401047820089107,0.028566349185018436,1.0,2,1,0.5,0.5,-0.0013401047820089107,0.028566349185018436,谨慎可打,2,0.5,0.5,-0.0013401047820089107,-0.0013401047820089107,0.028566349185018436,-0.024210075422888944,,,6.15,5.29,-0.85,收盘封住涨停；大环境：情绪混沌，需确认回暖还是回落；指数环境：指数上涨；首次封板在10:30前，只作为前排证据之一；首板/低板位溢价弹性需依赖题材和封板质量；炸板次数1次，可接受但需看承接；换手处于可承接区间；题材/行业热度一般：工业金属；板块内封板排序第1，属于日内前排；今日涨停家数尚可；今日炸板率偏高，次日溢价打折；A杀血统指数偏高：历史炸板样本2，炸板后A杀率50.0%；A杀血统样本较少，强制退出严格可以打板名单,,收盘封住涨停；大环境：情绪混沌，需确认回暖还是回落；指数环境：指数上涨；首次封板在10:30前，只作为前排证据之一；首板/低板位溢价弹性需依赖题材和封板质量；炸板次数1次，可接受但需看承接；换手处于可承接区间；题材/行业热度一般：工业金属；板块内封板排序第1，属于日内前排；今日涨停家数尚可；今日炸板率偏高，次日溢价打折；A杀血统指数偏高：历史炸板样本2，炸板后A杀率50.0%；A杀血统样本较少，强制退出严格可以打板名单,前一交易日本行业涨停样本缺失；同股历史涨停溢价样本不足；龙虎榜未上榜或未匹配；仅可作为盘后缺失项；T+1行情缺失或未收盘：2026-09-09,AKShare/Eastmoney pools + local technical screener + local stock_personality_history/history detail + Eastmoney LHB
2026-09-08,2026-09-09,002579,中京电子,涨停,2,9.993552207946777,17.06,,836608912.0,8.468289375305176,09:30:36,09:30:36,0,,元件,1,4,指数上涨,情绪混沌,,,0,11,0,-3,-3,可以打板,,低/可控,待验证/行情缺失,,,,,,,,,,,,True,354246855.83,37370350.43000001,武汉紫阳东路:国泰海通证券股份有限公司武汉紫阳东路证券营业部,0.1687803849783491,0.10208313997802161,股性偏强,4,3,0.75,4,3,0.75,0.04948939448578821,0.09828896611262278,0.75,3,0,0.0,0.0,0.04948939448578821,0.09828896611262278,,4,1.0,0.0,0.04948939448578821,0.03998459167950685,0.09828896611262278,0.09328126195237624,否,0.7794196009635925,14.9,17.21,21.16,收盘封住涨停；大环境：情绪混沌，需确认回暖还是回落；指数环境：指数上涨；首次封板在10:30前，只作为前排证据之一；2板承接优于普通首板；未炸板；换手处于可承接区间；题材/行业热度一般：元件；板块内封板排序第1，属于日内前排；今日涨停家数尚可；今日炸板率偏高，次日溢价打折；三年股性偏强：涨停样本4，次日开盘有溢价率100.0%，均值4.9%；历史封板稳定性一般：涨停/炸板样本中未封住比例75.0%,盘后龙虎榜净买入3.54亿，可改善次日风险；机构净买入0.37亿；关注席位上榜：武汉紫阳东路:国泰海通证券股份有限公司武汉紫阳东路证券营业部,收盘封住涨停；大环境：情绪混沌，需确认回暖还是回落；指数环境：指数上涨；首次封板在10:30前，只作为前排证据之一；2板承接优于普通首板；未炸板；换手处于可承接区间；题材/行业热度一般：元件；板块内封板排序第1，属于日内前排；今日涨停家数尚可；今日炸板率偏高，次日溢价打折；三年股性偏强：涨停样本4，次日开盘有溢价率100.0%，均值4.9%；历史封板稳定性一般：涨停/炸板样本中未封住比例75.0%,前一交易日本行业涨停样本缺失；T+1行情缺失或未收盘：2026-09-09,AKShare/Eastmoney pools + local technical screener + local stock_personality_history/history detail + Eastmoney LHB
2026-09-08,2026-09-09,601949,中国出版,涨停,3,9.984399795532227,7.05,,378918384.0,2.86175274848938,09:30:42,09:30:42,0,,出版,2,5,指数上涨,情绪混沌,,,0,12,-2,-2,-2,可以打板,,低/可控,待验证/行情缺失,,,,,,,,,,,,False,,,,,,样本不足,2,0,0.0,2,0,0.0,0.054434938975603586,0.09966470699994379,0.0,0,0,,,0.054434938975603586,0.09966470699994379,,2,1.0,0.0,0.054434938975603586,0.054434938975603586,0.09966470699994379,0.09966470699994379,是,1.1241049766540527,18.05,25.4,30.07,收盘封住涨停；大环境：情绪混沌，需确认回暖还是回落；指数环境：指数上涨；首次封板在10:30前，只作为前排证据之一；3板以上有辨识度；未炸板；所属行业在今日涨停/炸板热度前排：出版；板块内封板排序第2，属于日内前排；图形新高或强势池新高；今日涨停家数尚可；今日炸板率偏高，次日溢价打折,,收盘封住涨停；大环境：情绪混沌，需确认回暖还是回落；指数环境：指数上涨；首次封板在10:30前，只作为前排证据之一；3板以上有辨识度；未炸板；所属行业在今日涨停/炸板热度前排：出版；板块内封板排序第2，属于日内前排；图形新高或强势池新高；今日涨停家数尚可；今日炸板率偏高，次日溢价打折,前一交易日本行业涨停样本缺失；同股历史涨停溢价样本不足；龙虎榜未上榜或未匹配；仅可作为盘后缺失项；T+1行情缺失或未收盘：2026-09-09,AKShare/Eastmoney pools + local technical screener + local stock_personality_history/history detail + Eastmoney LHB
2026-09-08,2026-09-09,603823,百合花,涨停,2,9.993108749389648,63.84,,427711168.0,1.618415355682373,09:30:55,09:30:55,0,,化学制品,1,4,指数上涨,情绪混沌,,,0,10,0,-1,-1,可以打板,,低/可控,待验证/行情缺失,,,,,,,,,,,,True,87208786.02,0.0,,0.20323287548819646,0.1308760298457317,股性偏强,5,4,0.8,5,4,0.8,0.040616516787552424,0.07173698718609241,0.8,4,0,0.0,0.0,0.040616516787552424,0.07173698718609241,,5,0.8,0.2,0.040616516787552424,0.040015540015539974,0.07173698718609241,0.05836678127913606,否,0.3594505786895752,10.8,3.87,4.81,收盘封住涨停；大环境：情绪混沌，需确认回暖还是回落；指数环境：指数上涨；首次封板在10:30前，只作为前排证据之一；2板承接优于普通首板；未炸板；题材/行业热度一般：化学制品；板块内封板排序第1，属于日内前排；今日涨停家数尚可；今日炸板率偏高，次日溢价打折；三年股性偏强：涨停样本5，次日开盘有溢价率80.0%，均值4.1%；历史封板稳定性一般：涨停/炸板样本中未封住比例80.0%,盘后龙虎榜净买入0.87亿，可改善次日风险,收盘封住涨停；大环境：情绪混沌，需确认回暖还是回落；指数环境：指数上涨；首次封板在10:30前，只作为前排证据之一；2板承接优于普通首板；未炸板；题材/行业热度一般：化学制品；板块内封板排序第1，属于日内前排；今日涨停家数尚可；今日炸板率偏高，次日溢价打折；三年股性偏强：涨停样本5，次日开盘有溢价率80.0%，均值4.1%；历史封板稳定性一般：涨停/炸板样本中未封住比例80.0%,前一交易日本行业涨停样本缺失；T+1行情缺失或未收盘：2026-09-09,AKShare/Eastmoney pools + local technical screener + local stock_personality_history/history detail + Eastmoney LHB
2026-09-08,2026-09-09,600354,敦煌种业,涨停,3,9.968521118164062,10.48,,513210736.0,9.317177772521973,09:31:03,09:33:39,2,,种植业,2,5,指数上涨,情绪混沌,,,0,11,0,0,0,可以打板,,低/可控,待验证/行情缺失,,,,,,,,,,,,False,,,,,,股性中性,7,7,1.0,7,7,1.0,0.02847322883333636,0.057768839180904856,1.0,7,1,0.14285714285714285,0.14285714285714285,0.02847322883333636,0.057768839180904856,,7,0.42857142857142855,0.5714285714285714,0.02847322883333636,0.0,0.057768839180904856,0.02291112662449219,是,0.40124934911727905,17.09,23.5,14.91,收盘封住涨停；大环境：情绪混沌，需确认回暖还是回落；指数环境：指数上涨；首次封板在10:30前，只作为前排证据之一；3板以上有辨识度；炸板次数2次，可接受但需看承接；换手处于可承接区间；所属行业在今日涨停/炸板热度前排：种植业；板块内封板排序第2，属于日内前排；图形新高或强势池新高；今日涨停家数尚可；今日炸板率偏高，次日溢价打折；三年股性中性：涨停样本7，次日开盘有溢价率42.9%；历史封板稳定性一般：涨停/炸板样本中未封住比例100.0%,,收盘封住涨停；大环境：情绪混沌，需确认回暖还是回落；指数环境：指数上涨；首次封板在10:30前，只作为前排证据之一；3板以上有辨识度；炸板次数2次，可接受但需看承接；换手处于可承接区间；所属行业在今日涨停/炸板热度前排：种植业；板块内封板排序第2，属于日内前排；图形新高或强势池新高；今日涨停家数尚可；今日炸板率偏高，次日溢价打折；三年股性中性：涨停样本7，次日开盘有溢价率42.9%；历史封板稳定性一般：涨停/炸板样本中未封住比例100.0%,前一交易日本行业涨停样本缺失；龙虎榜未上榜或未匹配；仅可作为盘后缺失项；T+1行情缺失或未收盘：2026-09-09,AKShare/Eastmoney pools + local technical screener + local stock_personality_history/history detail + Eastmoney LHB
2026-09-08,2026-09-09,000930,中粮科技,涨停,1,10.0,5.83,,232696012.0,2.17305588722229,09:31:18,09:31:18,0,,农产品加,2,5,指数上涨,情绪混沌,,,0,9,0,0,0,可以打板,,低/可控,待验证/行情缺失,,,,,,,,,,,,False,,,,,,样本不足,,,,,,,,,,,,,,,,,,,,,,,,是,0.9899469614028931,11.3,13.12,11.69,收盘封住涨停；大环境：情绪混沌，需确认回暖还是回落；指数环境：指数上涨；首次封板在10:30前，只作为前排证据之一；首板/低板位溢价弹性需依赖题材和封板质量；未炸板；所属行业在今日涨停/炸板热度前排：农产品加；板块内封板排序第2，属于日内前排；图形新高或强势池新高；今日涨停家数尚可；今日炸板率偏高，次日溢价打折,,收盘封住涨停；大环境：情绪混沌，需确认回暖还是回落；指数环境：指数上涨；首次封板在10:30前，只作为前排证据之一；首板/低板位溢价弹性需依赖题材和封板质量；未炸板；所属行业在今日涨停/炸板热度前排：农产品加；板块内封板排序第2，属于日内前排；图形新高或强势池新高；今日涨停家数尚可；今日炸板率偏高，次日溢价打折,前一交易日本行业涨停样本缺失；同股历史涨停溢价样本不足；龙虎榜未上榜或未匹配；仅可作为盘后缺失项；T+1行情缺失或未收盘：2026-09-09,AKShare/Eastmoney pools + local technical screener + local stock_personality_history/history detail + Eastmoney LHB
2026-09-08,2026-09-09,000560,我爱我家,涨停,1,9.904153823852539,3.44,,2179212480.0,27.648754119873047,09:31:33,10:51:54,3,,房地产服,1,2,指数上涨,情绪混沌,,,0,6,4,5,5,谨慎可打（次日风险高）,,高：次日无溢价风险高,待验证/行情缺失,,,,,,,,,,,,True,-3538647.25999999,-139152239.6,拉萨系:东方财富证券股份有限公司拉萨东环路第二证券营业部,0.15811578404690488,0.1629597835269372,股性中性,5,2,0.4,5,2,0.4,0.021232522267004984,0.06913721380176438,0.4,2,0,0.0,0.0,0.021232522267004984,0.06913721380176438,,5,0.4,0.6,0.021232522267004984,0.0,0.06913721380176438,0.038636989263161545,是,0.8436335325241089,9.14,17.45,7.84,收盘封住涨停；大环境：情绪混沌，需确认回暖还是回落；指数环境：指数上涨；首次封板在10:30前，只作为前排证据之一；首板/低板位溢价弹性需依赖题材和封板质量；炸板次数3次，封板稳定性一般；换手过高，次日抛压风险上升；成交额较大，具备市场辨识度；题材/行业热度一般：房地产服；板块内封板排序第1，属于日内前排；图形新高或强势池新高；今日涨停家数尚可；今日炸板率偏高，次日溢价打折；三年股性中性：涨停样本5，次日开盘有溢价率40.0%,盘后龙虎榜净卖出0.04亿，次日风险上升；机构净卖出1.39亿；关注席位上榜：拉萨系:东方财富证券股份有限公司拉萨东环路第二证券营业部,收盘封住涨停；大环境：情绪混沌，需确认回暖还是回落；指数环境：指数上涨；首次封板在10:30前，只作为前排证据之一；首板/低板位溢价弹性需依赖题材和封板质量；炸板次数3次，封板稳定性一般；换手过高，次日抛压风险上升；成交额较大，具备市场辨识度；题材/行业热度一般：房地产服；板块内封板排序第1，属于日内前排；图形新高或强势池新高；今日涨停家数尚可；今日炸板率偏高，次日溢价打折；三年股性中性：涨停样本5，次日开盘有溢价率40.0%,前一交易日本行业涨停样本缺失；T+1行情缺失或未收盘：2026-09-09,AKShare/Eastmoney pools + local technical screener + local stock_personality_history/history detail + Eastmoney LHB
2026-09-08,2026-09-09,000980,众泰汽车,涨停,1,10.179640769958496,1.84,,642105600.0,7.011051654815674,09:33:48,09:56:42,4,,汽车零部,1,1,指数上涨,情绪混沌,,,0,5,3,3,3,谨慎可打,,中：需看集合竞价承接,待验证/行情缺失,,,,,,,,,,,,False,,,,,,样本不足,,,,,,,,,,,,,,,,,,,,,,,,,,7.98,7.98,5.75,收盘封住涨停；大环境：情绪混沌，需确认回暖还是回落；指数环境：指数上涨；首次封板在10:30前，只作为前排证据之一；首板/低板位溢价弹性需依赖题材和封板质量；炸板次数4次，封板稳定性一般；换手处于可承接区间；题材/行业热度一般：汽车零部；板块内封板排序第1，属于日内前排；今日涨停家数尚可；今日炸板率偏高，次日溢价打折,,收盘封住涨停；大环境：情绪混沌，需确认回暖还是回落；指数环境：指数上涨；首次封板在10:30前，只作为前排证据之一；首板/低板位溢价弹性需依赖题材和封板质量；炸板次数4次，封板稳定性一般；换手处于可承接区间；题材/行业热度一般：汽车零部；板块内封板排序第1，属于日内前排；今日涨停家数尚可；今日炸板率偏高，次日溢价打折,前一交易日本行业涨停样本缺失；同股历史涨停溢价样本不足；龙虎榜未上榜或未匹配；仅可作为盘后缺失项；T+1行情缺失或未收盘：2026-09-09,AKShare/Eastmoney pools + local technical screener + local stock_personality_history/history detail + Eastmoney LHB
2026-09-08,2026-09-09,000912,泸天化,涨停,1,10.0,4.73,,227036275.0,3.1297032833099365,09:34:51,09:34:51,0,,农化制品,1,9,指数上涨,情绪混沌,,,0,9,0,0,0,可以打板,,低/可控,待验证/行情缺失,,,,,,,,,,,,False,,,,,,样本不足,1,1,1.0,1,1,1.0,-0.02064220183486254,0.10091743119266039,1.0,1,0,0.0,0.0,-0.02064220183486254,0.10091743119266039,,1,0.0,1.0,-0.02064220183486254,-0.02064220183486254,0.10091743119266039,0.06422018348623837,,,8.44,9.11,1.07,收盘封住涨停；大环境：情绪混沌，需确认回暖还是回落；指数环境：指数上涨；首次封板在10:30前，只作为前排证据之一；首板/低板位溢价弹性需依赖题材和封板质量；未炸板；换手处于可承接区间；所属行业在今日涨停/炸板热度前排：农化制品；板块内封板排序第1，属于日内前排；今日涨停家数尚可；今日炸板率偏高，次日溢价打折,,收盘封住涨停；大环境：情绪混沌，需确认回暖还是回落；指数环境：指数上涨；首次封板在10:30前，只作为前排证据之一；首板/低板位溢价弹性需依赖题材和封板质量；未炸板；换手处于可承接区间；所属行业在今日涨停/炸板热度前排：农化制品；板块内封板排序第1，属于日内前排；今日涨停家数尚可；今日炸板率偏高，次日溢价打折,前一交易日本行业涨停样本缺失；同股历史涨停溢价样本不足；龙虎榜未上榜或未匹配；仅可作为盘后缺失项；T+1行情缺失或未收盘：2026-09-09,AKShare/Eastmoney pools + local technical screener + local stock_personality_history/history detail + Eastmoney LHB
2026-09-08,2026-09-09,300788,中信出版,涨停,1,19.992441177368164,31.75,,474235856.0,8.038463592529297,09:35:51,09:35:51,0,,出版,4,5,指数上涨,情绪混沌,,,0,8,2,0,0,可以打板,,低/可控,待验证/行情缺失,,,,,,,,,,,,True,109271932.4,8710360.6,,0.3163936227850842,0.10479373786706049,样本不足,,,,,,,,,,,,,,,,,,,,,,,,是,2.661271333694458,19.12,24.95,25.1,收盘封住涨停；大环境：情绪混沌，需确认回暖还是回落；指数环境：指数上涨；首次封板在10:30前，只作为前排证据之一；首板/低板位溢价弹性需依赖题材和封板质量；未炸板；换手处于可承接区间；所属行业在今日涨停/炸板热度前排：出版；板块内封板排序第4，不是日内前排；图形新高或强势池新高；今日涨停家数尚可；今日炸板率偏高，次日溢价打折,盘后龙虎榜净买入1.09亿，可改善次日风险；机构净买入0.09亿,收盘封住涨停；大环境：情绪混沌，需确认回暖还是回落；指数环境：指数上涨；首次封板在10:30前，只作为前排证据之一；首板/低板位溢价弹性需依赖题材和封板质量；未炸板；换手处于可承接区间；所属行业在今日涨停/炸板热度前排：出版；板块内封板排序第4，不是日内前排；图形新高或强势池新高；今日涨停家数尚可；今日炸板率偏高，次日溢价打折,前一交易日本行业涨停样本缺失；同股历史涨停溢价样本不足；T+1行情缺失或未收盘：2026-09-09,AKShare/Eastmoney pools + local technical screener + local stock_personality_history/history detail + Eastmoney LHB
2026-09-08,2026-09-09,603679,华体科技,涨停,2,10.01262092590332,26.15,,252407336.0,5.538900852203369,09:35:52,09:35:52,0,,光学光电,1,2,指数上涨,情绪混沌,,,0,11,0,-1,-1,可以打板,,低/可控,待验证/行情缺失,,,,,,,,,,,,True,25511373.11,0.0,,0.19985185357824434,0.15349840567802553,样本不足,1,1,1.0,1,1,1.0,0.03996634413125788,0.10012620950778284,1.0,1,0,0.0,0.0,0.03996634413125788,0.10012620950778284,,1,1.0,0.0,0.03996634413125788,0.03996634413125788,0.10012620950778284,0.10012620950778284,是,1.324150562286377,13.22,12.51,13.84,收盘封住涨停；大环境：情绪混沌，需确认回暖还是回落；指数环境：指数上涨；首次封板在10:30前，只作为前排证据之一；2板承接优于普通首板；未炸板；换手处于可承接区间；题材/行业热度一般：光学光电；板块内封板排序第1，属于日内前排；图形新高或强势池新高；今日涨停家数尚可；今日炸板率偏高，次日溢价打折,盘后龙虎榜净买入0.26亿，可改善次日风险,收盘封住涨停；大环境：情绪混沌，需确认回暖还是回落；指数环境：指数上涨；首次封板在10:30前，只作为前排证据之一；2板承接优于普通首板；未炸板；换手处于可承接区间；题材/行业热度一般：光学光电；板块内封板排序第1，属于日内前排；图形新高或强势池新高；今日涨停家数尚可；今日炸板率偏高，次日溢价打折,前一交易日本行业涨停样本缺失；同股历史涨停溢价样本不足；T+1行情缺失或未收盘：2026-09-09,AKShare/Eastmoney pools + local technical screener + local stock_personality_history/history detail + Eastmoney LHB
2026-09-08,2026-09-09,603075,热威股份,涨停,1,9.984235763549805,20.93,,120839226.0,13.849085807800293,09:37:02,09:38:26,1,,家电零部,1,1,指数上涨,情绪混沌,,,0,6,2,2,2,谨慎可打,,中：需看集合竞价承接,待验证/行情缺失,,,,,,,,,,,,False,,,,,,样本不足,,,,,,,,,,,,,,,,,,,,,,,,,,6.83,7.34,7.44,收盘封住涨停；大环境：情绪混沌，需确认回暖还是回落；指数环境：指数上涨；首次封板在10:30前，只作为前排证据之一；首板/低板位溢价弹性需依赖题材和封板质量；炸板次数1次，可接受但需看承接；换手处于可承接区间；题材/行业热度一般：家电零部；板块内封板排序第1，属于日内前排；今日涨停家数尚可；今日炸板率偏高，次日溢价打折,,收盘封住涨停；大环境：情绪混沌，需确认回暖还是回落；指数环境：指数上涨；首次封板在10:30前，只作为前排证据之一；首板/低板位溢价弹性需依赖题材和封板质量；炸板次数1次，可接受但需看承接；换手处于可承接区间；题材/行业热度一般：家电零部；板块内封板排序第1，属于日内前排；今日涨停家数尚可；今日炸板率偏高，次日溢价打折,前一交易日本行业涨停样本缺失；同股历史涨停溢价样本不足；龙虎榜未上榜或未匹配；仅可作为盘后缺失项；T+1行情缺失或未收盘：2026-09-09,AKShare/Eastmoney pools + local technical screener + local stock_personality_history/history detail + Eastmoney LHB
2026-09-08,2026-09-09,002194,武汉凡谷,涨停,1,10.029790878295898,11.08,,572503984.0,10.19539737701416,09:39:03,09:39:03,0,,通信设备,4,5,指数上涨,情绪混沌,,,0,7,7,7,7,不能打板,,高：次日无溢价风险高,待验证/行情缺失,,,,,,,,,,,,False,,,,,,A杀血统高,3,2,0.6666666666666666,3,2,0.6666666666666666,-0.01239302190739259,0.04982009579630986,0.6666666666666666,2,1,0.5,0.5,-0.01239302190739259,0.04982009579630986,谨慎可打,3,0.3333333333333333,0.6666666666666666,-0.01239302190739259,-0.027272727272727337,0.04982009579630986,0.0012424272186412806,,,8.33,8.52,10.14,收盘封住涨停；大环境：情绪混沌，需确认回暖还是回落；指数环境：指数上涨；首次封板在10:30前，只作为前排证据之一；首板/低板位溢价弹性需依赖题材和封板质量；未炸板；换手处于可承接区间；所属行业在今日涨停/炸板热度前排：通信设备；板块内封板排序第4，不是日内前排；今日涨停家数尚可；今日炸板率偏高，次日溢价打折；三年股性偏弱：涨停样本3，次日开盘有溢价率33.3%，均值-1.2%；历史封板稳定性一般：涨停/炸板样本中未封住比例66.7%；A杀血统指数偏高：历史炸板样本2，炸板后A杀率50.0%；A杀血统样本较少，强制退出严格可以打板名单,,收盘封住涨停；大环境：情绪混沌，需确认回暖还是回落；指数环境：指数上涨；首次封板在10:30前，只作为前排证据之一；首板/低板位溢价弹性需依赖题材和封板质量；未炸板；换手处于可承接区间；所属行业在今日涨停/炸板热度前排：通信设备；板块内封板排序第4，不是日内前排；今日涨停家数尚可；今日炸板率偏高，次日溢价打折；三年股性偏弱：涨停样本3，次日开盘有溢价率33.3%，均值-1.2%；历史封板稳定性一般：涨停/炸板样本中未封住比例66.7%；A杀血统指数偏高：历史炸板样本2，炸板后A杀率50.0%；A杀血统样本较少，强制退出严格可以打板名单,前一交易日本行业涨停样本缺失；龙虎榜未上榜或未匹配；仅可作为盘后缺失项；T+1行情缺失或未收盘：2026-09-09,AKShare/Eastmoney pools + local technical screener + local stock_personality_history/history detail + Eastmoney LHB
2026-09-08,2026-09-09,002264,新 华 都,涨停,1,9.985734939575195,7.71,,312197680.0,6.349761962890625,09:39:24,09:41:03,1,,广告营销,1,1,指数上涨,情绪混沌,,,0,7,2,2,2,谨慎可打,,中：需看集合竞价承接,待验证/行情缺失,,,,,,,,,,,,False,,,,,,样本不足,,,,,,,,,,,,,,,,,,,,,,,,是,1.880447506904602,9.49,12.13,10.46,收盘封住涨停；大环境：情绪混沌，需确认回暖还是回落；指数环境：指数上涨；首次封板在10:30前，只作为前排证据之一；首板/低板位溢价弹性需依赖题材和封板质量；炸板次数1次，可接受但需看承接；换手处于可承接区间；题材/行业热度一般：广告营销；板块内封板排序第1，属于日内前排；图形新高或强势池新高；今日涨停家数尚可；今日炸板率偏高，次日溢价打折,,收盘封住涨停；大环境：情绪混沌，需确认回暖还是回落；指数环境：指数上涨；首次封板在10:30前，只作为前排证据之一；首板/低板位溢价弹性需依赖题材和封板质量；炸板次数1次，可接受但需看承接；换手处于可承接区间；题材/行业热度一般：广告营销；板块内封板排序第1，属于日内前排；图形新高或强势池新高；今日涨停家数尚可；今日炸板率偏高，次日溢价打折,前一交易日本行业涨停样本缺失；同股历史涨停溢价样本不足；龙虎榜未上榜或未匹配；仅可作为盘后缺失项；T+1行情缺失或未收盘：2026-09-09,AKShare/Eastmoney pools + local technical screener + local stock_personality_history/history detail + Eastmoney LHB
2026-09-08,2026-09-09,002093,国脉科技,涨停,1,10.01430606842041,7.69,,206173399.0,2.7062134742736816,09:41:36,09:43:09,1,,教育,2,2,指数上涨,情绪混沌,,,0,6,2,2,2,谨慎可打,,中：需看集合竞价承接,待验证/行情缺失,,,,,,,,,,,,False,,,,,,样本不足,,,,,,,,,,,,,,,,,,,,,,,,是,2.8870089054107666,8.04,9.58,9.54,收盘封住涨停；大环境：情绪混沌，需确认回暖还是回落；指数环境：指数上涨；首次封板在10:30前，只作为前排证据之一；首板/低板位溢价弹性需依赖题材和封板质量；炸板次数1次，可接受但需看承接；题材/行业热度一般：教育；板块内封板排序第2，属于日内前排；图形新高或强势池新高；今日涨停家数尚可；今日炸板率偏高，次日溢价打折,,收盘封住涨停；大环境：情绪混沌，需确认回暖还是回落；指数环境：指数上涨；首次封板在10:30前，只作为前排证据之一；首板/低板位溢价弹性需依赖题材和封板质量；炸板次数1次，可接受但需看承接；题材/行业热度一般：教育；板块内封板排序第2，属于日内前排；图形新高或强势池新高；今日涨停家数尚可；今日炸板率偏高，次日溢价打折,前一交易日本行业涨停样本缺失；同股历史涨停溢价样本不足；龙虎榜未上榜或未匹配；仅可作为盘后缺失项；T+1行情缺失或未收盘：2026-09-09,AKShare/Eastmoney pools + local technical screener + local stock_personality_history/history detail + Eastmoney LHB
2026-09-08,2026-09-09,000011,深物业A,涨停,1,9.965237617492676,9.49,,322931840.0,6.608541965484619,09:43:45,10:43:21,1,,房地产开,1,3,指数上涨,情绪混沌,,,0,8,1,1,1,可以打板,,低/可控,待验证/行情缺失,,,,,,,,,,,,False,,,,,,股性偏强,4,1,0.25,4,1,0.25,0.022689477608204417,0.06504563969040217,0.25,1,0,0.0,0.0,0.022689477608204417,0.06504563969040217,,4,0.75,0.25,0.022689477608204417,0.03383462888868116,0.06504563969040217,0.02418216825197239,,,8.68,7.24,3.6,收盘封住涨停；大环境：情绪混沌，需确认回暖还是回落；指数环境：指数上涨；首次封板在10:30前，只作为前排证据之一；首板/低板位溢价弹性需依赖题材和封板质量；炸板次数1次，可接受但需看承接；换手处于可承接区间；题材/行业热度一般：房地产开；板块内封板排序第1，属于日内前排；接近年/三年高点，图形有辨识度；今日涨停家数尚可；今日炸板率偏高，次日溢价打折；三年股性偏强：涨停样本4，次日开盘有溢价率75.0%，均值2.3%,,收盘封住涨停；大环境：情绪混沌，需确认回暖还是回落；指数环境：指数上涨；首次封板在10:30前，只作为前排证据之一；首板/低板位溢价弹性需依赖题材和封板质量；炸板次数1次，可接受但需看承接；换手处于可承接区间；题材/行业热度一般：房地产开；板块内封板排序第1，属于日内前排；接近年/三年高点，图形有辨识度；今日涨停家数尚可；今日炸板率偏高，次日溢价打折；三年股性偏强：涨停样本4，次日开盘有溢价率75.0%，均值2.3%,前一交易日本行业涨停样本缺失；龙虎榜未上榜或未匹配；仅可作为盘后缺失项；T+1行情缺失或未收盘：2026-09-09,AKShare/Eastmoney pools + local technical screener + local stock_personality_history/history detail + Eastmoney LHB
2026-09-08,2026-09-09,600903,贵州燃气,涨停,1,10.015174865722656,7.25,,423518896.0,5.189721584320068,09:49:54,09:49:54,0,,燃气Ⅱ,1,1,指数上涨,情绪混沌,,,0,8,1,1,1,可以打板,,低/可控,待验证/行情缺失,,,,,,,,,,,,False,,,,,,样本不足,1,0,0.0,1,0,0.0,-0.00990099009900991,0.0240452616690241,0.0,0,0,,,-0.00990099009900991,0.0240452616690241,,1,0.0,1.0,-0.00990099009900991,-0.00990099009900991,0.0240452616690241,-0.04667609618104673,,,5.38,9.6,12.75,收盘封住涨停；大环境：情绪混沌，需确认回暖还是回落；指数环境：指数上涨；首次封板在10:30前，只作为前排证据之一；首板/低板位溢价弹性需依赖题材和封板质量；未炸板；换手处于可承接区间；题材/行业热度一般：燃气Ⅱ；板块内封板排序第1，属于日内前排；今日涨停家数尚可；今日炸板率偏高，次日溢价打折,,收盘封住涨停；大环境：情绪混沌，需确认回暖还是回落；指数环境：指数上涨；首次封板在10:30前，只作为前排证据之一；首板/低板位溢价弹性需依赖题材和封板质量；未炸板；换手处于可承接区间；题材/行业热度一般：燃气Ⅱ；板块内封板排序第1，属于日内前排；今日涨停家数尚可；今日炸板率偏高，次日溢价打折,前一交易日本行业涨停样本缺失；同股历史涨停溢价样本不足；龙虎榜未上榜或未匹配；仅可作为盘后缺失项；T+1行情缺失或未收盘：2026-09-09,AKShare/Eastmoney pools + local technical screener + local stock_personality_history/history detail + Eastmoney LHB
2026-09-08,2026-09-09,002095,生 意 宝,涨停,1,9.97977066040039,16.31,,230197386.0,5.666959762573242,09:50:30,10:33:42,4,,数字媒体,1,2,指数上涨,情绪混沌,,,0,6,3,3,3,谨慎可打,,中：需看集合竞价承接,待验证/行情缺失,,,,,,,,,,,,False,,,,,,样本不足,,,,,,,,,,,,,,,,,,,,,,,,是,5.028785228729248,7.91,9.75,8.52,收盘封住涨停；大环境：情绪混沌，需确认回暖还是回落；指数环境：指数上涨；首次封板在10:30前，只作为前排证据之一；首板/低板位溢价弹性需依赖题材和封板质量；炸板次数4次，封板稳定性一般；换手处于可承接区间；题材/行业热度一般：数字媒体；板块内封板排序第1，属于日内前排；图形新高或强势池新高；今日涨停家数尚可；今日炸板率偏高，次日溢价打折,,收盘封住涨停；大环境：情绪混沌，需确认回暖还是回落；指数环境：指数上涨；首次封板在10:30前，只作为前排证据之一；首板/低板位溢价弹性需依赖题材和封板质量；炸板次数4次，封板稳定性一般；换手处于可承接区间；题材/行业热度一般：数字媒体；板块内封板排序第1，属于日内前排；图形新高或强势池新高；今日涨停家数尚可；今日炸板率偏高，次日溢价打折,前一交易日本行业涨停样本缺失；同股历史涨停溢价样本不足；龙虎榜未上榜或未匹配；仅可作为盘后缺失项；T+1行情缺失或未收盘：2026-09-09,AKShare/Eastmoney pools + local technical screener + local stock_personality_history/history detail + Eastmoney LHB
2026-09-08,2026-09-09,601952,苏垦农发,涨停,1,9.968847274780273,10.59,,600615728.0,4.2109375,09:51:35,14:16:08,1,,种植业,3,5,指数上涨,情绪混沌,,,0,8,1,1,1,可以打板,,低/可控,待验证/行情缺失,,,,,,,,,,,,False,,,,,,样本不足,,,,,,,,,,,,,,,,,,,,,,,,是,1.304245948791504,10.96,12.28,7.19,收盘封住涨停；大环境：情绪混沌，需确认回暖还是回落；指数环境：指数上涨；首次封板在10:30前，只作为前排证据之一；首板/低板位溢价弹性需依赖题材和封板质量；炸板次数1次，可接受但需看承接；换手处于可承接区间；所属行业在今日涨停/炸板热度前排：种植业；板块内封板排序第3，属于日内前排；图形新高或强势池新高；今日涨停家数尚可；今日炸板率偏高，次日溢价打折,,收盘封住涨停；大环境：情绪混沌，需确认回暖还是回落；指数环境：指数上涨；首次封板在10:30前，只作为前排证据之一；首板/低板位溢价弹性需依赖题材和封板质量；炸板次数1次，可接受但需看承接；换手处于可承接区间；所属行业在今日涨停/炸板热度前排：种植业；板块内封板排序第3，属于日内前排；图形新高或强势池新高；今日涨停家数尚可；今日炸板率偏高，次日溢价打折,前一交易日本行业涨停样本缺失；同股历史涨停溢价样本不足；龙虎榜未上榜或未匹配；仅可作为盘后缺失项；T+1行情缺失或未收盘：2026-09-09,AKShare/Eastmoney pools + local technical screener + local stock_personality_history/history detail + Eastmoney LHB
2026-09-08,2026-09-09,002312,川发龙蟒,涨停,1,10.011778831481934,9.34,,421160176.0,2.4525694847106934,09:51:45,09:51:45,0,,农化制品,2,9,指数上涨,情绪混沌,,,0,8,0,0,0,可以打板,,低/可控,待验证/行情缺失,,,,,,,,,,,,False,,,,,,样本不足,,,,,,,,,,,,,,,,,,,,,,,,,,7.8,8.59,6.62,收盘封住涨停；大环境：情绪混沌，需确认回暖还是回落；指数环境：指数上涨；首次封板在10:30前，只作为前排证据之一；首板/低板位溢价弹性需依赖题材和封板质量；未炸板；所属行业在今日涨停/炸板热度前排：农化制品；板块内封板排序第2，属于日内前排；今日涨停家数尚可；今日炸板率偏高，次日溢价打折,,收盘封住涨停；大环境：情绪混沌，需确认回暖还是回落；指数环境：指数上涨；首次封板在10:30前，只作为前排证据之一；首板/低板位溢价弹性需依赖题材和封板质量；未炸板；所属行业在今日涨停/炸板热度前排：农化制品；板块内封板排序第2，属于日内前排；今日涨停家数尚可；今日炸板率偏高，次日溢价打折,前一交易日本行业涨停样本缺失；同股历史涨停溢价样本不足；龙虎榜未上榜或未匹配；仅可作为盘后缺失项；T+1行情缺失或未收盘：2026-09-09,AKShare/Eastmoney pools + local technical screener + local stock_personality_history/history detail + Eastmoney LHB
2026-09-08,2026-09-09,002470,金正大,涨停,2,10.0,2.53,,814441792.0,10.115416526794434,09:52:03,09:52:03,0,,农化制品,3,9,指数上涨,情绪混沌,,,0,12,-1,-3,-3,可以打板,,低/可控,待验证/行情缺失,,,,,,,,,,,,True,205389205.56,47874703.74,,0.1934890936662482,0.13141746641128166,样本不足,2,1,0.5,2,1,0.5,0.032402548725637303,0.07801724137931043,0.5,1,0,0.0,0.0,0.032402548725637303,0.07801724137931043,,2,1.0,0.0,0.032402548725637303,0.032402548725637303,0.07801724137931043,0.017672413793103525,是,1.1970425844192505,13.35,15.84,9.05,收盘封住涨停；大环境：情绪混沌，需确认回暖还是回落；指数环境：指数上涨；首次封板在10:30前，只作为前排证据之一；2板承接优于普通首板；未炸板；换手处于可承接区间；所属行业在今日涨停/炸板热度前排：农化制品；板块内封板排序第3，属于日内前排；图形新高或强势池新高；今日涨停家数尚可；今日炸板率偏高，次日溢价打折,盘后龙虎榜净买入2.05亿，可改善次日风险；机构净买入0.48亿,收盘封住涨停；大环境：情绪混沌，需确认回暖还是回落；指数环境：指数上涨；首次封板在10:30前，只作为前排证据之一；2板承接优于普通首板；未炸板；换手处于可承接区间；所属行业在今日涨停/炸板热度前排：农化制品；板块内封板排序第3，属于日内前排；图形新高或强势池新高；今日涨停家数尚可；今日炸板率偏高，次日溢价打折,前一交易日本行业涨停样本缺失；同股历史涨停溢价样本不足；T+1行情缺失或未收盘：2026-09-09,AKShare/Eastmoney pools + local technical screener + local stock_personality_history/history detail + Eastmoney LHB
2026-09-08,2026-09-09,000833,粤桂股份,涨停,1,10.024096488952637,22.83,,900474656.0,8.897505760192871,09:53:42,09:53:42,0,,综合Ⅱ,2,4,指数上涨,情绪混沌,,,0,8,1,-1,-1,可以打板,,低/可控,待验证/行情缺失,,,,,,,,,,,,True,144783819.4,1178210.2199999988,,0.2646717632794425,0.12032807015285012,样本不足,,,,,,,,,,,,,,,,,,,,,,,,,,10.15,9.08,8.46,收盘封住涨停；大环境：情绪混沌，需确认回暖还是回落；指数环境：指数上涨；首次封板在10:30前，只作为前排证据之一；首板/低板位溢价弹性需依赖题材和封板质量；未炸板；换手处于可承接区间；题材/行业热度一般：综合Ⅱ；板块内封板排序第2，属于日内前排；今日涨停家数尚可；今日炸板率偏高，次日溢价打折,盘后龙虎榜净买入1.45亿，可改善次日风险；机构净买入0.01亿,收盘封住涨停；大环境：情绪混沌，需确认回暖还是回落；指数环境：指数上涨；首次封板在10:30前，只作为前排证据之一；首板/低板位溢价弹性需依赖题材和封板质量；未炸板；换手处于可承接区间；题材/行业热度一般：综合Ⅱ；板块内封板排序第2，属于日内前排；今日涨停家数尚可；今日炸板率偏高，次日溢价打折,前一交易日本行业涨停样本缺失；同股历史涨停溢价样本不足；T+1行情缺失或未收盘：2026-09-09,AKShare/Eastmoney pools + local technical screener + local stock_personality_history/history detail + Eastmoney LHB
2026-09-08,2026-09-09,002343,慈文传媒,涨停,1,9.946714401245117,6.19,,280410624.0,9.849508285522461,09:53:45,09:53:45,0,,影视院线,1,2,指数上涨,情绪混沌,,,0,9,1,1,1,可以打板,,低/可控,待验证/行情缺失,,,,,,,,,,,,False,,,,,,样本不足,,,,,,,,,,,,,,,,,,,,,,,,是,2.4821691513061523,9.75,12.79,10.34,收盘封住涨停；大环境：情绪混沌，需确认回暖还是回落；指数环境：指数上涨；首次封板在10:30前，只作为前排证据之一；首板/低板位溢价弹性需依赖题材和封板质量；未炸板；换手处于可承接区间；题材/行业热度一般：影视院线；板块内封板排序第1，属于日内前排；图形新高或强势池新高；今日涨停家数尚可；今日炸板率偏高，次日溢价打折,,收盘封住涨停；大环境：情绪混沌，需确认回暖还是回落；指数环境：指数上涨；首次封板在10:30前，只作为前排证据之一；首板/低板位溢价弹性需依赖题材和封板质量；未炸板；换手处于可承接区间；题材/行业热度一般：影视院线；板块内封板排序第1，属于日内前排；图形新高或强势池新高；今日涨停家数尚可；今日炸板率偏高，次日溢价打折,前一交易日本行业涨停样本缺失；同股历史涨停溢价样本不足；龙虎榜未上榜或未匹配；仅可作为盘后缺失项；T+1行情缺失或未收盘：2026-09-09,AKShare/Eastmoney pools + local technical screener + local stock_personality_history/history detail + Eastmoney LHB
2026-09-08,2026-09-09,002980,华盛昌,涨停,2,10.0,129.91,,2288500800.0,17.609006881713867,09:54:42,14:27:21,27,,电网设备,1,2,指数上涨,情绪混沌,,,0,9,3,5,5,可以打板,,高：次日无溢价风险高,待验证/行情缺失,,,,,,,,,,,,True,-37270733.89,-78381887.09,,0.19128476190332824,0.1901205219326982,股性偏强,6,5,0.8333333333333334,6,5,0.8333333333333334,0.026545885585521123,0.08351360134721235,0.8333333333333334,5,0,0.0,0.0,0.026545885585521123,0.08351360134721235,,6,0.6666666666666666,0.3333333333333333,0.026545885585521123,0.022084506805713944,0.08351360134721235,0.05552678229382777,否,1.5584369897842407,16.2,23.02,29.95,收盘封住涨停；大环境：情绪混沌，需确认回暖还是回落；指数环境：指数上涨；首次封板在10:30前，只作为前排证据之一；2板承接优于普通首板；炸板次数27次，封板分歧大；换手处于可承接区间；成交额较大，具备市场辨识度；题材/行业热度一般：电网设备；板块内封板排序第1，属于日内前排；接近年/三年高点，图形有辨识度；今日涨停家数尚可；今日炸板率偏高，次日溢价打折；三年股性偏强：涨停样本6，次日开盘有溢价率66.7%，均值2.7%；历史封板稳定性一般：涨停/炸板样本中未封住比例83.3%,盘后龙虎榜净卖出0.37亿，次日风险上升；机构净卖出0.78亿,收盘封住涨停；大环境：情绪混沌，需确认回暖还是回落；指数环境：指数上涨；首次封板在10:30前，只作为前排证据之一；2板承接优于普通首板；炸板次数27次，封板分歧大；换手处于可承接区间；成交额较大，具备市场辨识度；题材/行业热度一般：电网设备；板块内封板排序第1，属于日内前排；接近年/三年高点，图形有辨识度；今日涨停家数尚可；今日炸板率偏高，次日溢价打折；三年股性偏强：涨停样本6，次日开盘有溢价率66.7%，均值2.7%；历史封板稳定性一般：涨停/炸板样本中未封住比例83.3%,前一交易日本行业涨停样本缺失；T+1行情缺失或未收盘：2026-09-09,AKShare/Eastmoney pools + local technical screener + local stock_personality_history/history detail + Eastmoney LHB
2026-09-08,2026-09-09,600227,赤天化,涨停,1,9.977827072143555,4.96,,1381113360.0,22.434480667114258,10:03:48,10:03:48,0,,农化制品,4,9,指数上涨,情绪混沌,,,0,6,5,5,5,不能打板,,高：次日无溢价风险高,待验证/行情缺失,,,,,,,,,,,,False,,,,,,股性偏弱,5,5,1.0,5,5,1.0,-0.0005823675271128704,0.05450613041841166,1.0,5,0,0.0,0.0,-0.0005823675271128704,0.05450613041841166,,5,0.2,0.8,-0.0005823675271128704,0.0,0.05450613041841166,0.012400577604116858,,,7.41,7.29,-4.06,收盘封住涨停；大环境：情绪混沌，需确认回暖还是回落；指数环境：指数上涨；首次封板偏晚，需要板块发酵、股性或大环境确认；首板/低板位溢价弹性需依赖题材和封板质量；未炸板；所属行业在今日涨停/炸板热度前排：农化制品；板块内封板排序第4，不是日内前排；接近年/三年高点，图形有辨识度；今日涨停家数尚可；今日炸板率偏高，次日溢价打折；三年股性偏弱：涨停样本5，次日开盘有溢价率20.0%，均值-0.1%；历史封板稳定性一般：涨停/炸板样本中未封住比例100.0%,,收盘封住涨停；大环境：情绪混沌，需确认回暖还是回落；指数环境：指数上涨；首次封板偏晚，需要板块发酵、股性或大环境确认；首板/低板位溢价弹性需依赖题材和封板质量；未炸板；所属行业在今日涨停/炸板热度前排：农化制品；板块内封板排序第4，不是日内前排；接近年/三年高点，图形有辨识度；今日涨停家数尚可；今日炸板率偏高，次日溢价打折；三年股性偏弱：涨停样本5，次日开盘有溢价率20.0%，均值-0.1%；历史封板稳定性一般：涨停/炸板样本中未封住比例100.0%,前一交易日本行业涨停样本缺失；龙虎榜未上榜或未匹配；仅可作为盘后缺失项；T+1行情缺失或未收盘：2026-09-09,AKShare/Eastmoney pools + local technical screener + local stock_personality_history/history detail + Eastmoney LHB
2026-09-08,2026-09-09,002068,黑猫股份,涨停,1,10.036275863647461,9.1,,478781728.0,7.342739105224609,10:08:21,10:08:21,0,,橡胶,1,1,指数上涨,情绪混沌,,,0,7,2,2,2,谨慎可打,,中：需看集合竞价承接,待验证/行情缺失,,,,,,,,,,,,False,,,,,,样本不足,,,,,,,,,,,,,,,,,,,,,,,,,,9.24,11.26,13.04,收盘封住涨停；大环境：情绪混沌，需确认回暖还是回落；指数环境：指数上涨；首次封板偏晚，需要板块发酵、股性或大环境确认；首板/低板位溢价弹性需依赖题材和封板质量；未炸板；换手处于可承接区间；题材/行业热度一般：橡胶；板块内封板排序第1，属于日内前排；今日涨停家数尚可；今日炸板率偏高，次日溢价打折,,收盘封住涨停；大环境：情绪混沌，需确认回暖还是回落；指数环境：指数上涨；首次封板偏晚，需要板块发酵、股性或大环境确认；首板/低板位溢价弹性需依赖题材和封板质量；未炸板；换手处于可承接区间；题材/行业热度一般：橡胶；板块内封板排序第1，属于日内前排；今日涨停家数尚可；今日炸板率偏高，次日溢价打折,前一交易日本行业涨停样本缺失；同股历史涨停溢价样本不足；龙虎榜未上榜或未匹配；仅可作为盘后缺失项；T+1行情缺失或未收盘：2026-09-09,AKShare/Eastmoney pools + local technical screener + local stock_personality_history/history detail + Eastmoney LHB
2026-09-08,2026-09-09,000020,深华发Ａ,涨停,1,10.0401611328125,13.7,,145809894.0,6.046727180480957,10:09:00,10:09:00,0,,光学光电,2,2,指数上涨,情绪混沌,,,0,7,2,2,2,谨慎可打,,中：需看集合竞价承接,待验证/行情缺失,,,,,,,,,,,,False,,,,,,样本不足,,,,,,,,,,,,,,,,,,,,,,,,,,7.93,6.92,4.98,收盘封住涨停；大环境：情绪混沌，需确认回暖还是回落；指数环境：指数上涨；首次封板偏晚，需要板块发酵、股性或大环境确认；首板/低板位溢价弹性需依赖题材和封板质量；未炸板；换手处于可承接区间；题材/行业热度一般：光学光电；板块内封板排序第2，属于日内前排；今日涨停家数尚可；今日炸板率偏高，次日溢价打折,,收盘封住涨停；大环境：情绪混沌，需确认回暖还是回落；指数环境：指数上涨；首次封板偏晚，需要板块发酵、股性或大环境确认；首板/低板位溢价弹性需依赖题材和封板质量；未炸板；换手处于可承接区间；题材/行业热度一般：光学光电；板块内封板排序第2，属于日内前排；今日涨停家数尚可；今日炸板率偏高，次日溢价打折,前一交易日本行业涨停样本缺失；同股历史涨停溢价样本不足；龙虎榜未上榜或未匹配；仅可作为盘后缺失项；T+1行情缺失或未收盘：2026-09-09,AKShare/Eastmoney pools + local technical screener + local stock_personality_history/history detail + Eastmoney LHB
2026-09-08,2026-09-09,600792,云煤能源,涨停,1,10.098522186279297,4.47,,215516085.0,4.505007743835449,10:14:33,10:14:33,0,,焦炭Ⅱ,1,1,指数上涨,情绪混沌,,,0,7,5,5,5,不能打板,,高：次日无溢价风险高,待验证/行情缺失,,,,,,,,,,,,True,5981661.9,-9198574.0,,0.212873660914915,0.18511860077636433,A杀血统高,2,1,0.5,2,1,0.5,0.04744817426075987,0.06489003472587607,0.5,1,1,1.0,1.0,0.04744817426075987,0.06489003472587607,谨慎可打,2,0.5,0.5,0.04744817426075987,0.04744817426075987,0.06489003472587607,-0.04264442807534463,,,7.14,9.02,1.13,收盘封住涨停；大环境：情绪混沌，需确认回暖还是回落；指数环境：指数上涨；首次封板偏晚，需要板块发酵、股性或大环境确认；首板/低板位溢价弹性需依赖题材和封板质量；未炸板；换手处于可承接区间；题材/行业热度一般：焦炭Ⅱ；板块内封板排序第1，属于日内前排；今日涨停家数尚可；今日炸板率偏高，次日溢价打折；A杀血统指数偏高：历史炸板样本1，炸板后A杀率100.0%；A杀血统样本较少，强制退出严格可以打板名单,盘后龙虎榜净买入0.06亿，可改善次日风险；机构净卖出0.09亿,收盘封住涨停；大环境：情绪混沌，需确认回暖还是回落；指数环境：指数上涨；首次封板偏晚，需要板块发酵、股性或大环境确认；首板/低板位溢价弹性需依赖题材和封板质量；未炸板；换手处于可承接区间；题材/行业热度一般：焦炭Ⅱ；板块内封板排序第1，属于日内前排；今日涨停家数尚可；今日炸板率偏高，次日溢价打折；A杀血统指数偏高：历史炸板样本1，炸板后A杀率100.0%；A杀血统样本较少，强制退出严格可以打板名单,前一交易日本行业涨停样本缺失；同股历史涨停溢价样本不足；T+1行情缺失或未收盘：2026-09-09,AKShare/Eastmoney pools + local technical screener + local stock_personality_history/history detail + Eastmoney LHB
2026-09-08,2026-09-09,600162,香江控股,涨停,1,10.0,5.5,,974427216.0,5.5938239097595215,10:15:28,10:15:28,0,,房地产开,2,3,指数上涨,情绪混沌,,,0,8,3,3,3,可以打板,,中：需看集合竞价承接,待验证/行情缺失,,,,,,,,,,,,False,,,,,,股性中性,9,6,0.6666666666666666,9,6,0.6666666666666666,0.02848578323290338,0.0736093486474057,0.6666666666666666,6,1,0.16666666666666666,0.16666666666666666,0.02848578323290338,0.0736093486474057,,9,0.5555555555555556,0.4444444444444444,0.02848578323290338,0.0062893081761006275,0.0736093486474057,0.02029581803606441,,,11.11,11.56,11.79,收盘封住涨停；大环境：情绪混沌，需确认回暖还是回落；指数环境：指数上涨；首次封板偏晚，需要板块发酵、股性或大环境确认；首板/低板位溢价弹性需依赖题材和封板质量；未炸板；换手处于可承接区间；题材/行业热度一般：房地产开；板块内封板排序第2，属于日内前排；接近年/三年高点，图形有辨识度；今日涨停家数尚可；今日炸板率偏高，次日溢价打折；三年股性中性：涨停样本9，次日开盘有溢价率55.6%；历史封板稳定性一般：涨停/炸板样本中未封住比例66.7%,,收盘封住涨停；大环境：情绪混沌，需确认回暖还是回落；指数环境：指数上涨；首次封板偏晚，需要板块发酵、股性或大环境确认；首板/低板位溢价弹性需依赖题材和封板质量；未炸板；换手处于可承接区间；题材/行业热度一般：房地产开；板块内封板排序第2，属于日内前排；接近年/三年高点，图形有辨识度；今日涨停家数尚可；今日炸板率偏高，次日溢价打折；三年股性中性：涨停样本9，次日开盘有溢价率55.6%；历史封板稳定性一般：涨停/炸板样本中未封住比例66.7%,前一交易日本行业涨停样本缺失；龙虎榜未上榜或未匹配；仅可作为盘后缺失项；T+1行情缺失或未收盘：2026-09-09,AKShare/Eastmoney pools + local technical screener + local stock_personality_history/history detail + Eastmoney LHB
2026-09-08,2026-09-09,601595,上海电影,涨停,2,9.985458374023438,22.69,,1010296640.0,10.38203239440918,10:16:22,11:24:13,1,,影视院线,2,2,指数上涨,情绪混沌,,,0,8,2,0,0,可以打板,,低/可控,待验证/行情缺失,,,,,,,,,,,,True,104378123.57,192623683.02,,0.2408345119435532,0.16721828294692992,样本不足,2,0,0.0,2,0,0.0,0.029700416159920473,0.0927532587117369,0.0,0,0,,,0.029700416159920473,0.0927532587117369,,2,1.0,0.0,0.029700416159920473,0.029700416159920473,0.0927532587117369,0.06547557185958197,是,1.8617079257965088,15.53,22.23,20.05,收盘封住涨停；大环境：情绪混沌，需确认回暖还是回落；指数环境：指数上涨；首次封板偏晚，需要板块发酵、股性或大环境确认；2板承接优于普通首板；炸板次数1次，可接受但需看承接；换手处于可承接区间；题材/行业热度一般：影视院线；板块内封板排序第2，属于日内前排；图形新高或强势池新高；今日涨停家数尚可；今日炸板率偏高，次日溢价打折,盘后龙虎榜净买入1.04亿，可改善次日风险；机构净买入1.93亿,收盘封住涨停；大环境：情绪混沌，需确认回暖还是回落；指数环境：指数上涨；首次封板偏晚，需要板块发酵、股性或大环境确认；2板承接优于普通首板；炸板次数1次，可接受但需看承接；换手处于可承接区间；题材/行业热度一般：影视院线；板块内封板排序第2，属于日内前排；图形新高或强势池新高；今日涨停家数尚可；今日炸板率偏高，次日溢价打折,前一交易日本行业涨停样本缺失；同股历史涨停溢价样本不足；T+1行情缺失或未收盘：2026-09-09,AKShare/Eastmoney pools + local technical screener + local stock_personality_history/history detail + Eastmoney LHB
2026-09-08,2026-09-09,603353,和顺石油,涨停,1,9.997102737426758,37.96,,501227472.0,7.958714485168457,10:19:40,14:35:58,2,,炼化及贸,1,2,指数上涨,情绪混沌,,,0,5,3,3,3,谨慎可打,,中：需看集合竞价承接,待验证/行情缺失,,,,,,,,,,,,False,,,,,,样本不足,,,,,,,,,,,,,,,,,,,,,,,,,,6.22,11.31,15.84,收盘封住涨停；大环境：情绪混沌，需确认回暖还是回落；指数环境：指数上涨；首次封板偏晚，需要板块发酵、股性或大环境确认；首板/低板位溢价弹性需依赖题材和封板质量；炸板次数2次，可接受但需看承接；换手处于可承接区间；题材/行业热度一般：炼化及贸；板块内封板排序第1，属于日内前排；今日涨停家数尚可；今日炸板率偏高，次日溢价打折,,收盘封住涨停；大环境：情绪混沌，需确认回暖还是回落；指数环境：指数上涨；首次封板偏晚，需要板块发酵、股性或大环境确认；首板/低板位溢价弹性需依赖题材和封板质量；炸板次数2次，可接受但需看承接；换手处于可承接区间；题材/行业热度一般：炼化及贸；板块内封板排序第1，属于日内前排；今日涨停家数尚可；今日炸板率偏高，次日溢价打折,前一交易日本行业涨停样本缺失；同股历史涨停溢价样本不足；龙虎榜未上榜或未匹配；仅可作为盘后缺失项；T+1行情缺失或未收盘：2026-09-09,AKShare/Eastmoney pools + local technical screener + local stock_personality_history/history detail + Eastmoney LHB
2026-09-08,2026-09-09,000620,盈新发展,涨停,1,9.933774948120117,3.32,,1826275840.0,12.082687377929688,10:23:57,14:46:09,7,,房地产开,3,3,指数上涨,情绪混沌,,,0,3,5,4,4,不能打板,,高：次日无溢价风险高,待验证/行情缺失,,,,,,,,,,,,True,423718411.12,-12986491.780000001,成都北一环:国泰海通证券股份有限公司成都北一环路证券营业部；武汉紫阳东路:国泰海通证券股份有限公司武汉紫阳东路证券营业部,0.2785272745780536,0.07343662479438307,样本不足,1,1,1.0,1,1,1.0,-0.04610951008645536,0.04899135446685876,1.0,1,0,0.0,0.0,-0.04610951008645536,0.04899135446685876,,1,0.0,1.0,-0.04610951008645536,-0.04610951008645536,0.04899135446685876,0.0,,,7.51,3.49,3.43,收盘封住涨停；大环境：情绪混沌，需确认回暖还是回落；指数环境：指数上涨；首次封板偏晚，需要板块发酵、股性或大环境确认；首板/低板位溢价弹性需依赖题材和封板质量；炸板次数7次，封板分歧大；换手处于可承接区间；题材/行业热度一般：房地产开；板块内封板排序第3，属于日内前排；今日涨停家数尚可；今日炸板率偏高，次日溢价打折,盘后龙虎榜净买入4.24亿，可改善次日风险；机构净卖出0.13亿；关注席位上榜：成都北一环:国泰海通证券股份有限公司成都北一环路证券营业部；武汉紫阳东路:国泰海通证券股份有限公司武汉紫阳东路证券营业部,收盘封住涨停；大环境：情绪混沌，需确认回暖还是回落；指数环境：指数上涨；首次封板偏晚，需要板块发酵、股性或大环境确认；首板/低板位溢价弹性需依赖题材和封板质量；炸板次数7次，封板分歧大；换手处于可承接区间；题材/行业热度一般：房地产开；板块内封板排序第3，属于日内前排；今日涨停家数尚可；今日炸板率偏高，次日溢价打折,前一交易日本行业涨停样本缺失；同股历史涨停溢价样本不足；T+1行情缺失或未收盘：2026-09-09,AKShare/Eastmoney pools + local technical screener + local stock_personality_history/history detail + Eastmoney LHB
2026-09-08,2026-09-09,600881,亚泰集团,涨停,1,10.106383323669434,2.07,,516272608.0,7.933338642120361,10:25:02,11:09:17,1,,综合Ⅱ,3,4,指数上涨,情绪混沌,,,0,6,2,1,1,谨慎可打,,低/可控,待验证/行情缺失,,,,,,,,,,,,True,72386004.76,0.0,,0.275866018766055,0.1356571353970751,股性偏强,3,0,0.0,3,0,0.0,0.08463561947285525,0.13419171728709137,0.0,0,0,,,0.08463561947285525,0.13419171728709137,,3,1.0,0.0,0.08463561947285525,0.043689320388349495,0.13419171728709137,0.08726615094404926,,,8.04,6.32,5.61,收盘封住涨停；大环境：情绪混沌，需确认回暖还是回落；指数环境：指数上涨；首次封板偏晚，需要板块发酵、股性或大环境确认；首板/低板位溢价弹性需依赖题材和封板质量；炸板次数1次，可接受但需看承接；换手处于可承接区间；题材/行业热度一般：综合Ⅱ；板块内封板排序第3，属于日内前排；今日涨停家数尚可；今日炸板率偏高，次日溢价打折；三年股性偏强：涨停样本3，次日开盘有溢价率100.0%，均值8.5%,盘后龙虎榜净买入0.72亿，可改善次日风险,收盘封住涨停；大环境：情绪混沌，需确认回暖还是回落；指数环境：指数上涨；首次封板偏晚，需要板块发酵、股性或大环境确认；首板/低板位溢价弹性需依赖题材和封板质量；炸板次数1次，可接受但需看承接；换手处于可承接区间；题材/行业热度一般：综合Ⅱ；板块内封板排序第3，属于日内前排；今日涨停家数尚可；今日炸板率偏高，次日溢价打折；三年股性偏强：涨停样本3，次日开盘有溢价率100.0%，均值8.5%,前一交易日本行业涨停样本缺失；T+1行情缺失或未收盘：2026-09-09,AKShare/Eastmoney pools + local technical screener + local stock_personality_history/history detail + Eastmoney LHB
2026-09-08,2026-09-09,605177,东亚药业,涨停,1,10.024937629699707,22.06,,230171275.0,9.692461013793945,10:26:13,15:00:00,1,,化学制药,1,3,指数上涨,情绪混沌,,,0,5,6,4,4,不能打板,,高：次日无溢价风险高,待验证/行情缺失,,,,,,,,,,,,True,35072439.0,26698995.0,,0.3311044612321846,0.17872906599661492,A杀血统高,1,1,1.0,1,1,1.0,-0.00955848884842958,0.038233955393718766,1.0,1,1,1.0,1.0,-0.00955848884842958,0.038233955393718766,谨慎可打,1,0.0,1.0,-0.00955848884842958,-0.00955848884842958,0.038233955393718766,-0.08739189804278558,,,-0.04,1.93,-3.25,收盘封住涨停；大环境：情绪混沌，需确认回暖还是回落；指数环境：指数上涨；首次封板偏晚，需要板块发酵、股性或大环境确认；首板/低板位溢价弹性需依赖题材和封板质量；炸板次数1次，可接受但需看承接；换手处于可承接区间；题材/行业热度一般：化学制药；板块内封板排序第1，属于日内前排；今日涨停家数尚可；今日炸板率偏高，次日溢价打折；A杀血统指数偏高：历史炸板样本1，炸板后A杀率100.0%；A杀血统样本较少，强制退出严格可以打板名单,盘后龙虎榜净买入0.35亿，可改善次日风险；机构净买入0.27亿,收盘封住涨停；大环境：情绪混沌，需确认回暖还是回落；指数环境：指数上涨；首次封板偏晚，需要板块发酵、股性或大环境确认；首板/低板位溢价弹性需依赖题材和封板质量；炸板次数1次，可接受但需看承接；换手处于可承接区间；题材/行业热度一般：化学制药；板块内封板排序第1，属于日内前排；今日涨停家数尚可；今日炸板率偏高，次日溢价打折；A杀血统指数偏高：历史炸板样本1，炸板后A杀率100.0%；A杀血统样本较少，强制退出严格可以打板名单,前一交易日本行业涨停样本缺失；同股历史涨停溢价样本不足；T+1行情缺失或未收盘：2026-09-09,AKShare/Eastmoney pools + local technical screener + local stock_personality_history/history detail + Eastmoney LHB
2026-09-08,2026-09-09,002909,集泰股份,涨停,2,9.96216869354248,8.72,,1142562560.0,35.7491455078125,10:28:18,14:48:00,9,,化学制品,2,4,指数上涨,情绪混沌,,,0,6,7,7,7,不能打板,,高：次日无溢价风险高,待验证/行情缺失,,,,,,,,,,,,True,-2173947.83000001,142078280.54000002,,0.14607475565652966,0.1110294902750165,A杀血统高,5,2,0.4,5,2,0.4,0.059086541281335725,0.09383493671631098,0.4,2,1,0.5,0.5,0.059086541281335725,0.09383493671631098,谨慎可打,5,0.8,0.2,0.059086541281335725,0.06866416978776546,0.09383493671631098,0.05987738365763429,是,1.787276268005371,11.37,28.35,31.72,收盘封住涨停；大环境：情绪混沌，需确认回暖还是回落；指数环境：指数上涨；首次封板偏晚，需要板块发酵、股性或大环境确认；2板承接优于普通首板；炸板次数9次，封板分歧大；换手过高，次日抛压风险上升；题材/行业热度一般：化学制品；板块内封板排序第2，属于日内前排；图形新高或强势池新高；今日涨停家数尚可；今日炸板率偏高，次日溢价打折；三年股性偏强：涨停样本5，次日开盘有溢价率80.0%，均值5.9%；A杀血统指数偏高：历史炸板样本2，炸板后A杀率50.0%；A杀血统样本较少，强制退出严格可以打板名单,盘后龙虎榜净卖出0.02亿，次日风险上升；机构净买入1.42亿,收盘封住涨停；大环境：情绪混沌，需确认回暖还是回落；指数环境：指数上涨；首次封板偏晚，需要板块发酵、股性或大环境确认；2板承接优于普通首板；炸板次数9次，封板分歧大；换手过高，次日抛压风险上升；题材/行业热度一般：化学制品；板块内封板排序第2，属于日内前排；图形新高或强势池新高；今日涨停家数尚可；今日炸板率偏高，次日溢价打折；三年股性偏强：涨停样本5，次日开盘有溢价率80.0%，均值5.9%；A杀血统指数偏高：历史炸板样本2，炸板后A杀率50.0%；A杀血统样本较少，强制退出严格可以打板名单,前一交易日本行业涨停样本缺失；T+1行情缺失或未收盘：2026-09-09,AKShare/Eastmoney pools + local technical screener + local stock_personality_history/history detail + Eastmoney LHB
2026-09-08,2026-09-09,000890,法尔胜,涨停,1,9.963985443115234,9.16,,502817888.0,13.526287078857422,10:41:18,10:48:15,1,,环保设备,1,1,指数上涨,情绪混沌,,,0,5,3,3,3,谨慎可打,,中：需看集合竞价承接,待验证/行情缺失,,,,,,,,,,,,False,,,,,,样本不足,2,0,0.0,2,0,0.0,0.07967669743835681,0.09910025633559982,0.0,0,0,,,0.07967669743835681,0.09910025633559982,,2,1.0,0.0,0.07967669743835681,0.07967669743835681,0.09910025633559982,0.03987474380712591,,,4.38,4.77,0.0,收盘封住涨停；大环境：情绪混沌，需确认回暖还是回落；指数环境：指数上涨；首次封板偏晚，需要板块发酵、股性或大环境确认；首板/低板位溢价弹性需依赖题材和封板质量；炸板次数1次，可接受但需看承接；换手处于可承接区间；题材/行业热度一般：环保设备；板块内封板排序第1，属于日内前排；今日涨停家数尚可；今日炸板率偏高，次日溢价打折,,收盘封住涨停；大环境：情绪混沌，需确认回暖还是回落；指数环境：指数上涨；首次封板偏晚，需要板块发酵、股性或大环境确认；首板/低板位溢价弹性需依赖题材和封板质量；炸板次数1次，可接受但需看承接；换手处于可承接区间；题材/行业热度一般：环保设备；板块内封板排序第1，属于日内前排；今日涨停家数尚可；今日炸板率偏高，次日溢价打折,前一交易日本行业涨停样本缺失；同股历史涨停溢价样本不足；龙虎榜未上榜或未匹配；仅可作为盘后缺失项；T+1行情缺失或未收盘：2026-09-09,AKShare/Eastmoney pools + local technical screener + local stock_personality_history/history detail + Eastmoney LHB
2026-09-08,2026-09-09,002365,永安药业,涨停,1,9.986320495605469,16.08,,726125568.0,18.954944610595703,10:42:00,10:42:00,0,,化学制药,2,3,指数上涨,情绪混沌,,,0,7,2,2,2,谨慎可打,,中：需看集合竞价承接,待验证/行情缺失,,,,,,,,,,,,False,,,,,,样本不足,1,0,0.0,1,0,0.0,0.02892885066458173,0.07036747458952308,0.0,0,0,,,0.02892885066458173,0.07036747458952308,,1,1.0,0.0,0.02892885066458173,0.02892885066458173,0.07036747458952308,0.020328381548084584,,,7.24,6.25,1.77,收盘封住涨停；大环境：情绪混沌，需确认回暖还是回落；指数环境：指数上涨；首次封板偏晚，需要板块发酵、股性或大环境确认；首板/低板位溢价弹性需依赖题材和封板质量；未炸板；题材/行业热度一般：化学制药；板块内封板排序第2，属于日内前排；接近年/三年高点，图形有辨识度；今日涨停家数尚可；今日炸板率偏高，次日溢价打折,,收盘封住涨停；大环境：情绪混沌，需确认回暖还是回落；指数环境：指数上涨；首次封板偏晚，需要板块发酵、股性或大环境确认；首板/低板位溢价弹性需依赖题材和封板质量；未炸板；题材/行业热度一般：化学制药；板块内封板排序第2，属于日内前排；接近年/三年高点，图形有辨识度；今日涨停家数尚可；今日炸板率偏高，次日溢价打折,前一交易日本行业涨停样本缺失；同股历史涨停溢价样本不足；龙虎榜未上榜或未匹配；仅可作为盘后缺失项；T+1行情缺失或未收盘：2026-09-09,AKShare/Eastmoney pools + local technical screener + local stock_personality_history/history detail + Eastmoney LHB
2026-09-08,2026-09-09,002274,华昌化工,涨停,1,10.032894134521484,6.69,,498583872.0,8.299517631530762,10:51:45,10:51:45,0,,化学原料,2,3,指数上涨,情绪混沌,,,0,7,5,5,5,不能打板,,高：次日无溢价风险高,待验证/行情缺失,,,,,,,,,,,,False,,,,,,A杀血统高,1,1,1.0,1,1,1.0,0.0,0.0,1.0,1,1,1.0,1.0,0.0,0.0,谨慎可打,1,0.0,1.0,0.0,0.0,0.0,-0.0969101123595506,,,3.11,6.8,3.4,收盘封住涨停；大环境：情绪混沌，需确认回暖还是回落；指数环境：指数上涨；首次封板偏晚，需要板块发酵、股性或大环境确认；首板/低板位溢价弹性需依赖题材和封板质量；未炸板；换手处于可承接区间；题材/行业热度一般：化学原料；板块内封板排序第2，属于日内前排；今日涨停家数尚可；今日炸板率偏高，次日溢价打折；A杀血统指数偏高：历史炸板样本1，炸板后A杀率100.0%；A杀血统样本较少，强制退出严格可以打板名单,,收盘封住涨停；大环境：情绪混沌，需确认回暖还是回落；指数环境：指数上涨；首次封板偏晚，需要板块发酵、股性或大环境确认；首板/低板位溢价弹性需依赖题材和封板质量；未炸板；换手处于可承接区间；题材/行业热度一般：化学原料；板块内封板排序第2，属于日内前排；今日涨停家数尚可；今日炸板率偏高，次日溢价打折；A杀血统指数偏高：历史炸板样本1，炸板后A杀率100.0%；A杀血统样本较少，强制退出严格可以打板名单,前一交易日本行业涨停样本缺失；同股历史涨停溢价样本不足；龙虎榜未上榜或未匹配；仅可作为盘后缺失项；T+1行情缺失或未收盘：2026-09-09,AKShare/Eastmoney pools + local technical screener + local stock_personality_history/history detail + Eastmoney LHB
2026-09-08,2026-09-09,603077,和邦生物,涨停,1,10.0,2.53,,1458194912.0,6.717170238494873,10:52:01,10:54:55,1,,农化制品,5,9,指数上涨,情绪混沌,,,0,4,4,4,4,不能打板,,高：次日无溢价风险高,待验证/行情缺失,,,,,,,,,,,,False,,,,,,样本不足,,,,,,,,,,,,,,,,,,,,,,,,,,7.39,6.3,4.12,收盘封住涨停；大环境：情绪混沌，需确认回暖还是回落；指数环境：指数上涨；首次封板偏晚，需要板块发酵、股性或大环境确认；首板/低板位溢价弹性需依赖题材和封板质量；炸板次数1次，可接受但需看承接；换手处于可承接区间；所属行业在今日涨停/炸板热度前排：农化制品；板块内封板排序第5，不是日内前排；今日涨停家数尚可；今日炸板率偏高，次日溢价打折,,收盘封住涨停；大环境：情绪混沌，需确认回暖还是回落；指数环境：指数上涨；首次封板偏晚，需要板块发酵、股性或大环境确认；首板/低板位溢价弹性需依赖题材和封板质量；炸板次数1次，可接受但需看承接；换手处于可承接区间；所属行业在今日涨停/炸板热度前排：农化制品；板块内封板排序第5，不是日内前排；今日涨停家数尚可；今日炸板率偏高，次日溢价打折,前一交易日本行业涨停样本缺失；同股历史涨停溢价样本不足；龙虎榜未上榜或未匹配；仅可作为盘后缺失项；T+1行情缺失或未收盘：2026-09-09,AKShare/Eastmoney pools + local technical screener + local stock_personality_history/history detail + Eastmoney LHB
2026-09-08,2026-09-09,002790,瑞尔特,涨停,1,10.078740119934082,6.99,,82816843.0,4.650396823883057,10:57:30,10:57:36,1,,家居用品,1,1,指数上涨,情绪混沌,,,0,5,4,4,4,谨慎可打（次日风险高）,,高：次日无溢价风险高,待验证/行情缺失,,,,,,,,,,,,False,,,,,,样本不足,,,,,,,,,,,,,,,,,,,,,,,,是,1.5979403257369995,6.39,9.49,8.88,收盘封住涨停；大环境：情绪混沌，需确认回暖还是回落；指数环境：指数上涨；首次封板偏晚，需要板块发酵、股性或大环境确认；首板/低板位溢价弹性需依赖题材和封板质量；炸板次数1次，可接受但需看承接；换手处于可承接区间；成交额过低，容量和滑点风险高；题材/行业热度一般：家居用品；板块内封板排序第1，属于日内前排；图形新高或强势池新高；今日涨停家数尚可；今日炸板率偏高，次日溢价打折,,收盘封住涨停；大环境：情绪混沌，需确认回暖还是回落；指数环境：指数上涨；首次封板偏晚，需要板块发酵、股性或大环境确认；首板/低板位溢价弹性需依赖题材和封板质量；炸板次数1次，可接受但需看承接；换手处于可承接区间；成交额过低，容量和滑点风险高；题材/行业热度一般：家居用品；板块内封板排序第1，属于日内前排；图形新高或强势池新高；今日涨停家数尚可；今日炸板率偏高，次日溢价打折,前一交易日本行业涨停样本缺失；同股历史涨停溢价样本不足；龙虎榜未上榜或未匹配；仅可作为盘后缺失项；T+1行情缺失或未收盘：2026-09-09,AKShare/Eastmoney pools + local technical screener + local stock_personality_history/history detail + Eastmoney LHB
2026-09-08,2026-09-09,600691,潞化科技,涨停,1,10.163934707641602,3.36,,561832560.0,7.334017753601074,10:59:37,10:59:37,0,,农化制品,6,9,指数上涨,情绪混沌,,,0,6,3,2,2,谨慎可打,,中：需看集合竞价承接,待验证/行情缺失,,,,,,,,,,,,True,51125957.81,0.0,,0.16686070034608852,0.07586213439610405,样本不足,2,2,1.0,2,2,1.0,0.017617573345127535,0.09885533160632676,1.0,2,0,0.0,0.0,0.017617573345127535,0.09885533160632676,,2,0.5,0.5,0.017617573345127535,0.017617573345127535,0.09885533160632676,0.0694435669004444,,,7.9,10.38,0.0,收盘封住涨停；大环境：情绪混沌，需确认回暖还是回落；指数环境：指数上涨；首次封板偏晚，需要板块发酵、股性或大环境确认；首板/低板位溢价弹性需依赖题材和封板质量；未炸板；换手处于可承接区间；所属行业在今日涨停/炸板热度前排：农化制品；板块内封板排序第6，不是日内前排；今日涨停家数尚可；今日炸板率偏高，次日溢价打折,盘后龙虎榜净买入0.51亿，可改善次日风险,收盘封住涨停；大环境：情绪混沌，需确认回暖还是回落；指数环境：指数上涨；首次封板偏晚，需要板块发酵、股性或大环境确认；首板/低板位溢价弹性需依赖题材和封板质量；未炸板；换手处于可承接区间；所属行业在今日涨停/炸板热度前排：农化制品；板块内封板排序第6，不是日内前排；今日涨停家数尚可；今日炸板率偏高，次日溢价打折,前一交易日本行业涨停样本缺失；同股历史涨停溢价样本不足；T+1行情缺失或未收盘：2026-09-09,AKShare/Eastmoney pools + local technical screener + local stock_personality_history/history detail + Eastmoney LHB
2026-09-08,2026-09-09,000928,中钢国际,涨停,1,9.963099479675293,5.96,,528322480.0,6.272898197174072,11:02:42,14:43:51,10,,专业工程,1,2,指数上涨,情绪混沌,,,0,4,5,5,5,不能打板,,高：次日无溢价风险高,待验证/行情缺失,,,,,,,,,,,,False,,,,,,样本不足,,,,,,,,,,,,,,,,,,,,,,,,是,5.730167388916016,7.46,9.6,8.17,收盘封住涨停；大环境：情绪混沌，需确认回暖还是回落；指数环境：指数上涨；首次封板偏晚，需要板块发酵、股性或大环境确认；首板/低板位溢价弹性需依赖题材和封板质量；炸板次数10次，封板分歧大；换手处于可承接区间；题材/行业热度一般：专业工程；板块内封板排序第1，属于日内前排；图形新高或强势池新高；今日涨停家数尚可；今日炸板率偏高，次日溢价打折,,收盘封住涨停；大环境：情绪混沌，需确认回暖还是回落；指数环境：指数上涨；首次封板偏晚，需要板块发酵、股性或大环境确认；首板/低板位溢价弹性需依赖题材和封板质量；炸板次数10次，封板分歧大；换手处于可承接区间；题材/行业热度一般：专业工程；板块内封板排序第1，属于日内前排；图形新高或强势池新高；今日涨停家数尚可；今日炸板率偏高，次日溢价打折,前一交易日本行业涨停样本缺失；同股历史涨停溢价样本不足；龙虎榜未上榜或未匹配；仅可作为盘后缺失项；T+1行情缺失或未收盘：2026-09-09,AKShare/Eastmoney pools + local technical screener + local stock_personality_history/history detail + Eastmoney LHB
2026-09-08,2026-09-09,605077,华康股份,涨停,1,10.008779525756836,12.53,,245906659.0,6.774547100067139,11:04:48,11:04:48,0,,化学制品,3,4,指数上涨,情绪混沌,,,0,8,2,2,2,可以打板,,中：需看集合竞价承接,待验证/行情缺失,,,,,,,,,,,,False,,,,,,样本不足,,,,,,,,,,,,,,,,,,,,,,,,是,5.256886005401611,9.13,10.95,11.58,收盘封住涨停；大环境：情绪混沌，需确认回暖还是回落；指数环境：指数上涨；首次封板偏晚，需要板块发酵、股性或大环境确认；首板/低板位溢价弹性需依赖题材和封板质量；未炸板；换手处于可承接区间；题材/行业热度一般：化学制品；板块内封板排序第3，属于日内前排；图形新高或强势池新高；今日涨停家数尚可；今日炸板率偏高，次日溢价打折,,收盘封住涨停；大环境：情绪混沌，需确认回暖还是回落；指数环境：指数上涨；首次封板偏晚，需要板块发酵、股性或大环境确认；首板/低板位溢价弹性需依赖题材和封板质量；未炸板；换手处于可承接区间；题材/行业热度一般：化学制品；板块内封板排序第3，属于日内前排；图形新高或强势池新高；今日涨停家数尚可；今日炸板率偏高，次日溢价打折,前一交易日本行业涨停样本缺失；同股历史涨停溢价样本不足；龙虎榜未上榜或未匹配；仅可作为盘后缺失项；T+1行情缺失或未收盘：2026-09-09,AKShare/Eastmoney pools + local technical screener + local stock_personality_history/history detail + Eastmoney LHB
2026-09-08,2026-09-09,600596,新安股份,涨停,1,10.018214225769043,12.08,,1561505920.0,9.827744483947754,11:05:34,14:37:07,3,,农化制品,7,9,指数上涨,情绪混沌,,,0,3,5,5,5,不能打板,,高：次日无溢价风险高,待验证/行情缺失,,,,,,,,,,,,False,,,,,,样本不足,,,,,,,,,,,,,,,,,,,,,,,,,,7.51,8.94,8.44,收盘封住涨停；大环境：情绪混沌，需确认回暖还是回落；指数环境：指数上涨；首次封板偏晚，需要板块发酵、股性或大环境确认；首板/低板位溢价弹性需依赖题材和封板质量；炸板次数3次，封板稳定性一般；换手处于可承接区间；所属行业在今日涨停/炸板热度前排：农化制品；板块内封板排序第7，不是日内前排；今日涨停家数尚可；今日炸板率偏高，次日溢价打折,,收盘封住涨停；大环境：情绪混沌，需确认回暖还是回落；指数环境：指数上涨；首次封板偏晚，需要板块发酵、股性或大环境确认；首板/低板位溢价弹性需依赖题材和封板质量；炸板次数3次，封板稳定性一般；换手处于可承接区间；所属行业在今日涨停/炸板热度前排：农化制品；板块内封板排序第7，不是日内前排；今日涨停家数尚可；今日炸板率偏高，次日溢价打折,前一交易日本行业涨停样本缺失；同股历史涨停溢价样本不足；龙虎榜未上榜或未匹配；仅可作为盘后缺失项；T+1行情缺失或未收盘：2026-09-09,AKShare/Eastmoney pools + local technical screener + local stock_personality_history/history detail + Eastmoney LHB
2026-09-08,2026-09-09,002286,保龄宝,涨停,1,9.98810863494873,9.25,,479799760.0,14.228659629821777,11:07:33,14:10:57,2,,农产品加,3,5,指数上涨,情绪混沌,,,0,6,2,2,2,谨慎可打,,中：需看集合竞价承接,待验证/行情缺失,,,,,,,,,,,,False,,,,,,样本不足,1,0,0.0,1,0,0.0,-0.024539877300613466,0.0024539877300613355,0.0,0,0,,,-0.024539877300613466,0.0024539877300613355,,1,0.0,1.0,-0.024539877300613466,-0.024539877300613466,0.0024539877300613355,-0.02944785276073625,,,9.73,11.1,9.6,收盘封住涨停；大环境：情绪混沌，需确认回暖还是回落；指数环境：指数上涨；首次封板偏晚，需要板块发酵、股性或大环境确认；首板/低板位溢价弹性需依赖题材和封板质量；炸板次数2次，可接受但需看承接；换手处于可承接区间；所属行业在今日涨停/炸板热度前排：农产品加；板块内封板排序第3，属于日内前排；今日涨停家数尚可；今日炸板率偏高，次日溢价打折,,收盘封住涨停；大环境：情绪混沌，需确认回暖还是回落；指数环境：指数上涨；首次封板偏晚，需要板块发酵、股性或大环境确认；首板/低板位溢价弹性需依赖题材和封板质量；炸板次数2次，可接受但需看承接；换手处于可承接区间；所属行业在今日涨停/炸板热度前排：农产品加；板块内封板排序第3，属于日内前排；今日涨停家数尚可；今日炸板率偏高，次日溢价打折,前一交易日本行业涨停样本缺失；同股历史涨停溢价样本不足；龙虎榜未上榜或未匹配；仅可作为盘后缺失项；T+1行情缺失或未收盘：2026-09-09,AKShare/Eastmoney pools + local technical screener + local stock_personality_history/history detail + Eastmoney LHB
2026-09-08,2026-09-09,002285,世联行,涨停,1,10.169490814208984,2.6,,394771728.0,7.962975978851318,11:07:42,14:56:24,1,,房地产服,2,2,指数上涨,情绪混沌,,,0,6,3,3,3,谨慎可打,,中：需看集合竞价承接,待验证/行情缺失,,,,,,,,,,,,False,,,,,,样本不足,2,2,1.0,2,2,1.0,-0.025106360628184277,0.014697900800112018,1.0,2,0,0.0,0.0,-0.025106360628184277,0.014697900800112018,,2,0.0,1.0,-0.025106360628184277,-0.025106360628184277,0.014697900800112018,-0.008333771031391768,是,1.3235381841659546,8.88,10.59,9.24,收盘封住涨停；大环境：情绪混沌，需确认回暖还是回落；指数环境：指数上涨；首次封板偏晚，需要板块发酵、股性或大环境确认；首板/低板位溢价弹性需依赖题材和封板质量；炸板次数1次，可接受但需看承接；换手处于可承接区间；题材/行业热度一般：房地产服；板块内封板排序第2，属于日内前排；图形新高或强势池新高；今日涨停家数尚可；今日炸板率偏高，次日溢价打折,,收盘封住涨停；大环境：情绪混沌，需确认回暖还是回落；指数环境：指数上涨；首次封板偏晚，需要板块发酵、股性或大环境确认；首板/低板位溢价弹性需依赖题材和封板质量；炸板次数1次，可接受但需看承接；换手处于可承接区间；题材/行业热度一般：房地产服；板块内封板排序第2，属于日内前排；图形新高或强势池新高；今日涨停家数尚可；今日炸板率偏高，次日溢价打折,前一交易日本行业涨停样本缺失；同股历史涨停溢价样本不足；龙虎榜未上榜或未匹配；仅可作为盘后缺失项；T+1行情缺失或未收盘：2026-09-09,AKShare/Eastmoney pools + local technical screener + local stock_personality_history/history detail + Eastmoney LHB
2026-09-08,2026-09-09,002999,天禾股份,涨停,1,10.0,7.37,,352047344.0,14.408227920532227,11:08:33,11:12:45,3,,农化制品,8,9,指数上涨,情绪混沌,,,0,4,8,8,8,不能打板,,高：次日无溢价风险高,待验证/行情缺失,,,,,,,,,,,,False,,,,,,A杀血统高,1,1,1.0,1,1,1.0,-0.05320600272851295,-0.04092769440654842,1.0,1,1,1.0,1.0,-0.05320600272851295,-0.04092769440654842,谨慎可打,1,0.0,1.0,-0.05320600272851295,-0.05320600272851295,-0.04092769440654842,-0.09959072305593453,是,1.2022119760513306,6.6,10.3,10.66,收盘封住涨停；大环境：情绪混沌，需确认回暖还是回落；指数环境：指数上涨；首次封板偏晚，需要板块发酵、股性或大环境确认；首板/低板位溢价弹性需依赖题材和封板质量；炸板次数3次，封板稳定性一般；换手处于可承接区间；所属行业在今日涨停/炸板热度前排：农化制品；板块内封板排序第8，不是日内前排；图形新高或强势池新高；今日涨停家数尚可；今日炸板率偏高，次日溢价打折；A杀血统指数偏高：历史炸板样本1，炸板后A杀率100.0%；A杀血统样本较少，强制退出严格可以打板名单,,收盘封住涨停；大环境：情绪混沌，需确认回暖还是回落；指数环境：指数上涨；首次封板偏晚，需要板块发酵、股性或大环境确认；首板/低板位溢价弹性需依赖题材和封板质量；炸板次数3次，封板稳定性一般；换手处于可承接区间；所属行业在今日涨停/炸板热度前排：农化制品；板块内封板排序第8，不是日内前排；图形新高或强势池新高；今日涨停家数尚可；今日炸板率偏高，次日溢价打折；A杀血统指数偏高：历史炸板样本1，炸板后A杀率100.0%；A杀血统样本较少，强制退出严格可以打板名单,前一交易日本行业涨停样本缺失；同股历史涨停溢价样本不足；龙虎榜未上榜或未匹配；仅可作为盘后缺失项；T+1行情缺失或未收盘：2026-09-09,AKShare/Eastmoney pools + local technical screener + local stock_personality_history/history detail + Eastmoney LHB
2026-09-08,2026-09-09,600769,祥龙电业,涨停,1,10.019518852233887,16.91,,293374528.0,4.787083148956299,11:19:58,11:19:58,0,,环境治理,1,1,指数上涨,情绪混沌,,,0,7,2,2,2,谨慎可打,,中：需看集合竞价承接,待验证/行情缺失,,,,,,,,,,,,False,,,,,,样本不足,,,,,,,,,,,,,,,,,,,,,,,,,,8.7,10.15,13.11,收盘封住涨停；大环境：情绪混沌，需确认回暖还是回落；指数环境：指数上涨；首次封板偏晚，需要板块发酵、股性或大环境确认；首板/低板位溢价弹性需依赖题材和封板质量；未炸板；换手处于可承接区间；题材/行业热度一般：环境治理；板块内封板排序第1，属于日内前排；今日涨停家数尚可；今日炸板率偏高，次日溢价打折,,收盘封住涨停；大环境：情绪混沌，需确认回暖还是回落；指数环境：指数上涨；首次封板偏晚，需要板块发酵、股性或大环境确认；首板/低板位溢价弹性需依赖题材和封板质量；未炸板；换手处于可承接区间；题材/行业热度一般：环境治理；板块内封板排序第1，属于日内前排；今日涨停家数尚可；今日炸板率偏高，次日溢价打折,前一交易日本行业涨停样本缺失；同股历史涨停溢价样本不足；龙虎榜未上榜或未匹配；仅可作为盘后缺失项；T+1行情缺失或未收盘：2026-09-09,AKShare/Eastmoney pools + local technical screener + local stock_personality_history/history detail + Eastmoney LHB
2026-09-08,2026-09-09,920371,欧福蛋业,涨停,1,29.911279678344727,10.25,,272779248.0,14.584476470947266,11:20:02,14:18:50,8,,农产品加,4,5,指数上涨,情绪混沌,,,0,3,6,5,5,不能打板,,高：次日无溢价风险高,待验证/行情缺失,,,,,,,,,,,,True,-550622.289999999,15181084.09,拉萨系:东方财富证券股份有限公司拉萨金融城南环路证券营业部；武汉紫阳东路:国泰海通证券股份有限公司湖北武汉紫阳东路营业部,0.21361475658701248,0.2129782207734314,样本不足,,,,,,,,,,,,,,,,,,,,,,,,是,4.077840805053711,25.15,31.24,31.24,收盘封住涨停；大环境：情绪混沌，需确认回暖还是回落；指数环境：指数上涨；首次封板偏晚，需要板块发酵、股性或大环境确认；首板/低板位溢价弹性需依赖题材和封板质量；炸板次数8次，封板分歧大；换手处于可承接区间；所属行业在今日涨停/炸板热度前排：农产品加；板块内封板排序第4，不是日内前排；图形新高或强势池新高；今日涨停家数尚可；今日炸板率偏高，次日溢价打折,盘后龙虎榜净卖出0.01亿，次日风险上升；机构净买入0.15亿；关注席位上榜：拉萨系:东方财富证券股份有限公司拉萨金融城南环路证券营业部；武汉紫阳东路:国泰海通证券股份有限公司湖北武汉紫阳东路营业部,收盘封住涨停；大环境：情绪混沌，需确认回暖还是回落；指数环境：指数上涨；首次封板偏晚，需要板块发酵、股性或大环境确认；首板/低板位溢价弹性需依赖题材和封板质量；炸板次数8次，封板分歧大；换手处于可承接区间；所属行业在今日涨停/炸板热度前排：农产品加；板块内封板排序第4，不是日内前排；图形新高或强势池新高；今日涨停家数尚可；今日炸板率偏高，次日溢价打折,前一交易日本行业涨停样本缺失；同股历史涨停溢价样本不足；T+1行情缺失或未收盘：2026-09-09,AKShare/Eastmoney pools + local technical screener + local stock_personality_history/history detail + Eastmoney LHB
2026-09-08,2026-09-09,002349,精华制药,涨停,1,10.065360069274902,8.42,,670654640.0,10.207249641418457,11:22:39,13:13:45,1,,中药Ⅱ,1,2,指数上涨,情绪混沌,,,0,6,3,3,3,谨慎可打,,中：需看集合竞价承接,待验证/行情缺失,,,,,,,,,,,,False,,,,,,样本不足,2,0,0.0,2,0,0.0,0.01591409391089199,0.030660062704289337,0.0,0,0,,,0.01591409391089199,0.030660062704289337,,2,0.5,0.5,0.01591409391089199,0.01591409391089199,0.030660062704289337,-0.04050687988550705,,,6.39,8.42,0.72,收盘封住涨停；大环境：情绪混沌，需确认回暖还是回落；指数环境：指数上涨；首次封板偏晚，需要板块发酵、股性或大环境确认；首板/低板位溢价弹性需依赖题材和封板质量；炸板次数1次，可接受但需看承接；换手处于可承接区间；题材/行业热度一般：中药Ⅱ；板块内封板排序第1，属于日内前排；接近年/三年高点，图形有辨识度；今日涨停家数尚可；今日炸板率偏高，次日溢价打折,,收盘封住涨停；大环境：情绪混沌，需确认回暖还是回落；指数环境：指数上涨；首次封板偏晚，需要板块发酵、股性或大环境确认；首板/低板位溢价弹性需依赖题材和封板质量；炸板次数1次，可接受但需看承接；换手处于可承接区间；题材/行业热度一般：中药Ⅱ；板块内封板排序第1，属于日内前排；接近年/三年高点，图形有辨识度；今日涨停家数尚可；今日炸板率偏高，次日溢价打折,前一交易日本行业涨停样本缺失；同股历史涨停溢价样本不足；龙虎榜未上榜或未匹配；仅可作为盘后缺失项；T+1行情缺失或未收盘：2026-09-09,AKShare/Eastmoney pools + local technical screener + local stock_personality_history/history detail + Eastmoney LHB
2026-09-08,2026-09-09,002357,富临运业,涨停,1,10.043667793273926,12.6,,305680048.0,7.946897983551025,11:22:54,14:26:39,10,,铁路公路,1,1,指数上涨,情绪混沌,,,0,4,5,5,5,不能打板,,高：次日无溢价风险高,待验证/行情缺失,,,,,,,,,,,,False,,,,,,样本不足,2,0,0.0,2,0,0.0,0.028028028028028062,0.07507507507507516,0.0,0,0,,,0.028028028028028062,0.07507507507507516,,2,1.0,0.0,0.028028028028028062,0.028028028028028062,0.07507507507507516,0.04204204204204198,是,4.052984714508057,8.7,10.76,11.41,收盘封住涨停；大环境：情绪混沌，需确认回暖还是回落；指数环境：指数上涨；首次封板偏晚，需要板块发酵、股性或大环境确认；首板/低板位溢价弹性需依赖题材和封板质量；炸板次数10次，封板分歧大；换手处于可承接区间；题材/行业热度一般：铁路公路；板块内封板排序第1，属于日内前排；图形新高或强势池新高；今日涨停家数尚可；今日炸板率偏高，次日溢价打折,,收盘封住涨停；大环境：情绪混沌，需确认回暖还是回落；指数环境：指数上涨；首次封板偏晚，需要板块发酵、股性或大环境确认；首板/低板位溢价弹性需依赖题材和封板质量；炸板次数10次，封板分歧大；换手处于可承接区间；题材/行业热度一般：铁路公路；板块内封板排序第1，属于日内前排；图形新高或强势池新高；今日涨停家数尚可；今日炸板率偏高，次日溢价打折,前一交易日本行业涨停样本缺失；同股历史涨停溢价样本不足；龙虎榜未上榜或未匹配；仅可作为盘后缺失项；T+1行情缺失或未收盘：2026-09-09,AKShare/Eastmoney pools + local technical screener + local stock_personality_history/history detail + Eastmoney LHB
2026-09-08,2026-09-09,603163,圣晖集成,涨停,1,9.996145248413086,85.61,,387918096.0,4.712828159332275,13:06:14,13:06:14,0,,专业工程,2,2,指数上涨,情绪混沌,,,0,7,2,2,2,谨慎可打,,中：需看集合竞价承接,待验证/行情缺失,,,,,,,,,,,,False,,,,,,样本不足,2,1,0.5,2,1,0.5,0.02373789360407985,0.05840546483881526,0.5,1,0,0.0,0.0,0.02373789360407985,0.05840546483881526,,2,1.0,0.0,0.02373789360407985,0.02373789360407985,0.05840546483881526,-0.021696766948954227,,,8.45,7.81,9.25,收盘封住涨停；大环境：情绪混沌，需确认回暖还是回落；指数环境：指数上涨；首次封板偏晚，需要板块发酵、股性或大环境确认；首板/低板位溢价弹性需依赖题材和封板质量；未炸板；换手处于可承接区间；题材/行业热度一般：专业工程；板块内封板排序第2，属于日内前排；今日涨停家数尚可；今日炸板率偏高，次日溢价打折,,收盘封住涨停；大环境：情绪混沌，需确认回暖还是回落；指数环境：指数上涨；首次封板偏晚，需要板块发酵、股性或大环境确认；首板/低板位溢价弹性需依赖题材和封板质量；未炸板；换手处于可承接区间；题材/行业热度一般：专业工程；板块内封板排序第2，属于日内前排；今日涨停家数尚可；今日炸板率偏高，次日溢价打折,前一交易日本行业涨停样本缺失；同股历史涨停溢价样本不足；龙虎榜未上榜或未匹配；仅可作为盘后缺失项；T+1行情缺失或未收盘：2026-09-09,AKShare/Eastmoney pools + local technical screener + local stock_personality_history/history detail + Eastmoney LHB
2026-09-08,2026-09-09,601999,出版传媒,涨停,1,10.013717651367188,8.02,,606279264.0,14.394105911254883,13:08:57,14:56:12,2,,出版,5,5,指数上涨,情绪混沌,,,0,5,4,4,4,谨慎可打（次日风险高）,,高：次日无溢价风险高,待验证/行情缺失,,,,,,,,,,,,False,,,,,,样本不足,2,2,1.0,2,2,1.0,-0.04379201778904612,0.07145543906316565,1.0,2,0,0.0,0.0,-0.04379201778904612,0.07145543906316565,,2,0.0,1.0,-0.04379201778904612,-0.04379201778904612,0.07145543906316565,0.04099377591205222,是,1.902689814567566,12.51,20.08,25.51,收盘封住涨停；大环境：情绪混沌，需确认回暖还是回落；指数环境：指数上涨；首次封板偏晚，需要板块发酵、股性或大环境确认；首板/低板位溢价弹性需依赖题材和封板质量；炸板次数2次，可接受但需看承接；换手处于可承接区间；所属行业在今日涨停/炸板热度前排：出版；板块内封板排序第5，不是日内前排；图形新高或强势池新高；今日涨停家数尚可；今日炸板率偏高，次日溢价打折,,收盘封住涨停；大环境：情绪混沌，需确认回暖还是回落；指数环境：指数上涨；首次封板偏晚，需要板块发酵、股性或大环境确认；首板/低板位溢价弹性需依赖题材和封板质量；炸板次数2次，可接受但需看承接；换手处于可承接区间；所属行业在今日涨停/炸板热度前排：出版；板块内封板排序第5，不是日内前排；图形新高或强势池新高；今日涨停家数尚可；今日炸板率偏高，次日溢价打折,前一交易日本行业涨停样本缺失；同股历史涨停溢价样本不足；龙虎榜未上榜或未匹配；仅可作为盘后缺失项；T+1行情缺失或未收盘：2026-09-09,AKShare/Eastmoney pools + local technical screener + local stock_personality_history/history detail + Eastmoney LHB
2026-09-08,2026-09-09,603580,艾艾精工,涨停,1,10.00594711303711,73.99,,674335424.0,7.408604621887207,13:16:58,13:17:46,1,,塑料,1,1,指数上涨,情绪混沌,,,0,5,4,4,4,谨慎可打（次日风险高）,,高：次日无溢价风险高,待验证/行情缺失,,,,,,,,,,,,False,,,,,,股性中性,6,3,0.5,6,3,0.5,-0.0026441488408051605,0.07749319349413049,0.5,3,0,0.0,0.0,-0.0026441488408051605,0.07749319349413049,,6,0.5,0.5,-0.0026441488408051605,-0.008546354774607468,0.07749319349413049,0.024367415923974012,,,4.67,-2.55,-10.64,收盘封住涨停；大环境：情绪混沌，需确认回暖还是回落；指数环境：指数上涨；首次封板偏晚，需要板块发酵、股性或大环境确认；首板/低板位溢价弹性需依赖题材和封板质量；炸板次数1次，可接受但需看承接；换手处于可承接区间；题材/行业热度一般：塑料；板块内封板排序第1，属于日内前排；今日涨停家数尚可；今日炸板率偏高，次日溢价打折；三年股性中性：涨停样本6，次日开盘有溢价率50.0%；历史封板稳定性一般：涨停/炸板样本中未封住比例50.0%,,收盘封住涨停；大环境：情绪混沌，需确认回暖还是回落；指数环境：指数上涨；首次封板偏晚，需要板块发酵、股性或大环境确认；首板/低板位溢价弹性需依赖题材和封板质量；炸板次数1次，可接受但需看承接；换手处于可承接区间；题材/行业热度一般：塑料；板块内封板排序第1，属于日内前排；今日涨停家数尚可；今日炸板率偏高，次日溢价打折；三年股性中性：涨停样本6，次日开盘有溢价率50.0%；历史封板稳定性一般：涨停/炸板样本中未封住比例50.0%,前一交易日本行业涨停样本缺失；龙虎榜未上榜或未匹配；仅可作为盘后缺失项；T+1行情缺失或未收盘：2026-09-09,AKShare/Eastmoney pools + local technical screener + local stock_personality_history/history detail + Eastmoney LHB
2026-09-08,2026-09-09,002383,合众思壮,涨停,1,10.0,7.81,,282833520.0,4.984954357147217,13:24:30,13:56:36,3,,军工电子,1,2,指数上涨,情绪混沌,,,0,5,4,4,4,谨慎可打（次日风险高）,,高：次日无溢价风险高,待验证/行情缺失,,,,,,,,,,,,False,,,,,,样本不足,,,,,,,,,,,,,,,,,,,,,,,,是,3.785583019256592,6.69,7.93,6.99,收盘封住涨停；大环境：情绪混沌，需确认回暖还是回落；指数环境：指数上涨；首次封板偏晚，需要板块发酵、股性或大环境确认；首板/低板位溢价弹性需依赖题材和封板质量；炸板次数3次，封板稳定性一般；换手处于可承接区间；题材/行业热度一般：军工电子；板块内封板排序第1，属于日内前排；图形新高或强势池新高；今日涨停家数尚可；今日炸板率偏高，次日溢价打折,,收盘封住涨停；大环境：情绪混沌，需确认回暖还是回落；指数环境：指数上涨；首次封板偏晚，需要板块发酵、股性或大环境确认；首板/低板位溢价弹性需依赖题材和封板质量；炸板次数3次，封板稳定性一般；换手处于可承接区间；题材/行业热度一般：军工电子；板块内封板排序第1，属于日内前排；图形新高或强势池新高；今日涨停家数尚可；今日炸板率偏高，次日溢价打折,前一交易日本行业涨停样本缺失；同股历史涨停溢价样本不足；龙虎榜未上榜或未匹配；仅可作为盘后缺失项；T+1行情缺失或未收盘：2026-09-09,AKShare/Eastmoney pools + local technical screener + local stock_personality_history/history detail + Eastmoney LHB
2026-09-08,2026-09-09,002172,澳洋健康,涨停,2,9.935205459594727,5.09,,816754592.0,22.233190536499023,13:43:42,13:44:21,1,,医疗服务,1,1,指数上涨,情绪混沌,,,0,7,3,3,3,谨慎可打,,中：需看集合竞价承接,待验证/行情缺失,,,,,,,,,,,,False,,,,,,股性中性,7,5,0.7142857142857143,7,5,0.7142857142857143,0.05627556595368529,0.09046071450812913,0.7142857142857143,5,0,0.0,0.0,0.05627556595368529,0.09046071450812913,,7,0.5714285714285714,0.42857142857142855,0.05627556595368529,0.03603603603603589,0.09046071450812913,0.06073200033095204,是,1.2980176210403442,11.23,10.92,7.38,收盘封住涨停；大环境：情绪混沌，需确认回暖还是回落；指数环境：指数上涨；首次封板偏晚，需要板块发酵、股性或大环境确认；2板承接优于普通首板；炸板次数1次，可接受但需看承接；题材/行业热度一般：医疗服务；板块内封板排序第1，属于日内前排；图形新高或强势池新高；今日涨停家数尚可；今日炸板率偏高，次日溢价打折；三年股性中性：涨停样本7，次日开盘有溢价率57.1%；历史封板稳定性一般：涨停/炸板样本中未封住比例71.4%,,收盘封住涨停；大环境：情绪混沌，需确认回暖还是回落；指数环境：指数上涨；首次封板偏晚，需要板块发酵、股性或大环境确认；2板承接优于普通首板；炸板次数1次，可接受但需看承接；题材/行业热度一般：医疗服务；板块内封板排序第1，属于日内前排；图形新高或强势池新高；今日涨停家数尚可；今日炸板率偏高，次日溢价打折；三年股性中性：涨停样本7，次日开盘有溢价率57.1%；历史封板稳定性一般：涨停/炸板样本中未封住比例71.4%,前一交易日本行业涨停样本缺失；龙虎榜未上榜或未匹配；仅可作为盘后缺失项；T+1行情缺失或未收盘：2026-09-09,AKShare/Eastmoney pools + local technical screener + local stock_personality_history/history detail + Eastmoney LHB
2026-09-08,2026-09-09,688293,奥浦迈,涨停,1,19.996484756469727,68.29,,532219600.0,7.289104461669922,13:57:28,14:06:07,1,,生物制品,2,2,指数上涨,情绪混沌,,,0,6,3,1,1,谨慎可打,,低/可控,待验证/行情缺失,,,,,,,,,,,,True,24481432.31,53502938.129999995,,0.2210684735210804,0.17506973106589835,样本不足,,,,,,,,,,,,,,,,,,,,,,,,,,17.08,20.27,27.5,收盘封住涨停；大环境：情绪混沌，需确认回暖还是回落；指数环境：指数上涨；首次封板偏晚，需要板块发酵、股性或大环境确认；首板/低板位溢价弹性需依赖题材和封板质量；炸板次数1次，可接受但需看承接；换手处于可承接区间；题材/行业热度一般：生物制品；板块内封板排序第2，属于日内前排；接近年/三年高点，图形有辨识度；今日涨停家数尚可；今日炸板率偏高，次日溢价打折,盘后龙虎榜净买入0.24亿，可改善次日风险；机构净买入0.54亿,收盘封住涨停；大环境：情绪混沌，需确认回暖还是回落；指数环境：指数上涨；首次封板偏晚，需要板块发酵、股性或大环境确认；首板/低板位溢价弹性需依赖题材和封板质量；炸板次数1次，可接受但需看承接；换手处于可承接区间；题材/行业热度一般：生物制品；板块内封板排序第2，属于日内前排；接近年/三年高点，图形有辨识度；今日涨停家数尚可；今日炸板率偏高，次日溢价打折,前一交易日本行业涨停样本缺失；同股历史涨停溢价样本不足；T+1行情缺失或未收盘：2026-09-09,AKShare/Eastmoney pools + local technical screener + local stock_personality_history/history detail + Eastmoney LHB
2026-09-08,2026-09-09,603619,中曼石油,涨停,1,9.982332229614258,24.9,,1139521968.0,10.25675106048584,14:02:39,14:16:30,3,,油服工程,1,1,指数上涨,情绪混沌,,,0,4,4,4,4,不能打板,,高：次日无溢价风险高,待验证/行情缺失,,,,,,,,,,,,False,,,,,,样本不足,1,0,0.0,1,0,0.0,0.08734554750745627,0.08862377503195584,0.0,0,0,,,0.08734554750745627,0.08862377503195584,,1,1.0,0.0,0.08734554750745627,0.08734554750745627,0.08862377503195584,-0.03280783979548363,,,7.37,5.84,3.58,收盘封住涨停；大环境：情绪混沌，需确认回暖还是回落；指数环境：指数上涨；首次封板偏晚，需要板块发酵、股性或大环境确认；首板/低板位溢价弹性需依赖题材和封板质量；炸板次数3次，封板稳定性一般；换手处于可承接区间；题材/行业热度一般：油服工程；板块内封板排序第1，属于日内前排；今日涨停家数尚可；今日炸板率偏高，次日溢价打折,,收盘封住涨停；大环境：情绪混沌，需确认回暖还是回落；指数环境：指数上涨；首次封板偏晚，需要板块发酵、股性或大环境确认；首板/低板位溢价弹性需依赖题材和封板质量；炸板次数3次，封板稳定性一般；换手处于可承接区间；题材/行业热度一般：油服工程；板块内封板排序第1，属于日内前排；今日涨停家数尚可；今日炸板率偏高，次日溢价打折,前一交易日本行业涨停样本缺失；同股历史涨停溢价样本不足；龙虎榜未上榜或未匹配；仅可作为盘后缺失项；T+1行情缺失或未收盘：2026-09-09,AKShare/Eastmoney pools + local technical screener + local stock_personality_history/history detail + Eastmoney LHB
2026-09-08,2026-09-09,000679,大连友谊,涨停,1,10.076335906982422,7.21,,110322664.0,4.470647811889648,14:14:06,14:14:06,0,,一般零售,3,3,指数上涨,情绪混沌,,,0,7,2,2,2,谨慎可打,,中：需看集合竞价承接,待验证/行情缺失,,,,,,,,,,,,False,,,,,,样本不足,,,,,,,,,,,,,,,,,,,,,,,,,,9.54,11.66,11.44,收盘封住涨停；大环境：情绪混沌，需确认回暖还是回落；指数环境：指数上涨；首次封板偏晚，需要板块发酵、股性或大环境确认；首板/低板位溢价弹性需依赖题材和封板质量；未炸板；换手处于可承接区间；题材/行业热度一般：一般零售；板块内封板排序第3，属于日内前排；今日涨停家数尚可；今日炸板率偏高，次日溢价打折,,收盘封住涨停；大环境：情绪混沌，需确认回暖还是回落；指数环境：指数上涨；首次封板偏晚，需要板块发酵、股性或大环境确认；首板/低板位溢价弹性需依赖题材和封板质量；未炸板；换手处于可承接区间；题材/行业热度一般：一般零售；板块内封板排序第3，属于日内前排；今日涨停家数尚可；今日炸板率偏高，次日溢价打折,前一交易日本行业涨停样本缺失；同股历史涨停溢价样本不足；龙虎榜未上榜或未匹配；仅可作为盘后缺失项；T+1行情缺失或未收盘：2026-09-09,AKShare/Eastmoney pools + local technical screener + local stock_personality_history/history detail + Eastmoney LHB
2026-09-08,2026-09-09,000059,华锦股份,涨停,1,10.017889022827148,6.15,,521373760.0,5.532183647155762,14:38:12,14:38:12,0,,炼化及贸,2,2,指数上涨,情绪混沌,,,0,7,2,2,2,谨慎可打,,中：需看集合竞价承接,待验证/行情缺失,,,,,,,,,,,,False,,,,,,样本不足,1,1,1.0,1,1,1.0,0.017953321364452268,0.09874326750448836,1.0,1,0,0.0,0.0,0.017953321364452268,0.09874326750448836,,1,1.0,0.0,0.017953321364452268,0.017953321364452268,0.09874326750448836,0.037701974865349985,,,5.27,8.98,2.33,收盘封住涨停；大环境：情绪混沌，需确认回暖还是回落；指数环境：指数上涨；首次封板偏晚，需要板块发酵、股性或大环境确认；首板/低板位溢价弹性需依赖题材和封板质量；未炸板；换手处于可承接区间；题材/行业热度一般：炼化及贸；板块内封板排序第2，属于日内前排；今日涨停家数尚可；今日炸板率偏高，次日溢价打折,,收盘封住涨停；大环境：情绪混沌，需确认回暖还是回落；指数环境：指数上涨；首次封板偏晚，需要板块发酵、股性或大环境确认；首板/低板位溢价弹性需依赖题材和封板质量；未炸板；换手处于可承接区间；题材/行业热度一般：炼化及贸；板块内封板排序第2，属于日内前排；今日涨停家数尚可；今日炸板率偏高，次日溢价打折,前一交易日本行业涨停样本缺失；同股历史涨停溢价样本不足；龙虎榜未上榜或未匹配；仅可作为盘后缺失项；T+1行情缺失或未收盘：2026-09-09,AKShare/Eastmoney pools + local technical screener + local stock_personality_history/history detail + Eastmoney LHB
2026-09-08,2026-09-09,600722,金牛化工,涨停,1,10.016695022583008,19.77,,2969451968.0,23.155441284179688,14:39:01,14:39:01,0,,化学原料,3,3,指数上涨,情绪混沌,,,0,9,2,2,2,可以打板,,中：需看集合竞价承接,待验证/行情缺失,,,,,,,,,,,,False,,,,,,股性偏强,5,3,0.6,5,3,0.6,0.018315010213897608,0.08336379069181543,0.6,3,0,0.0,0.0,0.018315010213897608,0.08336379069181543,,5,0.8,0.2,0.018315010213897608,0.011904761904761862,0.08336379069181543,0.05207672033486164,,,8.0,16.51,9.47,收盘封住涨停；大环境：情绪混沌，需确认回暖还是回落；指数环境：指数上涨；首次封板偏晚，需要板块发酵、股性或大环境确认；首板/低板位溢价弹性需依赖题材和封板质量；未炸板；成交额较大，具备市场辨识度；题材/行业热度一般：化学原料；板块内封板排序第3，属于日内前排；接近年/三年高点，图形有辨识度；今日涨停家数尚可；今日炸板率偏高，次日溢价打折；三年股性偏强：涨停样本5，次日开盘有溢价率80.0%，均值1.8%；历史封板稳定性一般：涨停/炸板样本中未封住比例60.0%,,收盘封住涨停；大环境：情绪混沌，需确认回暖还是回落；指数环境：指数上涨；首次封板偏晚，需要板块发酵、股性或大环境确认；首板/低板位溢价弹性需依赖题材和封板质量；未炸板；成交额较大，具备市场辨识度；题材/行业热度一般：化学原料；板块内封板排序第3，属于日内前排；接近年/三年高点，图形有辨识度；今日涨停家数尚可；今日炸板率偏高，次日溢价打折；三年股性偏强：涨停样本5，次日开盘有溢价率80.0%，均值1.8%；历史封板稳定性一般：涨停/炸板样本中未封住比例60.0%,前一交易日本行业涨停样本缺失；龙虎榜未上榜或未匹配；仅可作为盘后缺失项；T+1行情缺失或未收盘：2026-09-09,AKShare/Eastmoney pools + local technical screener + local stock_personality_history/history detail + Eastmoney LHB
2026-09-08,2026-09-09,001366,播恩集团,炸板,3,3.6708860397338867,16.38,17.38,573445824.0,21.866369247436523,09:25:00,,1,-0.05753739930955126,饲料,1,2,指数上涨,情绪混沌,,,0,9,-1,2,2,炸板可接受/反包观察,炸板可接受/反包观察,中：需看集合竞价承接,待验证/行情缺失,,,,,,,,,,,,True,-73005331.85,-23947414.08,,0.08042619440490473,0.18322079817409775,股性偏强,3,0,0.0,3,0,0.0,0.06721704607306367,0.06997790798194219,0.0,0,0,,,0.06721704607306367,0.06997790798194219,,3,1.0,0.0,0.06721704607306367,0.09958217270194991,0.06997790798194219,0.012329137430509044,是,3.110989570617676,10.54,18.37,24.28,炸板样本：不直接判错，单独看炸板质量；大环境：情绪混沌，需确认回暖还是回落；指数环境：指数上涨；首次封板在10:30前，只作为前排证据之一；3板以上有辨识度；炸板次数1次，可接受但需看承接；题材/行业热度一般：饲料；板块内封板排序第1，属于日内前排；图形新高或强势池新高；今日涨停家数尚可；今日炸板率偏高，次日溢价打折；三年股性偏强：涨停样本3，次日开盘有溢价率100.0%，均值6.7%,盘后龙虎榜净卖出0.73亿，次日风险上升；机构净卖出0.24亿；卖方集中度明显高于买方,炸板样本：不直接判错，单独看炸板质量；大环境：情绪混沌，需确认回暖还是回落；指数环境：指数上涨；首次封板在10:30前，只作为前排证据之一；3板以上有辨识度；炸板次数1次，可接受但需看承接；题材/行业热度一般：饲料；板块内封板排序第1，属于日内前排；图形新高或强势池新高；今日涨停家数尚可；今日炸板率偏高，次日溢价打折；三年股性偏强：涨停样本3，次日开盘有溢价率100.0%，均值6.7%,前一交易日本行业涨停样本缺失；T+1行情缺失或未收盘：2026-09-09,AKShare/Eastmoney pools + local technical screener + local stock_personality_history/history detail + Eastmoney LHB
2026-09-08,2026-09-09,000798,中水渔业,炸板,3,3.3183858394622803,11.52,12.27,1022661232.0,23.78891372680664,09:30:48,,1,-0.06112469437652812,渔业,1,1,指数上涨,情绪混沌,,,0,7,1,1,1,炸板可接受/反包观察,炸板可接受/反包观察,低/可控,待验证/行情缺失,,,,,,,,,,,,False,,,,,,股性偏强,3,1,0.3333333333333333,3,1,0.3333333333333333,0.03043839918099404,0.06437898570942953,0.3333333333333333,1,0,0.0,0.0,0.03043839918099404,0.06437898570942953,,3,0.6666666666666666,0.3333333333333333,0.03043839918099404,0.05325443786982231,0.06437898570942953,0.02779408818672724,是,3.1029610633850098,12.02,15.73,15.2,炸板样本：不直接判错，单独看炸板质量；大环境：情绪混沌，需确认回暖还是回落；指数环境：指数上涨；首次封板在10:30前，只作为前排证据之一；3板以上有辨识度；炸板次数1次，可接受但需看承接；题材/行业热度一般：渔业；板块内封板排序第1，属于日内前排；图形新高或强势池新高；炸板后回落较深，失败属性更重；今日涨停家数尚可；今日炸板率偏高，次日溢价打折；三年股性偏强：涨停样本3，次日开盘有溢价率66.7%，均值3.0%,,炸板样本：不直接判错，单独看炸板质量；大环境：情绪混沌，需确认回暖还是回落；指数环境：指数上涨；首次封板在10:30前，只作为前排证据之一；3板以上有辨识度；炸板次数1次，可接受但需看承接；题材/行业热度一般：渔业；板块内封板排序第1，属于日内前排；图形新高或强势池新高；炸板后回落较深，失败属性更重；今日涨停家数尚可；今日炸板率偏高，次日溢价打折；三年股性偏强：涨停样本3，次日开盘有溢价率66.7%，均值3.0%,前一交易日本行业涨停样本缺失；龙虎榜未上榜或未匹配；仅可作为盘后缺失项；T+1行情缺失或未收盘：2026-09-09,AKShare/Eastmoney pools + local technical screener + local stock_personality_history/history detail + Eastmoney LHB
2026-09-08,2026-09-09,000823,超声电子,炸板,2,3.7013802528381348,16.53,17.53,2542039904.0,25.217721939086914,09:30:48,,1,-0.05704506560182543,元件,2,4,指数上涨,情绪混沌,,,0,7,2,2,2,炸板可接受/反包观察,炸板可接受/反包观察,中：需看集合竞价承接,待验证/行情缺失,,,,,,,,,,,,False,,,,,,样本不足,1,1,1.0,1,1,1.0,0.08092848180677548,0.09974905897114184,1.0,1,0,0.0,0.0,0.08092848180677548,0.09974905897114184,,1,1.0,0.0,0.08092848180677548,0.08092848180677548,0.09974905897114184,0.037013801756587306,,,7.3,7.3,7.27,炸板样本：不直接判错，单独看炸板质量；大环境：情绪混沌，需确认回暖还是回落；指数环境：指数上涨；首次封板在10:30前，只作为前排证据之一；2板承接优于普通首板；炸板次数1次，可接受但需看承接；换手过高，次日抛压风险上升；成交额较大，具备市场辨识度；题材/行业热度一般：元件；板块内封板排序第2，属于日内前排；今日涨停家数尚可；今日炸板率偏高，次日溢价打折,,炸板样本：不直接判错，单独看炸板质量；大环境：情绪混沌，需确认回暖还是回落；指数环境：指数上涨；首次封板在10:30前，只作为前排证据之一；2板承接优于普通首板；炸板次数1次，可接受但需看承接；换手过高，次日抛压风险上升；成交额较大，具备市场辨识度；题材/行业热度一般：元件；板块内封板排序第2，属于日内前排；今日涨停家数尚可；今日炸板率偏高，次日溢价打折,前一交易日本行业涨停样本缺失；同股历史涨停溢价样本不足；龙虎榜未上榜或未匹配；仅可作为盘后缺失项；T+1行情缺失或未收盘：2026-09-09,AKShare/Eastmoney pools + local technical screener + local stock_personality_history/history detail + Eastmoney LHB
2026-09-08,2026-09-09,603626,科森科技,炸板,2,9.98985767364502,21.69,21.69,1289941328.0,10.767182350158691,09:33:11,,12,0.0,消费电子,1,1,指数上涨,情绪混沌,,,0,7,3,1,1,可打但炸板/反包观察,可打但炸板/反包观察,低/可控,待验证/行情缺失,,,,,,,,,,,,True,103572691.45,0.0,武汉紫阳东路:国泰海通证券股份有限公司武汉紫阳东路证券营业部,0.17269881582383748,0.11780509166876442,股性偏强,3,2,0.6666666666666666,3,2,0.6666666666666666,0.016993227039268533,0.07703444886579902,0.6666666666666666,2,0,0.0,0.0,0.016993227039268533,0.07703444886579902,,3,0.6666666666666666,0.3333333333333333,0.016993227039268533,0.008603573792190566,0.07703444886579902,0.06070865452711264,,,10.05,9.53,8.83,炸板样本：不直接判错，单独看炸板质量；大环境：情绪混沌，需确认回暖还是回落；指数环境：指数上涨；首次封板在10:30前，只作为前排证据之一；2板承接优于普通首板；炸板次数12次，封板分歧大；换手处于可承接区间；题材/行业热度一般：消费电子；板块内封板排序第1，属于日内前排；炸板后收盘距涨停价较近，仍有反包观察价值；今日涨停家数尚可；今日炸板率偏高，次日溢价打折；三年股性偏强：涨停样本3，次日开盘有溢价率66.7%，均值1.7%；历史封板稳定性一般：涨停/炸板样本中未封住比例66.7%,盘后龙虎榜净买入1.04亿，可改善次日风险；关注席位上榜：武汉紫阳东路:国泰海通证券股份有限公司武汉紫阳东路证券营业部,炸板样本：不直接判错，单独看炸板质量；大环境：情绪混沌，需确认回暖还是回落；指数环境：指数上涨；首次封板在10:30前，只作为前排证据之一；2板承接优于普通首板；炸板次数12次，封板分歧大；换手处于可承接区间；题材/行业热度一般：消费电子；板块内封板排序第1，属于日内前排；炸板后收盘距涨停价较近，仍有反包观察价值；今日涨停家数尚可；今日炸板率偏高，次日溢价打折；三年股性偏强：涨停样本3，次日开盘有溢价率66.7%，均值1.7%；历史封板稳定性一般：涨停/炸板样本中未封住比例66.7%,前一交易日本行业涨停样本缺失；T+1行情缺失或未收盘：2026-09-09,AKShare/Eastmoney pools + local technical screener + local stock_personality_history/history detail + Eastmoney LHB
2026-09-08,2026-09-09,002017,东信和平,炸板,0,4.709479808807373,17.12,17.99,1105313408.0,10.885127067565918,09:34:03,,1,-0.0483602001111727,通信设备,2,5,指数上涨,情绪混沌,,,0,7,1,1,1,炸板可接受/反包观察,炸板可接受/反包观察,低/可控,待验证/行情缺失,,,,,,,,,,,,False,,,,,,样本不足,2,1,0.5,2,1,0.5,0.005971633502649176,0.09025971900526031,0.5,1,0,0.0,0.0,0.005971633502649176,0.09025971900526031,,2,0.5,0.5,0.005971633502649176,0.005971633502649176,0.09025971900526031,0.08024720336070468,是,1.0325727462768555,2.0,3.31,3.76,炸板样本：不直接判错，单独看炸板质量；大环境：情绪混沌，需确认回暖还是回落；指数环境：指数上涨；首次封板在10:30前，只作为前排证据之一；首板/低板位溢价弹性需依赖题材和封板质量；炸板次数1次，可接受但需看承接；换手处于可承接区间；所属行业在今日涨停/炸板热度前排：通信设备；板块内封板排序第2，属于日内前排；图形新高或强势池新高；今日涨停家数尚可；今日炸板率偏高，次日溢价打折,,炸板样本：不直接判错，单独看炸板质量；大环境：情绪混沌，需确认回暖还是回落；指数环境：指数上涨；首次封板在10:30前，只作为前排证据之一；首板/低板位溢价弹性需依赖题材和封板质量；炸板次数1次，可接受但需看承接；换手处于可承接区间；所属行业在今日涨停/炸板热度前排：通信设备；板块内封板排序第2，属于日内前排；图形新高或强势池新高；今日涨停家数尚可；今日炸板率偏高，次日溢价打折,前一交易日本行业涨停样本缺失；同股历史涨停溢价样本不足；龙虎榜未上榜或未匹配；仅可作为盘后缺失项；T+1行情缺失或未收盘：2026-09-09,AKShare/Eastmoney pools + local technical screener + local stock_personality_history/history detail + Eastmoney LHB
2026-09-08,2026-09-09,605577,龙版传媒,炸板,7,9.117475509643555,18.67,18.82,1248313296.0,15.0479097366333,09:34:29,,21,-0.007970244420828831,出版,3,5,指数上涨,情绪混沌,,,0,10,2,2,2,可打但炸板/反包观察,可打但炸板/反包观察,中：需看集合竞价承接,待验证/行情缺失,,,,,,,,,,,,False,,,,,,股性偏强,6,3,0.5,6,3,0.5,0.038543976530736934,0.10005870444021774,0.5,3,0,0.0,0.0,0.038543976530736934,0.10005870444021774,,6,1.0,0.0,0.038543976530736934,0.038545661433272205,0.10005870444021774,0.09859757060035801,是,2.244286298751831,19.19,44.15,59.85,炸板样本：不直接判错，单独看炸板质量；大环境：情绪混沌，需确认回暖还是回落；指数环境：指数上涨；首次封板在10:30前，只作为前排证据之一；3板以上有辨识度；炸板次数21次，封板分歧大；换手处于可承接区间；所属行业在今日涨停/炸板热度前排：出版；板块内封板排序第3，属于日内前排；图形新高或强势池新高；5日涨幅过高，次日兑现风险；炸板后收盘距涨停价较近，仍有反包观察价值；今日涨停家数尚可；今日炸板率偏高，次日溢价打折；三年股性偏强：涨停样本6，次日开盘有溢价率100.0%，均值3.9%；历史封板稳定性一般：涨停/炸板样本中未封住比例50.0%,,炸板样本：不直接判错，单独看炸板质量；大环境：情绪混沌，需确认回暖还是回落；指数环境：指数上涨；首次封板在10:30前，只作为前排证据之一；3板以上有辨识度；炸板次数21次，封板分歧大；换手处于可承接区间；所属行业在今日涨停/炸板热度前排：出版；板块内封板排序第3，属于日内前排；图形新高或强势池新高；5日涨幅过高，次日兑现风险；炸板后收盘距涨停价较近，仍有反包观察价值；今日涨停家数尚可；今日炸板率偏高，次日溢价打折；三年股性偏强：涨停样本6，次日开盘有溢价率100.0%，均值3.9%；历史封板稳定性一般：涨停/炸板样本中未封住比例50.0%,前一交易日本行业涨停样本缺失；龙虎榜未上榜或未匹配；仅可作为盘后缺失项；T+1行情缺失或未收盘：2026-09-09,AKShare/Eastmoney pools + local technical screener + local stock_personality_history/history detail + Eastmoney LHB
2026-09-08,2026-09-09,002436,兴森科技,炸板,2,9.17006778717041,40.12,40.43,11411550976.0,18.75033950805664,09:35:18,,18,-0.007667573583972409,元件,3,4,指数上涨,情绪混沌,,,0,6,3,3,3,可打但炸板/反包观察,可打但炸板/反包观察,中：需看集合竞价承接,待验证/行情缺失,,,,,,,,,,,,False,,,,,,样本不足,1,0,0.0,1,0,0.0,0.061224489795918435,0.10013605442176865,0.0,0,0,,,0.061224489795918435,0.10013605442176865,,1,1.0,0.0,0.061224489795918435,0.061224489795918435,0.10013605442176865,0.09170068027210876,,,11.79,13.08,16.12,炸板样本：不直接判错，单独看炸板质量；大环境：情绪混沌，需确认回暖还是回落；指数环境：指数上涨；首次封板在10:30前，只作为前排证据之一；2板承接优于普通首板；炸板次数18次，封板分歧大；成交额较大，具备市场辨识度；题材/行业热度一般：元件；板块内封板排序第3，属于日内前排；炸板后收盘距涨停价较近，仍有反包观察价值；今日涨停家数尚可；今日炸板率偏高，次日溢价打折,,炸板样本：不直接判错，单独看炸板质量；大环境：情绪混沌，需确认回暖还是回落；指数环境：指数上涨；首次封板在10:30前，只作为前排证据之一；2板承接优于普通首板；炸板次数18次，封板分歧大；成交额较大，具备市场辨识度；题材/行业热度一般：元件；板块内封板排序第3，属于日内前排；炸板后收盘距涨停价较近，仍有反包观察价值；今日涨停家数尚可；今日炸板率偏高，次日溢价打折,前一交易日本行业涨停样本缺失；同股历史涨停溢价样本不足；龙虎榜未上榜或未匹配；仅可作为盘后缺失项；T+1行情缺失或未收盘：2026-09-09,AKShare/Eastmoney pools + local technical screener + local stock_personality_history/history detail + Eastmoney LHB
2026-09-08,2026-09-09,603083,剑桥科技,炸板,2,7.329084873199463,222.3,227.83,10945313536.0,17.737001419067383,09:37:31,,10,-0.02427248386955183,通信设备,3,5,指数上涨,情绪混沌,,,0,9,1,1,1,可打但炸板/反包观察,可打但炸板/反包观察,低/可控,待验证/行情缺失,,,,,,,,,,,,False,,,,,,股性偏强,3,1,0.3333333333333333,3,1,0.3333333333333333,-0.016914366314146927,0.0590138848563165,0.3333333333333333,1,0,0.0,0.0,-0.016914366314146927,0.0590138848563165,,3,0.6666666666666666,0.3333333333333333,-0.016914366314146927,0.011265391668849878,0.0590138848563165,0.03908002925135312,,,12.94,14.72,20.47,炸板样本：不直接判错，单独看炸板质量；大环境：情绪混沌，需确认回暖还是回落；指数环境：指数上涨；首次封板在10:30前，只作为前排证据之一；2板承接优于普通首板；炸板次数10次，封板分歧大；换手处于可承接区间；成交额较大，具备市场辨识度；所属行业在今日涨停/炸板热度前排：通信设备；板块内封板排序第3，属于日内前排；炸板后收盘距涨停价较近，仍有反包观察价值；今日涨停家数尚可；今日炸板率偏高，次日溢价打折；三年股性偏强：涨停样本3，次日开盘有溢价率66.7%，均值-1.7%,,炸板样本：不直接判错，单独看炸板质量；大环境：情绪混沌，需确认回暖还是回落；指数环境：指数上涨；首次封板在10:30前，只作为前排证据之一；2板承接优于普通首板；炸板次数10次，封板分歧大；换手处于可承接区间；成交额较大，具备市场辨识度；所属行业在今日涨停/炸板热度前排：通信设备；板块内封板排序第3，属于日内前排；炸板后收盘距涨停价较近，仍有反包观察价值；今日涨停家数尚可；今日炸板率偏高，次日溢价打折；三年股性偏强：涨停样本3，次日开盘有溢价率66.7%，均值-1.7%,前一交易日本行业涨停样本缺失；龙虎榜未上榜或未匹配；仅可作为盘后缺失项；T+1行情缺失或未收盘：2026-09-09,AKShare/Eastmoney pools + local technical screener + local stock_personality_history/history detail + Eastmoney LHB
2026-09-08,2026-09-09,002792,通宇通讯,炸板,0,5.256154537200928,31.64,33.07,1828964208.0,16.793907165527344,09:41:03,,1,-0.04324160870879956,通信设备,5,5,指数上涨,情绪混沌,,,0,5,3,3,3,炸板可接受/反包观察,炸板可接受/反包观察,中：需看集合竞价承接,待验证/行情缺失,,,,,,,,,,,,False,,,,,,股性偏强,6,3,0.5,6,3,0.5,0.03778595858202096,0.07371724728410499,0.5,3,0,0.0,0.0,0.03778595858202096,0.07371724728410499,,6,0.8333333333333334,0.16666666666666666,0.03778595858202096,0.028441262220693764,0.07371724728410499,0.034359687782919444,,,4.48,3.65,4.87,炸板样本：不直接判错，单独看炸板质量；大环境：情绪混沌，需确认回暖还是回落；指数环境：指数上涨；首次封板在10:30前，只作为前排证据之一；首板/低板位溢价弹性需依赖题材和封板质量；炸板次数1次，可接受但需看承接；换手处于可承接区间；所属行业在今日涨停/炸板热度前排：通信设备；板块内封板排序第5，不是日内前排；今日涨停家数尚可；今日炸板率偏高，次日溢价打折；三年股性偏强：涨停样本6，次日开盘有溢价率83.3%，均值3.8%；历史封板稳定性一般：涨停/炸板样本中未封住比例50.0%,,炸板样本：不直接判错，单独看炸板质量；大环境：情绪混沌，需确认回暖还是回落；指数环境：指数上涨；首次封板在10:30前，只作为前排证据之一；首板/低板位溢价弹性需依赖题材和封板质量；炸板次数1次，可接受但需看承接；换手处于可承接区间；所属行业在今日涨停/炸板热度前排：通信设备；板块内封板排序第5，不是日内前排；今日涨停家数尚可；今日炸板率偏高，次日溢价打折；三年股性偏强：涨停样本6，次日开盘有溢价率83.3%，均值3.8%；历史封板稳定性一般：涨停/炸板样本中未封住比例50.0%,前一交易日本行业涨停样本缺失；龙虎榜未上榜或未匹配；仅可作为盘后缺失项；T+1行情缺失或未收盘：2026-09-09,AKShare/Eastmoney pools + local technical screener + local stock_personality_history/history detail + Eastmoney LHB
2026-09-08,2026-09-09,003023,彩虹集团,炸板,0,5.005731582641602,27.48,28.79,160641403.0,5.507165908813477,09:43:00,,1,-0.045501910385550515,小家电,2,2,指数上涨,情绪混沌,,,0,5,2,2,2,炸板可接受/反包观察,炸板可接受/反包观察,中：需看集合竞价承接,待验证/行情缺失,,,,,,,,,,,,False,,,,,,样本不足,,,,,,,,,,,,,,,,,,,,,,,,,,2.85,2.16,2.54,炸板样本：不直接判错，单独看炸板质量；大环境：情绪混沌，需确认回暖还是回落；指数环境：指数上涨；首次封板在10:30前，只作为前排证据之一；首板/低板位溢价弹性需依赖题材和封板质量；炸板次数1次，可接受但需看承接；换手处于可承接区间；题材/行业热度一般：小家电；板块内封板排序第2，属于日内前排；今日涨停家数尚可；今日炸板率偏高，次日溢价打折,,炸板样本：不直接判错，单独看炸板质量；大环境：情绪混沌，需确认回暖还是回落；指数环境：指数上涨；首次封板在10:30前，只作为前排证据之一；首板/低板位溢价弹性需依赖题材和封板质量；炸板次数1次，可接受但需看承接；换手处于可承接区间；题材/行业热度一般：小家电；板块内封板排序第2，属于日内前排；今日涨停家数尚可；今日炸板率偏高，次日溢价打折,前一交易日本行业涨停样本缺失；同股历史涨停溢价样本不足；龙虎榜未上榜或未匹配；仅可作为盘后缺失项；T+1行情缺失或未收盘：2026-09-09,AKShare/Eastmoney pools + local technical screener + local stock_personality_history/history detail + Eastmoney LHB
2026-09-08,2026-09-09,600318,新力金融,炸板,0,5.617977619171143,7.52,7.83,658895664.0,16.835771560668945,09:51:47,,2,-0.03959131545338446,多元金融,1,1,指数上涨,情绪混沌,,,0,6,2,2,2,可打但炸板/反包观察,可打但炸板/反包观察,中：需看集合竞价承接,待验证/行情缺失,,,,,,,,,,,,False,,,,,,样本不足,2,2,1.0,2,2,1.0,-0.009277583553730206,0.002152734072314366,1.0,2,0,0.0,0.0,-0.009277583553730206,0.002152734072314366,,2,0.5,0.5,-0.009277583553730206,-0.009277583553730206,0.002152734072314366,-0.03501307829149125,是,1.949527382850647,3.9,5.87,0.4,炸板样本：不直接判错，单独看炸板质量；大环境：情绪混沌，需确认回暖还是回落；指数环境：指数上涨；首次封板在10:30前，只作为前排证据之一；首板/低板位溢价弹性需依赖题材和封板质量；炸板次数2次，可接受但需看承接；换手处于可承接区间；题材/行业热度一般：多元金融；板块内封板排序第1，属于日内前排；图形新高或强势池新高；今日涨停家数尚可；今日炸板率偏高，次日溢价打折,,炸板样本：不直接判错，单独看炸板质量；大环境：情绪混沌，需确认回暖还是回落；指数环境：指数上涨；首次封板在10:30前，只作为前排证据之一；首板/低板位溢价弹性需依赖题材和封板质量；炸板次数2次，可接受但需看承接；换手处于可承接区间；题材/行业热度一般：多元金融；板块内封板排序第1，属于日内前排；图形新高或强势池新高；今日涨停家数尚可；今日炸板率偏高，次日溢价打折,前一交易日本行业涨停样本缺失；同股历史涨停溢价样本不足；龙虎榜未上榜或未匹配；仅可作为盘后缺失项；T+1行情缺失或未收盘：2026-09-09,AKShare/Eastmoney pools + local technical screener + local stock_personality_history/history detail + Eastmoney LHB
2026-09-08,2026-09-09,605300,佳禾食品,炸板,0,7.53098201751709,11.28,11.54,315655872.0,6.202524185180664,09:58:41,,2,-0.022530329289428108,饮料乳品,1,1,指数上涨,情绪混沌,,,0,7,2,2,2,可打但炸板/反包观察,可打但炸板/反包观察,中：需看集合竞价承接,待验证/行情缺失,,,,,,,,,,,,False,,,,,,样本不足,1,1,1.0,1,1,1.0,0.02050326188257201,0.05312208760484616,1.0,1,0,0.0,0.0,0.02050326188257201,0.05312208760484616,,1,1.0,0.0,0.02050326188257201,0.02050326188257201,0.05312208760484616,-0.020503261882572232,是,2.01501202583313,6.92,10.02,5.13,炸板样本：不直接判错，单独看炸板质量；大环境：情绪混沌，需确认回暖还是回落；指数环境：指数上涨；首次封板在10:30前，只作为前排证据之一；首板/低板位溢价弹性需依赖题材和封板质量；炸板次数2次，可接受但需看承接；换手处于可承接区间；题材/行业热度一般：饮料乳品；板块内封板排序第1，属于日内前排；图形新高或强势池新高；炸板后收盘距涨停价较近，仍有反包观察价值；今日涨停家数尚可；今日炸板率偏高，次日溢价打折,,炸板样本：不直接判错，单独看炸板质量；大环境：情绪混沌，需确认回暖还是回落；指数环境：指数上涨；首次封板在10:30前，只作为前排证据之一；首板/低板位溢价弹性需依赖题材和封板质量；炸板次数2次，可接受但需看承接；换手处于可承接区间；题材/行业热度一般：饮料乳品；板块内封板排序第1，属于日内前排；图形新高或强势池新高；炸板后收盘距涨停价较近，仍有反包观察价值；今日涨停家数尚可；今日炸板率偏高，次日溢价打折,前一交易日本行业涨停样本缺失；同股历史涨停溢价样本不足；龙虎榜未上榜或未匹配；仅可作为盘后缺失项；T+1行情缺失或未收盘：2026-09-09,AKShare/Eastmoney pools + local technical screener + local stock_personality_history/history detail + Eastmoney LHB
2026-09-08,2026-09-09,000737,北方铜业,炸板,0,9.630146980285645,15.71,15.76,3803245968.0,12.84194278717041,09:59:39,,7,-0.0031725888324872775,工业金属,2,2,指数上涨,情绪混沌,,,0,5,4,4,4,炸板可接受/反包观察,炸板可接受/反包观察,高：次日无溢价风险高,待验证/行情缺失,,,,,,,,,,,,False,,,,,,样本不足,,,,,,,,,,,,,,,,,,,,,,,,,,5.86,4.12,2.15,炸板样本：不直接判错，单独看炸板质量；大环境：情绪混沌，需确认回暖还是回落；指数环境：指数上涨；首次封板在10:30前，只作为前排证据之一；首板/低板位溢价弹性需依赖题材和封板质量；炸板次数7次，封板分歧大；换手处于可承接区间；成交额较大，具备市场辨识度；题材/行业热度一般：工业金属；板块内封板排序第2，属于日内前排；炸板后收盘距涨停价较近，仍有反包观察价值；今日涨停家数尚可；今日炸板率偏高，次日溢价打折,,炸板样本：不直接判错，单独看炸板质量；大环境：情绪混沌，需确认回暖还是回落；指数环境：指数上涨；首次封板在10:30前，只作为前排证据之一；首板/低板位溢价弹性需依赖题材和封板质量；炸板次数7次，封板分歧大；换手处于可承接区间；成交额较大，具备市场辨识度；题材/行业热度一般：工业金属；板块内封板排序第2，属于日内前排；炸板后收盘距涨停价较近，仍有反包观察价值；今日涨停家数尚可；今日炸板率偏高，次日溢价打折,前一交易日本行业涨停样本缺失；同股历史涨停溢价样本不足；龙虎榜未上榜或未匹配；仅可作为盘后缺失项；T+1行情缺失或未收盘：2026-09-09,AKShare/Eastmoney pools + local technical screener + local stock_personality_history/history detail + Eastmoney LHB
2026-09-08,2026-09-09,688039,当虹科技,炸板,0,12.481292724609375,37.58,40.09,410418496.0,9.673700332641602,10:02:36,,1,-0.062609129458718,IT服务Ⅱ,1,1,指数上涨,情绪混沌,,,0,2,5,5,5,炸板失败/不能打,炸板失败/不能打,高：次日无溢价风险高,待验证/行情缺失,,,,,,,,,,,,False,,,,,,样本不足,,,,,,,,,,,,,,,,,,,,,,,,,,8.97,12.29,8.93,炸板样本：不直接判错，单独看炸板质量；大环境：情绪混沌，需确认回暖还是回落；指数环境：指数上涨；首次封板偏晚，需要板块发酵、股性或大环境确认；首板/低板位溢价弹性需依赖题材和封板质量；炸板次数1次，可接受但需看承接；换手处于可承接区间；题材/行业热度一般：IT服务Ⅱ；板块内封板排序第1，属于日内前排；炸板后回落较深，失败属性更重；今日涨停家数尚可；今日炸板率偏高，次日溢价打折,,炸板样本：不直接判错，单独看炸板质量；大环境：情绪混沌，需确认回暖还是回落；指数环境：指数上涨；首次封板偏晚，需要板块发酵、股性或大环境确认；首板/低板位溢价弹性需依赖题材和封板质量；炸板次数1次，可接受但需看承接；换手处于可承接区间；题材/行业热度一般：IT服务Ⅱ；板块内封板排序第1，属于日内前排；炸板后回落较深，失败属性更重；今日涨停家数尚可；今日炸板率偏高，次日溢价打折,前一交易日本行业涨停样本缺失；同股历史涨停溢价样本不足；龙虎榜未上榜或未匹配；仅可作为盘后缺失项；T+1行情缺失或未收盘：2026-09-09,AKShare/Eastmoney pools + local technical screener + local stock_personality_history/history detail + Eastmoney LHB
2026-09-08,2026-09-09,603888,新华网,炸板,0,5.79104471206665,17.72,18.43,982198384.0,7.4051713943481445,10:05:21,,1,-0.0385241454150842,数字媒体,2,2,指数上涨,情绪混沌,,,0,5,3,3,3,炸板可接受/反包观察,炸板可接受/反包观察,中：需看集合竞价承接,待验证/行情缺失,,,,,,,,,,,,False,,,,,,样本不足,,,,,,,,,,,,,,,,,,,,,,,,是,6.129630088806152,5.73,6.95,5.73,炸板样本：不直接判错，单独看炸板质量；大环境：情绪混沌，需确认回暖还是回落；指数环境：指数上涨；首次封板偏晚，需要板块发酵、股性或大环境确认；首板/低板位溢价弹性需依赖题材和封板质量；炸板次数1次，可接受但需看承接；换手处于可承接区间；题材/行业热度一般：数字媒体；板块内封板排序第2，属于日内前排；图形新高或强势池新高；今日涨停家数尚可；今日炸板率偏高，次日溢价打折,,炸板样本：不直接判错，单独看炸板质量；大环境：情绪混沌，需确认回暖还是回落；指数环境：指数上涨；首次封板偏晚，需要板块发酵、股性或大环境确认；首板/低板位溢价弹性需依赖题材和封板质量；炸板次数1次，可接受但需看承接；换手处于可承接区间；题材/行业热度一般：数字媒体；板块内封板排序第2，属于日内前排；图形新高或强势池新高；今日涨停家数尚可；今日炸板率偏高，次日溢价打折,前一交易日本行业涨停样本缺失；同股历史涨停溢价样本不足；龙虎榜未上榜或未匹配；仅可作为盘后缺失项；T+1行情缺失或未收盘：2026-09-09,AKShare/Eastmoney pools + local technical screener + local stock_personality_history/history detail + Eastmoney LHB
2026-09-08,2026-09-09,601118,海南橡胶,炸板,0,9.30555534362793,7.87,7.92,2486098912.0,7.521527290344238,10:06:01,,2,-0.0063131313131312705,种植业,4,5,指数上涨,情绪混沌,,,0,6,4,4,4,可打但炸板/反包观察,可打但炸板/反包观察,高：次日无溢价风险高,待验证/行情缺失,,,,,,,,,,,,False,,,,,,样本不足,2,2,1.0,2,2,1.0,0.011805555555555514,0.06524390243902434,1.0,2,0,0.0,0.0,0.011805555555555514,0.06524390243902434,,2,0.5,0.5,0.011805555555555514,0.011805555555555514,0.06524390243902434,0.04119241192411921,是,1.7581075429916382,11.19,15.48,20.15,炸板样本：不直接判错，单独看炸板质量；大环境：情绪混沌，需确认回暖还是回落；指数环境：指数上涨；首次封板偏晚，需要板块发酵、股性或大环境确认；首板/低板位溢价弹性需依赖题材和封板质量；炸板次数2次，可接受但需看承接；换手处于可承接区间；成交额较大，具备市场辨识度；所属行业在今日涨停/炸板热度前排：种植业；板块内封板排序第4，不是日内前排；图形新高或强势池新高；炸板后收盘距涨停价较近，仍有反包观察价值；今日涨停家数尚可；今日炸板率偏高，次日溢价打折,,炸板样本：不直接判错，单独看炸板质量；大环境：情绪混沌，需确认回暖还是回落；指数环境：指数上涨；首次封板偏晚，需要板块发酵、股性或大环境确认；首板/低板位溢价弹性需依赖题材和封板质量；炸板次数2次，可接受但需看承接；换手处于可承接区间；成交额较大，具备市场辨识度；所属行业在今日涨停/炸板热度前排：种植业；板块内封板排序第4，不是日内前排；图形新高或强势池新高；炸板后收盘距涨停价较近，仍有反包观察价值；今日涨停家数尚可；今日炸板率偏高，次日溢价打折,前一交易日本行业涨停样本缺失；同股历史涨停溢价样本不足；龙虎榜未上榜或未匹配；仅可作为盘后缺失项；T+1行情缺失或未收盘：2026-09-09,AKShare/Eastmoney pools + local technical screener + local stock_personality_history/history detail + Eastmoney LHB
2026-09-08,2026-09-09,001368,通达创智,炸板,0,6.019094944000244,25.54,26.5,198752738.0,7.14149284362793,10:17:06,,1,-0.03622641509433966,文娱用品,1,1,指数上涨,情绪混沌,,,0,5,3,3,3,炸板可接受/反包观察,炸板可接受/反包观察,中：需看集合竞价承接,待验证/行情缺失,,,,,,,,,,,,False,,,,,,样本不足,,,,,,,,,,,,,,,,,,,,,,,,是,4.979814529418945,5.29,7.38,7.13,炸板样本：不直接判错，单独看炸板质量；大环境：情绪混沌，需确认回暖还是回落；指数环境：指数上涨；首次封板偏晚，需要板块发酵、股性或大环境确认；首板/低板位溢价弹性需依赖题材和封板质量；炸板次数1次，可接受但需看承接；换手处于可承接区间；题材/行业热度一般：文娱用品；板块内封板排序第1，属于日内前排；图形新高或强势池新高；今日涨停家数尚可；今日炸板率偏高，次日溢价打折,,炸板样本：不直接判错，单独看炸板质量；大环境：情绪混沌，需确认回暖还是回落；指数环境：指数上涨；首次封板偏晚，需要板块发酵、股性或大环境确认；首板/低板位溢价弹性需依赖题材和封板质量；炸板次数1次，可接受但需看承接；换手处于可承接区间；题材/行业热度一般：文娱用品；板块内封板排序第1，属于日内前排；图形新高或强势池新高；今日涨停家数尚可；今日炸板率偏高，次日溢价打折,前一交易日本行业涨停样本缺失；同股历史涨停溢价样本不足；龙虎榜未上榜或未匹配；仅可作为盘后缺失项；T+1行情缺失或未收盘：2026-09-09,AKShare/Eastmoney pools + local technical screener + local stock_personality_history/history detail + Eastmoney LHB
2026-09-08,2026-09-09,000789,万年青,炸板,0,6.053268909454346,4.38,4.54,151724246.0,4.297472953796387,10:19:24,,2,-0.03524229074889873,水泥,1,1,指数上涨,情绪混沌,,,0,5,3,3,3,炸板可接受/反包观察,炸板可接受/反包观察,中：需看集合竞价承接,待验证/行情缺失,,,,,,,,,,,,False,,,,,,样本不足,,,,,,,,,,,,,,,,,,,,,,,,是,9.219705581665039,4.53,4.53,4.04,炸板样本：不直接判错，单独看炸板质量；大环境：情绪混沌，需确认回暖还是回落；指数环境：指数上涨；首次封板偏晚，需要板块发酵、股性或大环境确认；首板/低板位溢价弹性需依赖题材和封板质量；炸板次数2次，可接受但需看承接；换手处于可承接区间；题材/行业热度一般：水泥；板块内封板排序第1，属于日内前排；图形新高或强势池新高；今日涨停家数尚可；今日炸板率偏高，次日溢价打折,,炸板样本：不直接判错，单独看炸板质量；大环境：情绪混沌，需确认回暖还是回落；指数环境：指数上涨；首次封板偏晚，需要板块发酵、股性或大环境确认；首板/低板位溢价弹性需依赖题材和封板质量；炸板次数2次，可接受但需看承接；换手处于可承接区间；题材/行业热度一般：水泥；板块内封板排序第1，属于日内前排；图形新高或强势池新高；今日涨停家数尚可；今日炸板率偏高，次日溢价打折,前一交易日本行业涨停样本缺失；同股历史涨停溢价样本不足；龙虎榜未上榜或未匹配；仅可作为盘后缺失项；T+1行情缺失或未收盘：2026-09-09,AKShare/Eastmoney pools + local technical screener + local stock_personality_history/history detail + Eastmoney LHB
2026-09-08,2026-09-09,002815,崇达技术,炸板,2,6.683322906494141,17.08,17.61,3431279104.0,25.5502986907959,10:24:54,,6,-0.030096536059057377,元件,4,4,指数上涨,情绪混沌,,,0,2,7,7,7,炸板失败/不能打,炸板失败/不能打,高：次日无溢价风险高,待验证/行情缺失,,,,,,,,,,,,False,,,,,,样本不足,1,1,1.0,1,1,1.0,0.06870705808869437,0.09993753903810099,1.0,1,0,0.0,0.0,0.06870705808869437,0.09993753903810099,,1,1.0,0.0,0.06870705808869437,0.06870705808869437,0.09993753903810099,0.06683322923172996,,,11.18,14.83,17.79,炸板样本：不直接判错，单独看炸板质量；大环境：情绪混沌，需确认回暖还是回落；指数环境：指数上涨；首次封板偏晚，需要板块发酵、股性或大环境确认；2板承接优于普通首板；炸板次数6次，封板分歧大；换手过高，次日抛压风险上升；成交额较大，具备市场辨识度；题材/行业热度一般：元件；板块内封板排序第4，不是日内前排；今日涨停家数尚可；今日炸板率偏高，次日溢价打折,,炸板样本：不直接判错，单独看炸板质量；大环境：情绪混沌，需确认回暖还是回落；指数环境：指数上涨；首次封板偏晚，需要板块发酵、股性或大环境确认；2板承接优于普通首板；炸板次数6次，封板分歧大；换手过高，次日抛压风险上升；成交额较大，具备市场辨识度；题材/行业热度一般：元件；板块内封板排序第4，不是日内前排；今日涨停家数尚可；今日炸板率偏高，次日溢价打折,前一交易日本行业涨停样本缺失；同股历史涨停溢价样本不足；龙虎榜未上榜或未匹配；仅可作为盘后缺失项；T+1行情缺失或未收盘：2026-09-09,AKShare/Eastmoney pools + local technical screener + local stock_personality_history/history detail + Eastmoney LHB
2026-09-08,2026-09-09,603316,诚邦股份,炸板,0,7.658321380615234,14.62,14.94,397637408.0,10.304903030395508,10:32:28,,5,-0.021419009370816644,半导体,1,1,指数上涨,情绪混沌,,,0,4,4,4,4,炸板可接受/反包观察,炸板可接受/反包观察,高：次日无溢价风险高,待验证/行情缺失,,,,,,,,,,,,False,,,,,,样本不足,1,0,0.0,1,0,0.0,-0.012668250197941378,0.0,0.0,0,0,,,-0.012668250197941378,0.0,,1,0.0,1.0,-0.012668250197941378,-0.012668250197941378,0.0,-0.03562945368171033,,,6.25,5.43,5.48,炸板样本：不直接判错，单独看炸板质量；大环境：情绪混沌，需确认回暖还是回落；指数环境：指数上涨；首次封板偏晚，需要板块发酵、股性或大环境确认；首板/低板位溢价弹性需依赖题材和封板质量；炸板次数5次，封板稳定性一般；换手处于可承接区间；题材/行业热度一般：半导体；板块内封板排序第1，属于日内前排；炸板后收盘距涨停价较近，仍有反包观察价值；今日涨停家数尚可；今日炸板率偏高，次日溢价打折,,炸板样本：不直接判错，单独看炸板质量；大环境：情绪混沌，需确认回暖还是回落；指数环境：指数上涨；首次封板偏晚，需要板块发酵、股性或大环境确认；首板/低板位溢价弹性需依赖题材和封板质量；炸板次数5次，封板稳定性一般；换手处于可承接区间；题材/行业热度一般：半导体；板块内封板排序第1，属于日内前排；炸板后收盘距涨停价较近，仍有反包观察价值；今日涨停家数尚可；今日炸板率偏高，次日溢价打折,前一交易日本行业涨停样本缺失；同股历史涨停溢价样本不足；龙虎榜未上榜或未匹配；仅可作为盘后缺失项；T+1行情缺失或未收盘：2026-09-09,AKShare/Eastmoney pools + local technical screener + local stock_personality_history/history detail + Eastmoney LHB
2026-09-08,2026-09-09,600770,综艺股份,炸板,2,5.54561710357666,5.9,6.15,1043311168.0,13.498044967651367,10:33:01,,4,-0.04065040650406504,综合Ⅱ,4,4,指数上涨,情绪混沌,,,0,3,5,5,5,炸板失败/不能打,炸板失败/不能打,高：次日无溢价风险高,待验证/行情缺失,,,,,,,,,,,,False,,,,,,样本不足,1,0,0.0,1,0,0.0,0.025044722719141488,0.10017889087656529,0.0,0,0,,,0.025044722719141488,0.10017889087656529,,1,1.0,0.0,0.025044722719141488,0.025044722719141488,0.10017889087656529,0.05545617173524153,,,10.32,12.47,13.9,炸板样本：不直接判错，单独看炸板质量；大环境：情绪混沌，需确认回暖还是回落；指数环境：指数上涨；首次封板偏晚，需要板块发酵、股性或大环境确认；2板承接优于普通首板；炸板次数4次，封板稳定性一般；换手处于可承接区间；题材/行业热度一般：综合Ⅱ；板块内封板排序第4，不是日内前排；今日涨停家数尚可；今日炸板率偏高，次日溢价打折,,炸板样本：不直接判错，单独看炸板质量；大环境：情绪混沌，需确认回暖还是回落；指数环境：指数上涨；首次封板偏晚，需要板块发酵、股性或大环境确认；2板承接优于普通首板；炸板次数4次，封板稳定性一般；换手处于可承接区间；题材/行业热度一般：综合Ⅱ；板块内封板排序第4，不是日内前排；今日涨停家数尚可；今日炸板率偏高，次日溢价打折,前一交易日本行业涨停样本缺失；同股历史涨停溢价样本不足；龙虎榜未上榜或未匹配；仅可作为盘后缺失项；T+1行情缺失或未收盘：2026-09-09,AKShare/Eastmoney pools + local technical screener + local stock_personality_history/history detail + Eastmoney LHB
2026-09-08,2026-09-09,603618,杭电股份,炸板,0,8.522727012634277,40.11,40.66,6101635584.0,22.411027908325195,10:33:15,,1,-0.013526807673388985,电网设备,2,2,指数上涨,情绪混沌,,,0,6,3,3,3,可打但炸板/反包观察,可打但炸板/反包观察,中：需看集合竞价承接,待验证/行情缺失,,,,,,,,,,,,False,,,,,,股性偏强,5,4,0.8,5,4,0.8,0.032503910085477775,0.06521789153658859,0.8,4,0,0.0,0.0,0.032503910085477775,0.06521789153658859,,5,0.8,0.2,0.032503910085477775,0.031703385276733,0.06521789153658859,0.03254353080386245,,,5.55,10.87,18.53,炸板样本：不直接判错，单独看炸板质量；大环境：情绪混沌，需确认回暖还是回落；指数环境：指数上涨；首次封板偏晚，需要板块发酵、股性或大环境确认；首板/低板位溢价弹性需依赖题材和封板质量；炸板次数1次，可接受但需看承接；成交额较大，具备市场辨识度；题材/行业热度一般：电网设备；板块内封板排序第2，属于日内前排；炸板后收盘距涨停价较近，仍有反包观察价值；今日涨停家数尚可；今日炸板率偏高，次日溢价打折；三年股性偏强：涨停样本5，次日开盘有溢价率80.0%，均值3.3%；历史封板稳定性一般：涨停/炸板样本中未封住比例80.0%,,炸板样本：不直接判错，单独看炸板质量；大环境：情绪混沌，需确认回暖还是回落；指数环境：指数上涨；首次封板偏晚，需要板块发酵、股性或大环境确认；首板/低板位溢价弹性需依赖题材和封板质量；炸板次数1次，可接受但需看承接；成交额较大，具备市场辨识度；题材/行业热度一般：电网设备；板块内封板排序第2，属于日内前排；炸板后收盘距涨停价较近，仍有反包观察价值；今日涨停家数尚可；今日炸板率偏高，次日溢价打折；三年股性偏强：涨停样本5，次日开盘有溢价率80.0%，均值3.3%；历史封板稳定性一般：涨停/炸板样本中未封住比例80.0%,前一交易日本行业涨停样本缺失；龙虎榜未上榜或未匹配；仅可作为盘后缺失项；T+1行情缺失或未收盘：2026-09-09,AKShare/Eastmoney pools + local technical screener + local stock_personality_history/history detail + Eastmoney LHB
2026-09-08,2026-09-09,603779,威龙股份,炸板,0,4.3632073402404785,8.85,9.33,411934880.0,13.879007339477539,10:41:44,,1,-0.05144694533762062,非白酒,1,1,指数上涨,情绪混沌,,,0,5,3,3,3,炸板可接受/反包观察,炸板可接受/反包观察,中：需看集合竞价承接,待验证/行情缺失,,,,,,,,,,,,False,,,,,,样本不足,1,1,1.0,1,1,1.0,0.0027285129604364133,0.016371077762619368,1.0,1,0,0.0,0.0,0.0027285129604364133,0.016371077762619368,,1,1.0,0.0,0.0027285129604364133,0.0027285129604364133,0.016371077762619368,-0.006821282401091366,是,3.325071096420288,4.61,6.4,6.12,炸板样本：不直接判错，单独看炸板质量；大环境：情绪混沌，需确认回暖还是回落；指数环境：指数上涨；首次封板偏晚，需要板块发酵、股性或大环境确认；首板/低板位溢价弹性需依赖题材和封板质量；炸板次数1次，可接受但需看承接；换手处于可承接区间；题材/行业热度一般：非白酒；板块内封板排序第1，属于日内前排；图形新高或强势池新高；今日涨停家数尚可；今日炸板率偏高，次日溢价打折,,炸板样本：不直接判错，单独看炸板质量；大环境：情绪混沌，需确认回暖还是回落；指数环境：指数上涨；首次封板偏晚，需要板块发酵、股性或大环境确认；首板/低板位溢价弹性需依赖题材和封板质量；炸板次数1次，可接受但需看承接；换手处于可承接区间；题材/行业热度一般：非白酒；板块内封板排序第1，属于日内前排；图形新高或强势池新高；今日涨停家数尚可；今日炸板率偏高，次日溢价打折,前一交易日本行业涨停样本缺失；同股历史涨停溢价样本不足；龙虎榜未上榜或未匹配；仅可作为盘后缺失项；T+1行情缺失或未收盘：2026-09-09,AKShare/Eastmoney pools + local technical screener + local stock_personality_history/history detail + Eastmoney LHB
2026-09-08,2026-09-09,002696,百洋股份,炸板,0,7.3968706130981445,7.55,7.73,375435024.0,15.041958808898926,13:01:12,,4,-0.023285899094437346,饲料,2,2,指数上涨,情绪混沌,,,0,5,9,9,9,不能打板,不能打板,高：次日无溢价风险高,待验证/行情缺失,,,,,,,,,,,,False,,,,,,A杀血统高,3,3,1.0,3,3,1.0,0.01130323789497704,0.06449648615518651,1.0,3,1,0.3333333333333333,0.3333333333333333,0.01130323789497704,0.06449648615518651,禁止打板,3,0.3333333333333333,0.6666666666666666,0.01130323789497704,-0.015105740181268978,0.06449648615518651,-0.0014261898421162877,,,9.99,12.28,3.71,炸板样本：不直接判错，单独看炸板质量；大环境：情绪混沌，需确认回暖还是回落；指数环境：指数上涨；首次封板偏晚，需要板块发酵、股性或大环境确认；首板/低板位溢价弹性需依赖题材和封板质量；炸板次数4次，封板稳定性一般；换手处于可承接区间；题材/行业热度一般：饲料；板块内封板排序第2，属于日内前排；接近年/三年高点，图形有辨识度；炸板后收盘距涨停价较近，仍有反包观察价值；今日涨停家数尚可；今日炸板率偏高，次日溢价打折；三年股性偏弱：涨停样本3，次日开盘有溢价率33.3%，均值1.1%；历史封板稳定性一般：涨停/炸板样本中未封住比例100.0%；A杀血统指数偏高：历史炸板样本3，炸板后A杀率33.3%；历史炸板A杀率>30%，按股性记忆强制禁止打板,,炸板样本：不直接判错，单独看炸板质量；大环境：情绪混沌，需确认回暖还是回落；指数环境：指数上涨；首次封板偏晚，需要板块发酵、股性或大环境确认；首板/低板位溢价弹性需依赖题材和封板质量；炸板次数4次，封板稳定性一般；换手处于可承接区间；题材/行业热度一般：饲料；板块内封板排序第2，属于日内前排；接近年/三年高点，图形有辨识度；炸板后收盘距涨停价较近，仍有反包观察价值；今日涨停家数尚可；今日炸板率偏高，次日溢价打折；三年股性偏弱：涨停样本3，次日开盘有溢价率33.3%，均值1.1%；历史封板稳定性一般：涨停/炸板样本中未封住比例100.0%；A杀血统指数偏高：历史炸板样本3，炸板后A杀率33.3%；历史炸板A杀率>30%，按股性记忆强制禁止打板,前一交易日本行业涨停样本缺失；龙虎榜未上榜或未匹配；仅可作为盘后缺失项；T+1行情缺失或未收盘：2026-09-09,AKShare/Eastmoney pools + local technical screener + local stock_personality_history/history detail + Eastmoney LHB
2026-09-08,2026-09-09,603696,安记食品,炸板,3,6.370192050933838,17.7,18.3,1039811152.0,24.95035171508789,13:01:12,,2,-0.032786885245901676,调味发酵,1,1,指数上涨,情绪混沌,,,0,7,2,2,2,可打但炸板/反包观察,可打但炸板/反包观察,中：需看集合竞价承接,待验证/行情缺失,,,,,,,,,,,,False,,,,,,股性中性,7,4,0.5714285714285714,7,4,0.5714285714285714,0.021641544753038873,0.06877881524458271,0.5714285714285714,4,0,0.0,0.0,0.021641544753038873,0.06877881524458271,,7,0.5714285714285714,0.42857142857142855,0.021641544753038873,0.03439325113562619,0.06877881524458271,0.027083909857700022,是,3.0431222915649414,14.83,20.47,22.92,炸板样本：不直接判错，单独看炸板质量；大环境：情绪混沌，需确认回暖还是回落；指数环境：指数上涨；首次封板偏晚，需要板块发酵、股性或大环境确认；3板以上有辨识度；炸板次数2次，可接受但需看承接；题材/行业热度一般：调味发酵；板块内封板排序第1，属于日内前排；图形新高或强势池新高；今日涨停家数尚可；今日炸板率偏高，次日溢价打折；三年股性中性：涨停样本7，次日开盘有溢价率57.1%；历史封板稳定性一般：涨停/炸板样本中未封住比例57.1%,,炸板样本：不直接判错，单独看炸板质量；大环境：情绪混沌，需确认回暖还是回落；指数环境：指数上涨；首次封板偏晚，需要板块发酵、股性或大环境确认；3板以上有辨识度；炸板次数2次，可接受但需看承接；题材/行业热度一般：调味发酵；板块内封板排序第1，属于日内前排；图形新高或强势池新高；今日涨停家数尚可；今日炸板率偏高，次日溢价打折；三年股性中性：涨停样本7，次日开盘有溢价率57.1%；历史封板稳定性一般：涨停/炸板样本中未封住比例57.1%,前一交易日本行业涨停样本缺失；龙虎榜未上榜或未匹配；仅可作为盘后缺失项；T+1行情缺失或未收盘：2026-09-09,AKShare/Eastmoney pools + local technical screener + local stock_personality_history/history detail + Eastmoney LHB
2026-09-08,2026-09-09,600127,金健米业,炸板,2,9.312638282775879,14.79,14.88,4347812608.0,46.62273025512695,13:05:29,,7,-0.006048387096774355,农产品加,5,5,指数上涨,情绪混沌,,,0,6,6,4,4,可打但炸板/反包观察,可打但炸板/反包观察,高：次日无溢价风险高,待验证/行情缺失,,,,,,,,,,,,True,155907275.19,0.0,拉萨系:东方财富证券股份有限公司拉萨东环路第二证券营业部,0.10172240638883924,0.06586362214985375,股性偏强,5,4,0.8,5,4,0.8,0.007911069145471017,0.07636529059925827,0.8,4,0,0.0,0.0,0.007911069145471017,0.07636529059925827,,5,0.6,0.4,0.007911069145471017,0.004862236628849326,0.07636529059925827,0.0396923547666951,是,1.3592374324798584,12.57,19.93,11.71,炸板样本：不直接判错，单独看炸板质量；大环境：情绪混沌，需确认回暖还是回落；指数环境：指数上涨；首次封板偏晚，需要板块发酵、股性或大环境确认；2板承接优于普通首板；炸板次数7次，封板分歧大；换手过高，次日抛压风险上升；成交额较大，具备市场辨识度；所属行业在今日涨停/炸板热度前排：农产品加；板块内封板排序第5，不是日内前排；图形新高或强势池新高；炸板后收盘距涨停价较近，仍有反包观察价值；今日涨停家数尚可；今日炸板率偏高，次日溢价打折；三年股性偏强：涨停样本5，次日开盘有溢价率60.0%，均值0.8%；历史封板稳定性一般：涨停/炸板样本中未封住比例80.0%,盘后龙虎榜净买入1.56亿，可改善次日风险；关注席位上榜：拉萨系:东方财富证券股份有限公司拉萨东环路第二证券营业部,炸板样本：不直接判错，单独看炸板质量；大环境：情绪混沌，需确认回暖还是回落；指数环境：指数上涨；首次封板偏晚，需要板块发酵、股性或大环境确认；2板承接优于普通首板；炸板次数7次，封板分歧大；换手过高，次日抛压风险上升；成交额较大，具备市场辨识度；所属行业在今日涨停/炸板热度前排：农产品加；板块内封板排序第5，不是日内前排；图形新高或强势池新高；炸板后收盘距涨停价较近，仍有反包观察价值；今日涨停家数尚可；今日炸板率偏高，次日溢价打折；三年股性偏强：涨停样本5，次日开盘有溢价率60.0%，均值0.8%；历史封板稳定性一般：涨停/炸板样本中未封住比例80.0%,前一交易日本行业涨停样本缺失；T+1行情缺失或未收盘：2026-09-09,AKShare/Eastmoney pools + local technical screener + local stock_personality_history/history detail + Eastmoney LHB
2026-09-08,2026-09-09,600371,万向德农,炸板,2,5.043132305145264,15.83,16.58,1535853888.0,32.70140838623047,13:06:25,,3,-0.04523522316043416,种植业,5,5,指数上涨,情绪混沌,,,0,5,4,3,3,炸板可接受/反包观察,炸板可接受/反包观察,中：需看集合竞价承接,待验证/行情缺失,,,,,,,,,,,,True,601874.25,0.0,,0.0759475286078694,0.07579003610157432,股性偏强,7,3,0.42857142857142855,7,3,0.42857142857142855,0.06325656286617178,0.09604326934179665,0.42857142857142855,3,0,0.0,0.0,0.06325656286617178,0.09604326934179665,,7,1.0,0.0,0.06325656286617178,0.07249802994483856,0.09604326934179665,0.08330526487037239,是,1.2341722249984741,9.78,21.47,13.4,炸板样本：不直接判错，单独看炸板质量；大环境：情绪混沌，需确认回暖还是回落；指数环境：指数上涨；首次封板偏晚，需要板块发酵、股性或大环境确认；2板承接优于普通首板；炸板次数3次，封板稳定性一般；换手过高，次日抛压风险上升；所属行业在今日涨停/炸板热度前排：种植业；板块内封板排序第5，不是日内前排；图形新高或强势池新高；今日涨停家数尚可；今日炸板率偏高，次日溢价打折；三年股性偏强：涨停样本7，次日开盘有溢价率100.0%，均值6.3%,盘后龙虎榜净买入0.01亿，可改善次日风险,炸板样本：不直接判错，单独看炸板质量；大环境：情绪混沌，需确认回暖还是回落；指数环境：指数上涨；首次封板偏晚，需要板块发酵、股性或大环境确认；2板承接优于普通首板；炸板次数3次，封板稳定性一般；换手过高，次日抛压风险上升；所属行业在今日涨停/炸板热度前排：种植业；板块内封板排序第5，不是日内前排；图形新高或强势池新高；今日涨停家数尚可；今日炸板率偏高，次日溢价打折；三年股性偏强：涨停样本7，次日开盘有溢价率100.0%，均值6.3%,前一交易日本行业涨停样本缺失；T+1行情缺失或未收盘：2026-09-09,AKShare/Eastmoney pools + local technical screener + local stock_personality_history/history detail + Eastmoney LHB
2026-09-08,2026-09-09,600470,六国化工,炸板,0,8.482871055603027,6.65,6.74,578677264.0,16.895801544189453,13:07:07,,4,-0.013353115727002929,农化制品,9,9,指数上涨,情绪混沌,,,0,3,5,5,5,炸板失败/不能打,炸板失败/不能打,高：次日无溢价风险高,待验证/行情缺失,,,,,,,,,,,,False,,,,,,样本不足,1,1,1.0,1,1,1.0,-0.038785834738617075,0.05733558178752096,1.0,1,0,0.0,0.0,-0.038785834738617075,0.05733558178752096,,1,0.0,1.0,-0.038785834738617075,-0.038785834738617075,0.05733558178752096,0.021922428330522825,,,7.19,7.19,4.72,炸板样本：不直接判错，单独看炸板质量；大环境：情绪混沌，需确认回暖还是回落；指数环境：指数上涨；首次封板偏晚，需要板块发酵、股性或大环境确认；首板/低板位溢价弹性需依赖题材和封板质量；炸板次数4次，封板稳定性一般；换手处于可承接区间；所属行业在今日涨停/炸板热度前排：农化制品；板块内封板排序第9，不是日内前排；炸板后收盘距涨停价较近，仍有反包观察价值；今日涨停家数尚可；今日炸板率偏高，次日溢价打折,,炸板样本：不直接判错，单独看炸板质量；大环境：情绪混沌，需确认回暖还是回落；指数环境：指数上涨；首次封板偏晚，需要板块发酵、股性或大环境确认；首板/低板位溢价弹性需依赖题材和封板质量；炸板次数4次，封板稳定性一般；换手处于可承接区间；所属行业在今日涨停/炸板热度前排：农化制品；板块内封板排序第9，不是日内前排；炸板后收盘距涨停价较近，仍有反包观察价值；今日涨停家数尚可；今日炸板率偏高，次日溢价打折,前一交易日本行业涨停样本缺失；同股历史涨停溢价样本不足；龙虎榜未上榜或未匹配；仅可作为盘后缺失项；T+1行情缺失或未收盘：2026-09-09,AKShare/Eastmoney pools + local technical screener + local stock_personality_history/history detail + Eastmoney LHB
2026-09-08,2026-09-09,688660,电气风电,炸板,0,14.596671104431152,8.95,9.37,822062880.0,6.99626350402832,13:13:11,,5,-0.04482390608324438,风电设备,1,1,指数上涨,情绪混沌,,,0,3,4,4,4,炸板可接受/反包观察,炸板可接受/反包观察,高：次日无溢价风险高,待验证/行情缺失,,,,,,,,,,,,False,,,,,,样本不足,,,,,,,,,,,,,,,,,,,,,,,,,,11.12,14.35,16.69,炸板样本：不直接判错，单独看炸板质量；大环境：情绪混沌，需确认回暖还是回落；指数环境：指数上涨；首次封板偏晚，需要板块发酵、股性或大环境确认；首板/低板位溢价弹性需依赖题材和封板质量；炸板次数5次，封板稳定性一般；换手处于可承接区间；题材/行业热度一般：风电设备；板块内封板排序第1，属于日内前排；今日涨停家数尚可；今日炸板率偏高，次日溢价打折,,炸板样本：不直接判错，单独看炸板质量；大环境：情绪混沌，需确认回暖还是回落；指数环境：指数上涨；首次封板偏晚，需要板块发酵、股性或大环境确认；首板/低板位溢价弹性需依赖题材和封板质量；炸板次数5次，封板稳定性一般；换手处于可承接区间；题材/行业热度一般：风电设备；板块内封板排序第1，属于日内前排；今日涨停家数尚可；今日炸板率偏高，次日溢价打折,前一交易日本行业涨停样本缺失；同股历史涨停溢价样本不足；龙虎榜未上榜或未匹配；仅可作为盘后缺失项；T+1行情缺失或未收盘：2026-09-09,AKShare/Eastmoney pools + local technical screener + local stock_personality_history/history detail + Eastmoney LHB
2026-09-08,2026-09-09,688137,近岸蛋白,炸板,0,15.33214282989502,71.01,73.88,600218976.0,13.10478401184082,13:38:11,,1,-0.038846778559826656,生物制品,1,2,指数上涨,情绪混沌,,,0,4,3,3,3,炸板可接受/反包观察,炸板可接受/反包观察,中：需看集合竞价承接,待验证/行情缺失,,,,,,,,,,,,True,14890904.5,-7549683.07,,0.1014847041996338,0.07667558536134311,样本不足,2,0,0.0,2,0,0.0,0.0042911949428900975,0.10576037735928856,0.0,0,0,,,0.0042911949428900975,0.10576037735928856,,2,0.5,0.5,0.0042911949428900975,0.0042911949428900975,0.10576037735928856,0.05358799898346994,,,7.19,-0.33,-2.04,炸板样本：不直接判错，单独看炸板质量；大环境：情绪混沌，需确认回暖还是回落；指数环境：指数上涨；首次封板偏晚，需要板块发酵、股性或大环境确认；首板/低板位溢价弹性需依赖题材和封板质量；炸板次数1次，可接受但需看承接；换手处于可承接区间；题材/行业热度一般：生物制品；板块内封板排序第1，属于日内前排；今日涨停家数尚可；今日炸板率偏高，次日溢价打折,盘后龙虎榜净买入0.15亿，可改善次日风险；机构净卖出0.08亿,炸板样本：不直接判错，单独看炸板质量；大环境：情绪混沌，需确认回暖还是回落；指数环境：指数上涨；首次封板偏晚，需要板块发酵、股性或大环境确认；首板/低板位溢价弹性需依赖题材和封板质量；炸板次数1次，可接受但需看承接；换手处于可承接区间；题材/行业热度一般：生物制品；板块内封板排序第1，属于日内前排；今日涨停家数尚可；今日炸板率偏高，次日溢价打折,前一交易日本行业涨停样本缺失；同股历史涨停溢价样本不足；T+1行情缺失或未收盘：2026-09-09,AKShare/Eastmoney pools + local technical screener + local stock_personality_history/history detail + Eastmoney LHB
2026-09-08,2026-09-09,002370,亚太药业,炸板,0,6.481481552124023,5.75,5.94,323557424.0,7.5470380783081055,13:42:42,,1,-0.03198653198653201,化学制药,3,3,指数上涨,情绪混沌,,,0,4,3,3,3,炸板可接受/反包观察,炸板可接受/反包观察,中：需看集合竞价承接,待验证/行情缺失,,,,,,,,,,,,False,,,,,,样本不足,1,1,1.0,1,1,1.0,0.005163511187607606,0.05335628227194511,1.0,1,0,0.0,0.0,0.005163511187607606,0.05335628227194511,,1,1.0,0.0,0.005163511187607606,0.005163511187607606,0.05335628227194511,0.008605851979346157,,,5.08,4.55,4.55,炸板样本：不直接判错，单独看炸板质量；大环境：情绪混沌，需确认回暖还是回落；指数环境：指数上涨；首次封板偏晚，需要板块发酵、股性或大环境确认；首板/低板位溢价弹性需依赖题材和封板质量；炸板次数1次，可接受但需看承接；换手处于可承接区间；题材/行业热度一般：化学制药；板块内封板排序第3，属于日内前排；今日涨停家数尚可；今日炸板率偏高，次日溢价打折,,炸板样本：不直接判错，单独看炸板质量；大环境：情绪混沌，需确认回暖还是回落；指数环境：指数上涨；首次封板偏晚，需要板块发酵、股性或大环境确认；首板/低板位溢价弹性需依赖题材和封板质量；炸板次数1次，可接受但需看承接；换手处于可承接区间；题材/行业热度一般：化学制药；板块内封板排序第3，属于日内前排；今日涨停家数尚可；今日炸板率偏高，次日溢价打折,前一交易日本行业涨停样本缺失；同股历史涨停溢价样本不足；龙虎榜未上榜或未匹配；仅可作为盘后缺失项；T+1行情缺失或未收盘：2026-09-09,AKShare/Eastmoney pools + local technical screener + local stock_personality_history/history detail + Eastmoney LHB
2026-09-08,2026-09-09,600479,千金药业,炸板,0,6.854257106781006,14.81,15.25,1870186896.0,31.617530822753906,13:46:16,,3,-0.02885245901639344,中药Ⅱ,2,2,指数上涨,情绪混沌,,,0,4,10,10,10,不能打板,不能打板,高：次日无溢价风险高,待验证/行情缺失,,,,,,,,,,,,True,-62340811.61,0.0,拉萨系:东方财富证券股份有限公司拉萨东城区江苏大道证券营业部；拉萨系:东方财富证券股份有限公司拉萨金融城南环路证券营业部,0.05910804790009177,0.09244204874781561,A杀血统高,5,3,0.6,5,3,0.6,-0.00650773387325847,0.056257254763826835,0.6,3,1,0.3333333333333333,0.3333333333333333,-0.00650773387325847,0.056257254763826835,禁止打板,5,0.2,0.8,-0.00650773387325847,-0.026402640264026278,0.056257254763826835,0.0005251166302723265,是,1.1446131467819214,7.26,13.03,10.77,炸板样本：不直接判错，单独看炸板质量；大环境：情绪混沌，需确认回暖还是回落；指数环境：指数上涨；首次封板偏晚，需要板块发酵、股性或大环境确认；首板/低板位溢价弹性需依赖题材和封板质量；炸板次数3次，封板稳定性一般；换手过高，次日抛压风险上升；题材/行业热度一般：中药Ⅱ；板块内封板排序第2，属于日内前排；图形新高或强势池新高；炸板后收盘距涨停价较近，仍有反包观察价值；今日涨停家数尚可；今日炸板率偏高，次日溢价打折；三年股性偏弱：涨停样本5，次日开盘有溢价率20.0%，均值-0.7%；历史封板稳定性一般：涨停/炸板样本中未封住比例60.0%；A杀血统指数偏高：历史炸板样本3，炸板后A杀率33.3%；历史炸板A杀率>30%，按股性记忆强制禁止打板,盘后龙虎榜净卖出0.62亿，次日风险上升；关注席位上榜：拉萨系:东方财富证券股份有限公司拉萨东城区江苏大道证券营业部；拉萨系:东方财富证券股份有限公司拉萨金融城南环路证券营业部,炸板样本：不直接判错，单独看炸板质量；大环境：情绪混沌，需确认回暖还是回落；指数环境：指数上涨；首次封板偏晚，需要板块发酵、股性或大环境确认；首板/低板位溢价弹性需依赖题材和封板质量；炸板次数3次，封板稳定性一般；换手过高，次日抛压风险上升；题材/行业热度一般：中药Ⅱ；板块内封板排序第2，属于日内前排；图形新高或强势池新高；炸板后收盘距涨停价较近，仍有反包观察价值；今日涨停家数尚可；今日炸板率偏高，次日溢价打折；三年股性偏弱：涨停样本5，次日开盘有溢价率20.0%，均值-0.7%；历史封板稳定性一般：涨停/炸板样本中未封住比例60.0%；A杀血统指数偏高：历史炸板样本3，炸板后A杀率33.3%；历史炸板A杀率>30%，按股性记忆强制禁止打板,前一交易日本行业涨停样本缺失；T+1行情缺失或未收盘：2026-09-09,AKShare/Eastmoney pools + local technical screener + local stock_personality_history/history detail + Eastmoney LHB
2026-09-08,2026-09-09,600855,航天长峰,炸板,0,5.716523170471191,13.5,14.05,331601408.0,5.290106773376465,14:05:44,,1,-0.039145907473309705,军工电子,2,2,指数上涨,情绪混沌,,,0,4,3,3,3,炸板可接受/反包观察,炸板可接受/反包观察,中：需看集合竞价承接,待验证/行情缺失,,,,,,,,,,,,False,,,,,,样本不足,,,,,,,,,,,,,,,,,,,,,,,,,,3.69,6.51,6.64,炸板样本：不直接判错，单独看炸板质量；大环境：情绪混沌，需确认回暖还是回落；指数环境：指数上涨；首次封板偏晚，需要板块发酵、股性或大环境确认；首板/低板位溢价弹性需依赖题材和封板质量；炸板次数1次，可接受但需看承接；换手处于可承接区间；题材/行业热度一般：军工电子；板块内封板排序第2，属于日内前排；今日涨停家数尚可；今日炸板率偏高，次日溢价打折,,炸板样本：不直接判错，单独看炸板质量；大环境：情绪混沌，需确认回暖还是回落；指数环境：指数上涨；首次封板偏晚，需要板块发酵、股性或大环境确认；首板/低板位溢价弹性需依赖题材和封板质量；炸板次数1次，可接受但需看承接；换手处于可承接区间；题材/行业热度一般：军工电子；板块内封板排序第2，属于日内前排；今日涨停家数尚可；今日炸板率偏高，次日溢价打折,前一交易日本行业涨停样本缺失；同股历史涨停溢价样本不足；龙虎榜未上榜或未匹配；仅可作为盘后缺失项；T+1行情缺失或未收盘：2026-09-09,AKShare/Eastmoney pools + local technical screener + local stock_personality_history/history detail + Eastmoney LHB
2026-09-08,2026-09-09,002483,润邦股份,炸板,2,6.478404998779297,6.41,6.62,619360592.0,11.019668579101562,14:12:21,,1,-0.031722054380664666,专用设备,1,2,指数上涨,情绪混沌,,,0,8,1,1,1,可打但炸板/反包观察,可打但炸板/反包观察,低/可控,待验证/行情缺失,,,,,,,,,,,,False,,,,,,股性偏强,3,1,0.3333333333333333,3,1,0.3333333333333333,0.03320718378352353,0.06104867831864802,0.3333333333333333,1,0,0.0,0.0,0.03320718378352353,0.06104867831864802,,3,0.6666666666666666,0.3333333333333333,0.03320718378352353,0.02657807308970095,0.06104867831864802,0.007681640907121201,是,5.4120774269104,10.98,14.75,16.76,炸板样本：不直接判错，单独看炸板质量；大环境：情绪混沌，需确认回暖还是回落；指数环境：指数上涨；首次封板偏晚，需要板块发酵、股性或大环境确认；2板承接优于普通首板；炸板次数1次，可接受但需看承接；换手处于可承接区间；题材/行业热度一般：专用设备；板块内封板排序第1，属于日内前排；图形新高或强势池新高；今日涨停家数尚可；今日炸板率偏高，次日溢价打折；三年股性偏强：涨停样本3，次日开盘有溢价率66.7%，均值3.3%,,炸板样本：不直接判错，单独看炸板质量；大环境：情绪混沌，需确认回暖还是回落；指数环境：指数上涨；首次封板偏晚，需要板块发酵、股性或大环境确认；2板承接优于普通首板；炸板次数1次，可接受但需看承接；换手处于可承接区间；题材/行业热度一般：专用设备；板块内封板排序第1，属于日内前排；图形新高或强势池新高；今日涨停家数尚可；今日炸板率偏高，次日溢价打折；三年股性偏强：涨停样本3，次日开盘有溢价率66.7%，均值3.3%,前一交易日本行业涨停样本缺失；龙虎榜未上榜或未匹配；仅可作为盘后缺失项；T+1行情缺失或未收盘：2026-09-09,AKShare/Eastmoney pools + local technical screener + local stock_personality_history/history detail + Eastmoney LHB
2026-09-08,2026-09-09,003002,壶化股份,炸板,0,9.034090995788574,19.19,19.36,359407552.0,10.544825553894043,14:12:36,,2,-0.008780991735537147,化学制品,4,4,指数上涨,情绪混沌,,,0,3,5,5,5,炸板失败/不能打,炸板失败/不能打,高：次日无溢价风险高,待验证/行情缺失,,,,,,,,,,,,False,,,,,,样本不足,1,1,1.0,1,1,1.0,-0.014705882352941013,0.018099547511312153,1.0,1,0,0.0,0.0,-0.014705882352941013,0.018099547511312153,,1,0.0,1.0,-0.014705882352941013,-0.014705882352941013,0.018099547511312153,-0.004524886877827927,,,9.18,12.29,14.16,炸板样本：不直接判错，单独看炸板质量；大环境：情绪混沌，需确认回暖还是回落；指数环境：指数上涨；首次封板偏晚，需要板块发酵、股性或大环境确认；首板/低板位溢价弹性需依赖题材和封板质量；炸板次数2次，可接受但需看承接；换手处于可承接区间；题材/行业热度一般：化学制品；板块内封板排序第4，不是日内前排；炸板后收盘距涨停价较近，仍有反包观察价值；今日涨停家数尚可；今日炸板率偏高，次日溢价打折,,炸板样本：不直接判错，单独看炸板质量；大环境：情绪混沌，需确认回暖还是回落；指数环境：指数上涨；首次封板偏晚，需要板块发酵、股性或大环境确认；首板/低板位溢价弹性需依赖题材和封板质量；炸板次数2次，可接受但需看承接；换手处于可承接区间；题材/行业热度一般：化学制品；板块内封板排序第4，不是日内前排；炸板后收盘距涨停价较近，仍有反包观察价值；今日涨停家数尚可；今日炸板率偏高，次日溢价打折,前一交易日本行业涨停样本缺失；同股历史涨停溢价样本不足；龙虎榜未上榜或未匹配；仅可作为盘后缺失项；T+1行情缺失或未收盘：2026-09-09,AKShare/Eastmoney pools + local technical screener + local stock_personality_history/history detail + Eastmoney LHB
2026-09-08,2026-09-09,600815,厦工股份,炸板,0,3.9800994396209717,4.18,4.42,690316544.0,9.143577575683594,14:30:43,,1,-0.05429864253393668,工程机械,1,1,指数上涨,情绪混沌,,,0,4,4,4,4,炸板可接受/反包观察,炸板可接受/反包观察,高：次日无溢价风险高,待验证/行情缺失,,,,,,,,,,,,False,,,,,,股性偏弱,3,1,0.3333333333333333,3,1,0.3333333333333333,-0.0010076229043224731,0.06520792185798456,0.3333333333333333,1,0,0.0,0.0,-0.0010076229043224731,0.06520792185798456,,3,0.3333333333333333,0.6666666666666666,-0.0010076229043224731,-0.01939058171745145,0.06520792185798456,0.03601142969827209,,,1.26,-0.71,-8.53,炸板样本：不直接判错，单独看炸板质量；大环境：情绪混沌，需确认回暖还是回落；指数环境：指数上涨；首次封板偏晚，需要板块发酵、股性或大环境确认；首板/低板位溢价弹性需依赖题材和封板质量；炸板次数1次，可接受但需看承接；换手处于可承接区间；题材/行业热度一般：工程机械；板块内封板排序第1，属于日内前排；今日涨停家数尚可；今日炸板率偏高，次日溢价打折；三年股性偏弱：涨停样本3，次日开盘有溢价率33.3%，均值-0.1%,,炸板样本：不直接判错，单独看炸板质量；大环境：情绪混沌，需确认回暖还是回落；指数环境：指数上涨；首次封板偏晚，需要板块发酵、股性或大环境确认；首板/低板位溢价弹性需依赖题材和封板质量；炸板次数1次，可接受但需看承接；换手处于可承接区间；题材/行业热度一般：工程机械；板块内封板排序第1，属于日内前排；今日涨停家数尚可；今日炸板率偏高，次日溢价打折；三年股性偏弱：涨停样本3，次日开盘有溢价率33.3%，均值-0.1%,前一交易日本行业涨停样本缺失；龙虎榜未上榜或未匹配；仅可作为盘后缺失项；T+1行情缺失或未收盘：2026-09-09,AKShare/Eastmoney pools + local technical screener + local stock_personality_history/history detail + Eastmoney LHB
2026-09-08,2026-09-09,000852,石化机械,炸板,0,6.914893627166748,6.03,6.2,378909376.0,6.704615592956543,14:39:30,,2,-0.02741935483870972,专用设备,2,2,指数上涨,情绪混沌,,,0,6,6,6,6,可打但炸板/反包观察,可打但炸板/反包观察,高：次日无溢价风险高,待验证/行情缺失,,,,,,,,,,,,False,,,,,,A杀血统高,1,1,1.0,1,1,1.0,-0.05775577557755773,-0.04455445544554448,1.0,1,1,1.0,1.0,-0.05775577557755773,-0.04455445544554448,谨慎可打,1,0.0,1.0,-0.05775577557755773,-0.05775577557755773,-0.04455445544554448,-0.07920792079207917,是,1.5097366571426392,4.36,7.2,9.44,炸板样本：不直接判错，单独看炸板质量；大环境：情绪混沌，需确认回暖还是回落；指数环境：指数上涨；首次封板偏晚，需要板块发酵、股性或大环境确认；首板/低板位溢价弹性需依赖题材和封板质量；炸板次数2次，可接受但需看承接；换手处于可承接区间；题材/行业热度一般：专用设备；板块内封板排序第2，属于日内前排；图形新高或强势池新高；炸板后收盘距涨停价较近，仍有反包观察价值；今日涨停家数尚可；今日炸板率偏高，次日溢价打折；A杀血统指数偏高：历史炸板样本1，炸板后A杀率100.0%；A杀血统样本较少，强制退出严格可以打板名单,,炸板样本：不直接判错，单独看炸板质量；大环境：情绪混沌，需确认回暖还是回落；指数环境：指数上涨；首次封板偏晚，需要板块发酵、股性或大环境确认；首板/低板位溢价弹性需依赖题材和封板质量；炸板次数2次，可接受但需看承接；换手处于可承接区间；题材/行业热度一般：专用设备；板块内封板排序第2，属于日内前排；图形新高或强势池新高；炸板后收盘距涨停价较近，仍有反包观察价值；今日涨停家数尚可；今日炸板率偏高，次日溢价打折；A杀血统指数偏高：历史炸板样本1，炸板后A杀率100.0%；A杀血统样本较少，强制退出严格可以打板名单,前一交易日本行业涨停样本缺失；同股历史涨停溢价样本不足；龙虎榜未上榜或未匹配；仅可作为盘后缺失项；T+1行情缺失或未收盘：2026-09-09,AKShare/Eastmoney pools + local technical screener + local stock_personality_history/history detail + Eastmoney LHB
