trade_date,next_trade_date,code,name,pool_type,board,pct_chg,close,limit_price,amount,turnover,first_seal_time,last_seal_time,break_count,close_vs_limit,industry,industry_board_rank,industry_limitup_count_today,market_index_trend,emotion_stage,prev_industry_open_good_rate,prev_industry_close_good_rate,prev_industry_sample_count,action_score,signal_risk_score,postclose_risk_score,risk_score,board_action_quality,broken_board_quality,next_day_premium_risk,realized_label,next_open,next_high,next_close,outcome_source,open_premium,high_premium,close_return,net_open_return,low_open,rushed_high,continued_limit_up,lhb_listed,lhb_net_buy,institution_net,tracked_seats,buy_concentration,sell_concentration,stock_personality_tag,hist_limitup_count_3y,hist_failed_seal_count_3y,hist_failed_seal_rate_3y,hist_limitup_count_1y,hist_failed_seal_count_1y,hist_broken_board_rate_1y,hist_open_premium_mean_1y,hist_high_premium_mean_1y,hist_broken_board_rate_3y,hist_broken_sample_count_3y,hist_broken_a_kill_count_3y,hist_broken_a_kill_rate_3y,hist_a_kill_bloodline_index,hist_open_premium_mean_3y,hist_high_premium_mean_3y,personality_forced_downgrade,hist_n,hist_open_win_rate,hist_no_premium_rate,hist_avg_open,hist_median_open,hist_avg_high,hist_avg_close,strong_is_new_high,strong_volume_ratio,tech_ma5_dev,tech_ma10_dev,tech_gain5,signal_decision_reason,postclose_risk_reason,decision_reason,data_gaps,data_lineage
2026-09-07,2026-09-08,002702,海欣食品,涨停,2,9.98217487335205,6.17,,58517144.0,2.067415714263916,09:25:00,09:25:00,0,,食品加工,1,3,指数下跌,情绪上升,,,0,11,-1,-1,-1,可以打板,,低/可控,实际有溢价,6.79,6.79,6.79,D:\codex\outputs\a_share_technical_screener\2026-09-08\raw_spot_sina.csv,0.10048622366288495,0.10048622366288495,0.10048622366288495,0.09848622366288495,False,True,True,True,68227660.5,-219552.5,,0.35347522819275556,0.07777227888933208,样本不足,2,0,0.0,2,0,0.0,0.02055864671963742,0.07521451716498162,0.0,0,0,,,0.02055864671963742,0.07521451716498162,,2,0.5,0.5,0.02055864671963742,0.02055864671963742,0.07521451716498162,0.05800803943218802,是,0.3713322877883911,12.67,17.1,20.04,收盘封住涨停；大环境：情绪上升，允许适度提高进攻仓位；指数环境：指数下跌；首次封板在10:30前，只作为前排证据之一；2板承接优于普通首板；未炸板；成交额过低，容量和滑点风险高；题材/行业热度一般：食品加工；板块内封板排序第1，属于日内前排；图形新高或强势池新高；今日涨停家数尚可；今日炸板率不高，封板环境较好,盘后龙虎榜净买入0.68亿，可改善次日风险；机构净卖出0.00亿,收盘封住涨停；大环境：情绪上升，允许适度提高进攻仓位；指数环境：指数下跌；首次封板在10:30前，只作为前排证据之一；2板承接优于普通首板；未炸板；成交额过低，容量和滑点风险高；题材/行业热度一般：食品加工；板块内封板排序第1，属于日内前排；图形新高或强势池新高；今日涨停家数尚可；今日炸板率不高，封板环境较好,前一交易日本行业涨停样本缺失；同股历史涨停溢价样本不足,AKShare/Eastmoney pools + local technical screener + local stock_personality_history/history detail + Eastmoney LHB
2026-09-07,2026-09-08,002881,美格智能,涨停,1,9.99284553527832,46.12,,140164214.0,1.6585546731948853,09:25:00,09:25:00,0,,通信设备,1,8,指数下跌,情绪上升,,,0,11,-2,-2,-2,可以打板,,低/可控,实际无溢价,46.12,47.99,47.51,D:\codex\outputs\a_share_technical_screener\2026-09-08\raw_spot_sina.csv,0.0,0.0405464006938423,0.03013876843018215,-0.002,False,True,False,False,,,,,,样本不足,1,1,1.0,1,1,1.0,0.0013363028953230494,0.02093541202672622,1.0,1,0,0.0,0.0,0.0013363028953230494,0.02093541202672622,,1,1.0,0.0,0.0013363028953230494,0.0013363028953230494,0.02093541202672622,-0.0033407572383072903,是,0.2416863590478897,4.95,7.91,2.72,收盘封住涨停；大环境：情绪上升，允许适度提高进攻仓位；指数环境：指数下跌；首次封板在10:30前，只作为前排证据之一；首板/低板位溢价弹性需依赖题材和封板质量；未炸板；所属行业在今日涨停/炸板热度前排：通信设备；板块内封板排序第1，属于日内前排；图形新高或强势池新高；今日涨停家数尚可；今日炸板率不高，封板环境较好,,收盘封住涨停；大环境：情绪上升，允许适度提高进攻仓位；指数环境：指数下跌；首次封板在10:30前，只作为前排证据之一；首板/低板位溢价弹性需依赖题材和封板质量；未炸板；所属行业在今日涨停/炸板热度前排：通信设备；板块内封板排序第1，属于日内前排；图形新高或强势池新高；今日涨停家数尚可；今日炸板率不高，封板环境较好,前一交易日本行业涨停样本缺失；同股历史涨停溢价样本不足；龙虎榜未上榜或未匹配；仅可作为盘后缺失项,AKShare/Eastmoney pools + local technical screener + local stock_personality_history/history detail + Eastmoney LHB
2026-09-07,2026-09-08,600108,亚盛集团,涨停,3,10.091742515563965,4.8,,101633170.0,1.0875449180603027,09:25:02,09:25:02,0,,种植业,1,5,指数下跌,情绪上升,,,0,15,-4,-4,-4,可以打板,,低/可控,实际有溢价,5.28,5.28,5.28,D:\codex\outputs\a_share_technical_screener\2026-09-08\raw_spot_sina.csv,0.10000000000000009,0.10000000000000009,0.10000000000000009,0.09800000000000009,False,True,True,True,27393600.0,-1529280.0,,0.3411893971230062,0.07165534637953337,股性偏强,3,2,0.6666666666666666,3,2,0.6666666666666666,0.036124312882722664,0.07612751955259596,0.6666666666666666,2,0,0.0,0.0,0.036124312882722664,0.07612751955259596,,3,0.6666666666666666,0.3333333333333333,0.036124312882722664,0.010101010101010166,0.07612751955259596,0.06995468004642309,是,0.0896313339471817,16.28,23.9,29.73,收盘封住涨停；大环境：情绪上升，允许适度提高进攻仓位；指数环境：指数下跌；首次封板在10:30前，只作为前排证据之一；3板以上有辨识度；未炸板；所属行业在今日涨停/炸板热度前排：种植业；板块内封板排序第1，属于日内前排；图形新高或强势池新高；今日涨停家数尚可；今日炸板率不高，封板环境较好；三年股性偏强：涨停样本3，次日开盘有溢价率66.7%，均值3.6%；历史封板稳定性一般：涨停/炸板样本中未封住比例66.7%,盘后龙虎榜净买入0.27亿，可改善次日风险；机构净卖出0.02亿,收盘封住涨停；大环境：情绪上升，允许适度提高进攻仓位；指数环境：指数下跌；首次封板在10:30前，只作为前排证据之一；3板以上有辨识度；未炸板；所属行业在今日涨停/炸板热度前排：种植业；板块内封板排序第1，属于日内前排；图形新高或强势池新高；今日涨停家数尚可；今日炸板率不高，封板环境较好；三年股性偏强：涨停样本3，次日开盘有溢价率66.7%，均值3.6%；历史封板稳定性一般：涨停/炸板样本中未封住比例66.7%,前一交易日本行业涨停样本缺失,AKShare/Eastmoney pools + local technical screener + local stock_personality_history/history detail + Eastmoney LHB
2026-09-07,2026-09-08,001296,长江材料,涨停,1,10.0,22.0,,123925208.0,6.9557576179504395,09:30:00,09:30:00,0,,非金属材,1,2,指数下跌,情绪上升,,,0,10,-1,-1,-1,可以打板,,低/可控,实际有溢价,22.19,22.68,21.38,D:\codex\outputs\a_share_technical_screener\2026-09-08\raw_spot_sina.csv,0.008636363636363775,0.030909090909090997,-0.028181818181818197,0.006636363636363775,False,True,False,False,,,,,,样本不足,1,1,1.0,1,1,1.0,-0.0030090270812438424,0.0651955867602807,1.0,1,0,0.0,0.0,-0.0030090270812438424,0.0651955867602807,,1,0.0,1.0,-0.0030090270812438424,-0.0030090270812438424,0.0651955867602807,0.010030090270812364,,,6.87,8.53,5.57,收盘封住涨停；大环境：情绪上升，允许适度提高进攻仓位；指数环境：指数下跌；首次封板在10:30前，只作为前排证据之一；首板/低板位溢价弹性需依赖题材和封板质量；未炸板；换手处于可承接区间；题材/行业热度一般：非金属材；板块内封板排序第1，属于日内前排；今日涨停家数尚可；今日炸板率不高，封板环境较好,,收盘封住涨停；大环境：情绪上升，允许适度提高进攻仓位；指数环境：指数下跌；首次封板在10:30前，只作为前排证据之一；首板/低板位溢价弹性需依赖题材和封板质量；未炸板；换手处于可承接区间；题材/行业热度一般：非金属材；板块内封板排序第1，属于日内前排；今日涨停家数尚可；今日炸板率不高，封板环境较好,前一交易日本行业涨停样本缺失；同股历史涨停溢价样本不足；龙虎榜未上榜或未匹配；仅可作为盘后缺失项,AKShare/Eastmoney pools + local technical screener + local stock_personality_history/history detail + Eastmoney LHB
2026-09-07,2026-09-08,001366,播恩集团,涨停,2,10.027854919433594,15.8,,88316740.0,3.4794199466705322,09:30:00,09:30:00,0,,饲料,1,2,指数下跌,情绪上升,,,0,12,-1,-3,-3,可以打板,,低/可控,实际有溢价,17.38,17.38,16.38,D:\codex\outputs\a_share_technical_screener\2026-09-08\raw_spot_sina.csv,0.09999999999999987,0.09999999999999987,0.036708860759493644,0.09799999999999986,False,True,False,True,64019668.52,5568880.52,,0.28978772586705664,0.1060627996500454,样本不足,2,0,0.0,2,0,0.0,0.05082556910959557,0.05496686197291334,0.0,0,0,,,0.05082556910959557,0.05496686197291334,,2,1.0,0.0,0.05082556910959557,0.05082556910959557,0.05496686197291334,0.0001392757660167443,是,0.4980718493461609,11.44,17.47,22.29,收盘封住涨停；大环境：情绪上升，允许适度提高进攻仓位；指数环境：指数下跌；首次封板在10:30前，只作为前排证据之一；2板承接优于普通首板；未炸板；换手处于可承接区间；成交额过低，容量和滑点风险高；题材/行业热度一般：饲料；板块内封板排序第1，属于日内前排；图形新高或强势池新高；今日涨停家数尚可；今日炸板率不高，封板环境较好,盘后龙虎榜净买入0.64亿，可改善次日风险；机构净买入0.06亿,收盘封住涨停；大环境：情绪上升，允许适度提高进攻仓位；指数环境：指数下跌；首次封板在10:30前，只作为前排证据之一；2板承接优于普通首板；未炸板；换手处于可承接区间；成交额过低，容量和滑点风险高；题材/行业热度一般：饲料；板块内封板排序第1，属于日内前排；图形新高或强势池新高；今日涨停家数尚可；今日炸板率不高，封板环境较好,前一交易日本行业涨停样本缺失；同股历史涨停溢价样本不足,AKShare/Eastmoney pools + local technical screener + local stock_personality_history/history detail + Eastmoney LHB
2026-09-07,2026-09-08,600865,百大集团,涨停,3,10.044053077697754,12.49,,220018385.0,4.684093952178955,09:30:01,09:30:01,0,,一般零售,1,6,指数下跌,情绪上升,,,0,15,-3,-3,-3,可以打板,,低/可控,实际有溢价,13.74,13.74,13.74,D:\codex\outputs\a_share_technical_screener\2026-09-08\raw_spot_sina.csv,0.10008006405124092,0.10008006405124092,0.10008006405124092,0.09808006405124092,False,True,True,True,58706907.0,-2709081.0,,0.3756450989311643,0.10881781992900275,样本不足,2,2,1.0,2,2,1.0,0.03674230782365201,0.1001233650923744,1.0,2,0,0.0,0.0,0.03674230782365201,0.1001233650923744,,2,0.5,0.5,0.03674230782365201,0.03674230782365201,0.1001233650923744,0.1001233650923744,是,0.6609388589859009,17.28,27.2,36.95,收盘封住涨停；大环境：情绪上升，允许适度提高进攻仓位；指数环境：指数下跌；首次封板在10:30前，只作为前排证据之一；3板以上有辨识度；未炸板；换手处于可承接区间；所属行业在今日涨停/炸板热度前排：一般零售；板块内封板排序第1，属于日内前排；图形新高或强势池新高；5日涨幅过高，次日兑现风险；今日涨停家数尚可；今日炸板率不高，封板环境较好,盘后龙虎榜净买入0.59亿，可改善次日风险；机构净卖出0.03亿,收盘封住涨停；大环境：情绪上升，允许适度提高进攻仓位；指数环境：指数下跌；首次封板在10:30前，只作为前排证据之一；3板以上有辨识度；未炸板；换手处于可承接区间；所属行业在今日涨停/炸板热度前排：一般零售；板块内封板排序第1，属于日内前排；图形新高或强势池新高；5日涨幅过高，次日兑现风险；今日涨停家数尚可；今日炸板率不高，封板环境较好,前一交易日本行业涨停样本缺失；同股历史涨停溢价样本不足,AKShare/Eastmoney pools + local technical screener + local stock_personality_history/history detail + Eastmoney LHB
2026-09-07,2026-09-08,603083,剑桥科技,涨停,1,10.001592636108398,207.21,,3544718640.0,6.2256340980529785,09:30:01,09:33:52,1,,通信设备,2,8,指数下跌,情绪上升,,,0,10,-1,-1,-1,可以打板,,低/可控,实际有溢价,215.0,227.83,222.3,D:\codex\outputs\a_share_technical_screener\2026-09-08\raw_spot_sina.csv,0.03759471067998654,0.09951257178707595,0.07282467062400455,0.03559471067998654,False,True,False,False,,,,,,样本不足,2,0,0.0,2,0,0.0,-0.04416890481121366,0.03876454139093677,0.0,0,0,,,-0.04416890481121366,0.03876454139093677,,2,0.5,0.5,-0.04416890481121366,-0.04416890481121366,0.03876454139093677,0.022207708565027406,,,9.47,9.7,10.45,收盘封住涨停；大环境：情绪上升，允许适度提高进攻仓位；指数环境：指数下跌；首次封板在10:30前，只作为前排证据之一；首板/低板位溢价弹性需依赖题材和封板质量；炸板次数1次，可接受但需看承接；换手处于可承接区间；成交额较大，具备市场辨识度；所属行业在今日涨停/炸板热度前排：通信设备；板块内封板排序第2，属于日内前排；今日涨停家数尚可；今日炸板率不高，封板环境较好,,收盘封住涨停；大环境：情绪上升，允许适度提高进攻仓位；指数环境：指数下跌；首次封板在10:30前，只作为前排证据之一；首板/低板位溢价弹性需依赖题材和封板质量；炸板次数1次，可接受但需看承接；换手处于可承接区间；成交额较大，具备市场辨识度；所属行业在今日涨停/炸板热度前排：通信设备；板块内封板排序第2，属于日内前排；今日涨停家数尚可；今日炸板率不高，封板环境较好,前一交易日本行业涨停样本缺失；同股历史涨停溢价样本不足；龙虎榜未上榜或未匹配；仅可作为盘后缺失项,AKShare/Eastmoney pools + local technical screener + local stock_personality_history/history detail + Eastmoney LHB
2026-09-07,2026-09-08,000735,罗 牛 山,涨停,2,9.95106029510498,6.74,,345449520.0,4.458078384399414,09:30:09,09:30:09,0,,养殖业,1,1,指数下跌,情绪上升,,,0,13,-2,-5,-5,可以打板,,低/可控,实际无溢价,6.65,7.31,6.81,D:\codex\outputs\a_share_technical_screener\2026-09-08\raw_spot_sina.csv,-0.013353115727002929,0.08456973293768533,0.010385756676557722,-0.015353115727002929,True,True,False,True,140809114.37,26210723.37,拉萨系:东方财富证券股份有限公司拉萨团结路第一证券营业部,0.23781962806588167,0.08138646262090557,样本不足,1,0,0.0,1,0,0.0,0.09787928221859721,0.09951060358890707,0.0,0,0,,,0.09787928221859721,0.09951060358890707,,1,1.0,0.0,0.09787928221859721,0.09787928221859721,0.09951060358890707,0.09951060358890707,是,0.8779906630516052,12.3,15.55,18.45,收盘封住涨停；大环境：情绪上升，允许适度提高进攻仓位；指数环境：指数下跌；首次封板在10:30前，只作为前排证据之一；2板承接优于普通首板；未炸板；换手处于可承接区间；题材/行业热度一般：养殖业；板块内封板排序第1，属于日内前排；图形新高或强势池新高；今日涨停家数尚可；今日炸板率不高，封板环境较好,盘后龙虎榜净买入1.41亿，可改善次日风险；机构净买入0.26亿；关注席位上榜：拉萨系:东方财富证券股份有限公司拉萨团结路第一证券营业部,收盘封住涨停；大环境：情绪上升，允许适度提高进攻仓位；指数环境：指数下跌；首次封板在10:30前，只作为前排证据之一；2板承接优于普通首板；未炸板；换手处于可承接区间；题材/行业热度一般：养殖业；板块内封板排序第1，属于日内前排；图形新高或强势池新高；今日涨停家数尚可；今日炸板率不高，封板环境较好,前一交易日本行业涨停样本缺失；同股历史涨停溢价样本不足,AKShare/Eastmoney pools + local technical screener + local stock_personality_history/history detail + Eastmoney LHB
2026-09-07,2026-09-08,603696,安记食品,涨停,2,9.980172157287598,16.64,,255149129.0,6.558530807495117,09:30:43,09:31:55,1,,调味发酵,1,1,指数下跌,情绪上升,,,0,10,0,-1,-1,可以打板,,低/可控,实际有溢价,17.33,18.3,17.7,D:\codex\outputs\a_share_technical_screener\2026-09-08\raw_spot_sina.csv,0.041466346153846034,0.09975961538461542,0.0637019230769229,0.03946634615384603,False,True,False,True,77396653.91,0.0,,0.17509575931833798,0.07200313648756132,股性中性,6,3,0.5,6,3,0.5,0.01833741118623768,0.06361534855457725,0.5,3,0,0.0,0.0,0.01833741118623768,0.06361534855457725,,6,0.5,0.5,0.01833741118623768,0.014000602840540388,0.06361534855457725,0.02098090765449621,否,0.795167863368988,12.78,16.73,19.2,收盘封住涨停；大环境：情绪上升，允许适度提高进攻仓位；指数环境：指数下跌；首次封板在10:30前，只作为前排证据之一；2板承接优于普通首板；炸板次数1次，可接受但需看承接；换手处于可承接区间；题材/行业热度一般：调味发酵；板块内封板排序第1，属于日内前排；今日涨停家数尚可；今日炸板率不高，封板环境较好；三年股性中性：涨停样本6，次日开盘有溢价率50.0%；历史封板稳定性一般：涨停/炸板样本中未封住比例50.0%,盘后龙虎榜净买入0.77亿，可改善次日风险,收盘封住涨停；大环境：情绪上升，允许适度提高进攻仓位；指数环境：指数下跌；首次封板在10:30前，只作为前排证据之一；2板承接优于普通首板；炸板次数1次，可接受但需看承接；换手处于可承接区间；题材/行业热度一般：调味发酵；板块内封板排序第1，属于日内前排；今日涨停家数尚可；今日炸板率不高，封板环境较好；三年股性中性：涨停样本6，次日开盘有溢价率50.0%；历史封板稳定性一般：涨停/炸板样本中未封住比例50.0%,前一交易日本行业涨停样本缺失,AKShare/Eastmoney pools + local technical screener + local stock_personality_history/history detail + Eastmoney LHB
2026-09-07,2026-09-08,605577,龙版传媒,涨停,6,10.03215503692627,17.11,,250953708.0,3.338653564453125,09:30:47,09:30:47,0,,出版,1,3,指数下跌,情绪上升,,,0,15,-2,-4,-4,可以打板,,低/可控,实际有溢价,18.18,18.82,18.67,D:\codex\outputs\a_share_technical_screener\2026-09-08\raw_spot_sina.csv,0.06253652834599643,0.09994155464640575,0.09117475160724742,0.06053652834599643,False,True,False,True,11909479.0,0.0,拉萨系:东方财富证券股份有限公司拉萨东环路第一证券营业部；拉萨系:东方财富证券股份有限公司拉萨金融城南环路证券营业部,0.08222570577764513,0.06626135834424829,股性偏强,5,3,0.6,5,3,0.6,0.033745466167685034,0.10008213439898013,0.6,3,0,0.0,0.0,0.033745466167685034,0.10008213439898013,,5,1.0,0.0,0.033745466167685034,0.014554794520547976,0.10008213439898013,0.10008213439898013,是,0.5041799545288086,19.94,41.59,61.11,收盘封住涨停；大环境：情绪上升，允许适度提高进攻仓位；指数环境：指数下跌；首次封板在10:30前，只作为前排证据之一；3板以上有辨识度；未炸板；换手处于可承接区间；题材/行业热度一般：出版；板块内封板排序第1，属于日内前排；图形新高或强势池新高；5日涨幅过高，次日兑现风险；今日涨停家数尚可；今日炸板率不高，封板环境较好；三年股性偏强：涨停样本5，次日开盘有溢价率100.0%，均值3.4%；历史封板稳定性一般：涨停/炸板样本中未封住比例60.0%,盘后龙虎榜净买入0.12亿，可改善次日风险；关注席位上榜：拉萨系:东方财富证券股份有限公司拉萨东环路第一证券营业部；拉萨系:东方财富证券股份有限公司拉萨金融城南环路证券营业部,收盘封住涨停；大环境：情绪上升，允许适度提高进攻仓位；指数环境：指数下跌；首次封板在10:30前，只作为前排证据之一；3板以上有辨识度；未炸板；换手处于可承接区间；题材/行业热度一般：出版；板块内封板排序第1，属于日内前排；图形新高或强势池新高；5日涨幅过高，次日兑现风险；今日涨停家数尚可；今日炸板率不高，封板环境较好；三年股性偏强：涨停样本5，次日开盘有溢价率100.0%，均值3.4%；历史封板稳定性一般：涨停/炸板样本中未封住比例60.0%,前一交易日本行业涨停样本缺失,AKShare/Eastmoney pools + local technical screener + local stock_personality_history/history detail + Eastmoney LHB
2026-09-07,2026-09-08,601086,国芳集团,涨停,1,10.039525032043457,13.92,,808732960.0,8.878472328186035,09:31:27,09:40:51,2,,一般零售,2,6,指数下跌,情绪上升,,,0,11,0,-2,-2,可以打板,,低/可控,实际有溢价,14.02,14.98,14.95,D:\codex\outputs\a_share_technical_screener\2026-09-08\raw_spot_sina.csv,0.007183908045977017,0.07614942528735646,0.0739942528735631,0.0051839080459770166,False,True,False,True,35441215.45,0.0,拉萨系:东方财富证券股份有限公司拉萨团结路第一证券营业部；拉萨系:东方财富证券股份有限公司拉萨金融城南环路证券营业部,0.06080946750059424,0.0492703846519677,股性偏强,6,3,0.5,6,3,0.5,0.05715675345871692,0.09762017260931699,0.5,3,0,0.0,0.0,0.05715675345871692,0.09762017260931699,,6,0.6666666666666666,0.3333333333333333,0.05715675345871692,0.09937851245720986,0.09762017260931699,0.07870086520359298,是,1.180916666984558,16.06,38.98,51.8,收盘封住涨停；大环境：情绪上升，允许适度提高进攻仓位；指数环境：指数下跌；首次封板在10:30前，只作为前排证据之一；首板/低板位溢价弹性需依赖题材和封板质量；炸板次数2次，可接受但需看承接；换手处于可承接区间；所属行业在今日涨停/炸板热度前排：一般零售；板块内封板排序第2，属于日内前排；图形新高或强势池新高；5日涨幅过高，次日兑现风险；今日涨停家数尚可；今日炸板率不高，封板环境较好；三年股性偏强：涨停样本6，次日开盘有溢价率66.7%，均值5.7%；历史封板稳定性一般：涨停/炸板样本中未封住比例50.0%,盘后龙虎榜净买入0.35亿，可改善次日风险；关注席位上榜：拉萨系:东方财富证券股份有限公司拉萨团结路第一证券营业部；拉萨系:东方财富证券股份有限公司拉萨金融城南环路证券营业部,收盘封住涨停；大环境：情绪上升，允许适度提高进攻仓位；指数环境：指数下跌；首次封板在10:30前，只作为前排证据之一；首板/低板位溢价弹性需依赖题材和封板质量；炸板次数2次，可接受但需看承接；换手处于可承接区间；所属行业在今日涨停/炸板热度前排：一般零售；板块内封板排序第2，属于日内前排；图形新高或强势池新高；5日涨幅过高，次日兑现风险；今日涨停家数尚可；今日炸板率不高，封板环境较好；三年股性偏强：涨停样本6，次日开盘有溢价率66.7%，均值5.7%；历史封板稳定性一般：涨停/炸板样本中未封住比例50.0%,前一交易日本行业涨停样本缺失,AKShare/Eastmoney pools + local technical screener + local stock_personality_history/history detail + Eastmoney LHB
2026-09-07,2026-09-08,603118,共进股份,涨停,1,10.0246000289917,17.89,,646068512.0,4.64169979095459,09:31:30,09:31:30,0,,通信设备,3,8,指数下跌,情绪上升,,,0,11,-2,-2,-2,可以打板,,低/可控,实际有溢价,18.61,18.61,18.04,D:\codex\outputs\a_share_technical_screener\2026-09-08\raw_spot_sina.csv,0.04024594745667964,0.04024594745667964,0.00838457238680812,0.03824594745667964,False,True,False,False,,,,,,样本不足,1,0,0.0,1,0,0.0,-0.0011185682326622093,0.024608501118568382,0.0,0,0,,,-0.0011185682326622093,0.024608501118568382,,1,0.0,1.0,-0.0011185682326622093,-0.0011185682326622093,0.024608501118568382,0.019015659955257336,,,2.97,1.91,-3.82,收盘封住涨停；大环境：情绪上升，允许适度提高进攻仓位；指数环境：指数下跌；首次封板在10:30前，只作为前排证据之一；首板/低板位溢价弹性需依赖题材和封板质量；未炸板；换手处于可承接区间；所属行业在今日涨停/炸板热度前排：通信设备；板块内封板排序第3，属于日内前排；今日涨停家数尚可；今日炸板率不高，封板环境较好,,收盘封住涨停；大环境：情绪上升，允许适度提高进攻仓位；指数环境：指数下跌；首次封板在10:30前，只作为前排证据之一；首板/低板位溢价弹性需依赖题材和封板质量；未炸板；换手处于可承接区间；所属行业在今日涨停/炸板热度前排：通信设备；板块内封板排序第3，属于日内前排；今日涨停家数尚可；今日炸板率不高，封板环境较好,前一交易日本行业涨停样本缺失；同股历史涨停溢价样本不足；龙虎榜未上榜或未匹配；仅可作为盘后缺失项,AKShare/Eastmoney pools + local technical screener + local stock_personality_history/history detail + Eastmoney LHB
2026-09-07,2026-09-08,600354,敦煌种业,涨停,2,10.046189308166504,9.53,,569165440.0,11.50738525390625,09:32:09,09:34:09,2,,种植业,2,5,指数下跌,情绪上升,,,0,12,2,2,2,谨慎可打,,中：需看集合竞价承接,实际有溢价,10.4,10.48,10.48,D:\codex\outputs\a_share_technical_screener\2026-09-08\raw_spot_sina.csv,0.09129066107030437,0.09968520461699915,0.09968520461699915,0.08929066107030437,False,True,True,True,132759304.64,0.0,拉萨系:东方财富证券股份有限公司拉萨金融城南环路证券营业部,0.1381338356634334,0.06941214531655138,股性偏弱,6,6,1.0,6,6,1.0,0.018003656793841694,0.05078277827488914,1.0,6,1,0.16666666666666666,0.16666666666666666,0.018003656793841694,0.05078277827488914,,6,0.3333333333333333,0.6666666666666666,0.018003656793841694,-0.002483443708609312,0.05078277827488914,0.010115446959074367,是,0.4075576961040497,9.82,16.98,14.96,收盘封住涨停；大环境：情绪上升，允许适度提高进攻仓位；指数环境：指数下跌；首次封板在10:30前，只作为前排证据之一；2板承接优于普通首板；炸板次数2次，可接受但需看承接；换手处于可承接区间；所属行业在今日涨停/炸板热度前排：种植业；板块内封板排序第2，属于日内前排；图形新高或强势池新高；今日涨停家数尚可；今日炸板率不高，封板环境较好；三年股性偏弱：涨停样本6，次日开盘有溢价率33.3%，均值1.8%；历史封板稳定性一般：涨停/炸板样本中未封住比例100.0%；三年股性偏弱，不进入严格可以打板名单,盘后龙虎榜净买入1.33亿，可改善次日风险；关注席位上榜：拉萨系:东方财富证券股份有限公司拉萨金融城南环路证券营业部,收盘封住涨停；大环境：情绪上升，允许适度提高进攻仓位；指数环境：指数下跌；首次封板在10:30前，只作为前排证据之一；2板承接优于普通首板；炸板次数2次，可接受但需看承接；换手处于可承接区间；所属行业在今日涨停/炸板热度前排：种植业；板块内封板排序第2，属于日内前排；图形新高或强势池新高；今日涨停家数尚可；今日炸板率不高，封板环境较好；三年股性偏弱：涨停样本6，次日开盘有溢价率33.3%，均值1.8%；历史封板稳定性一般：涨停/炸板样本中未封住比例100.0%；三年股性偏弱，不进入严格可以打板名单,前一交易日本行业涨停样本缺失,AKShare/Eastmoney pools + local technical screener + local stock_personality_history/history detail + Eastmoney LHB
2026-09-07,2026-09-08,603626,科森科技,涨停,1,9.983268737792969,19.72,,596844336.0,5.506383895874023,09:32:13,09:35:34,2,,消费电子,1,1,指数下跌,情绪上升,,,0,8,0,0,0,可以打板,,低/可控,实际有溢价,20.82,21.69,21.69,D:\codex\outputs\a_share_technical_screener\2026-09-08\raw_spot_sina.csv,0.055780933062880456,0.09989858012170405,0.09989858012170405,0.053780933062880454,False,True,True,False,,,,,,样本不足,2,1,0.5,2,1,0.5,-0.002400625972537429,0.0656023832378465,0.5,1,0,0.0,0.0,-0.002400625972537429,0.0656023832378465,,2,0.5,0.5,-0.002400625972537429,-0.002400625972537429,0.0656023832378465,0.04111369172981694,,,1.87,0.42,-5.1,收盘封住涨停；大环境：情绪上升，允许适度提高进攻仓位；指数环境：指数下跌；首次封板在10:30前，只作为前排证据之一；首板/低板位溢价弹性需依赖题材和封板质量；炸板次数2次，可接受但需看承接；换手处于可承接区间；题材/行业热度一般：消费电子；板块内封板排序第1，属于日内前排；今日涨停家数尚可；今日炸板率不高，封板环境较好,,收盘封住涨停；大环境：情绪上升，允许适度提高进攻仓位；指数环境：指数下跌；首次封板在10:30前，只作为前排证据之一；首板/低板位溢价弹性需依赖题材和封板质量；炸板次数2次，可接受但需看承接；换手处于可承接区间；题材/行业热度一般：消费电子；板块内封板排序第1，属于日内前排；今日涨停家数尚可；今日炸板率不高，封板环境较好,前一交易日本行业涨停样本缺失；同股历史涨停溢价样本不足；龙虎榜未上榜或未匹配；仅可作为盘后缺失项,AKShare/Eastmoney pools + local technical screener + local stock_personality_history/history detail + Eastmoney LHB
2026-09-07,2026-09-08,000798,中水渔业,涨停,2,9.960552215576172,11.15,,266169753.0,6.683701992034912,09:33:06,09:33:06,0,,渔业,1,1,指数下跌,情绪上升,,,0,13,-2,-2,-2,可以打板,,低/可控,实际有溢价,11.96,12.27,11.52,D:\codex\outputs\a_share_technical_screener\2026-09-08\raw_spot_sina.csv,0.07264573991031398,0.10044843049327357,0.03318385650224198,0.07064573991031398,False,True,False,True,31958356.26,-17712205.740000002,,0.20319758458484777,0.16432930829515183,样本不足,2,1,0.5,2,1,0.5,0.00933472881633407,0.04634426331750752,0.5,1,0,0.0,0.0,0.00933472881633407,0.04634426331750752,,2,0.5,0.5,0.00933472881633407,0.00933472881633407,0.04634426331750752,0.025099204028969868,是,0.7485083937644958,11.72,14.91,15.9,收盘封住涨停；大环境：情绪上升，允许适度提高进攻仓位；指数环境：指数下跌；首次封板在10:30前，只作为前排证据之一；2板承接优于普通首板；未炸板；换手处于可承接区间；题材/行业热度一般：渔业；板块内封板排序第1，属于日内前排；图形新高或强势池新高；今日涨停家数尚可；今日炸板率不高，封板环境较好,盘后龙虎榜净买入0.32亿，可改善次日风险；机构净卖出0.18亿,收盘封住涨停；大环境：情绪上升，允许适度提高进攻仓位；指数环境：指数下跌；首次封板在10:30前，只作为前排证据之一；2板承接优于普通首板；未炸板；换手处于可承接区间；题材/行业热度一般：渔业；板块内封板排序第1，属于日内前排；图形新高或强势池新高；今日涨停家数尚可；今日炸板率不高，封板环境较好,前一交易日本行业涨停样本缺失；同股历史涨停溢价样本不足,AKShare/Eastmoney pools + local technical screener + local stock_personality_history/history detail + Eastmoney LHB
2026-09-07,2026-09-08,002909,集泰股份,涨停,1,9.986129760742188,7.93,,812185792.0,27.512056350708008,09:33:21,09:57:00,5,,化学制品,1,3,指数下跌,情绪上升,,,0,8,4,4,4,谨慎可打（次日风险高）,,高：次日无溢价风险高,实际无溢价,7.8,8.72,8.72,D:\codex\outputs\a_share_technical_screener\2026-09-08\raw_spot_sina.csv,-0.016393442622950838,0.09962168978562436,0.09962168978562436,-0.01839344262295084,True,True,True,False,,,,,,A杀血统高,4,1,0.25,4,1,0.25,0.07795653725740737,0.09238824844898263,0.25,1,1,1.0,1.0,0.07795653725740737,0.09238824844898263,谨慎可打,4,1.0,0.0,0.07795653725740737,0.08418102749207002,0.09238824844898263,0.04994130712563677,否,1.7805241346359253,7.02,22.89,31.73,收盘封住涨停；大环境：情绪上升，允许适度提高进攻仓位；指数环境：指数下跌；首次封板在10:30前，只作为前排证据之一；首板/低板位溢价弹性需依赖题材和封板质量；炸板次数5次，封板稳定性一般；换手过高，次日抛压风险上升；题材/行业热度一般：化学制品；板块内封板排序第1，属于日内前排；接近年/三年高点，图形有辨识度；今日涨停家数尚可；今日炸板率不高，封板环境较好；三年股性偏强：涨停样本4，次日开盘有溢价率100.0%，均值7.8%；A杀血统指数偏高：历史炸板样本1，炸板后A杀率100.0%；A杀血统样本较少，强制退出严格可以打板名单,,收盘封住涨停；大环境：情绪上升，允许适度提高进攻仓位；指数环境：指数下跌；首次封板在10:30前，只作为前排证据之一；首板/低板位溢价弹性需依赖题材和封板质量；炸板次数5次，封板稳定性一般；换手过高，次日抛压风险上升；题材/行业热度一般：化学制品；板块内封板排序第1，属于日内前排；接近年/三年高点，图形有辨识度；今日涨停家数尚可；今日炸板率不高，封板环境较好；三年股性偏强：涨停样本4，次日开盘有溢价率100.0%，均值7.8%；A杀血统指数偏高：历史炸板样本1，炸板后A杀率100.0%；A杀血统样本较少，强制退出严格可以打板名单,前一交易日本行业涨停样本缺失；龙虎榜未上榜或未匹配；仅可作为盘后缺失项,AKShare/Eastmoney pools + local technical screener + local stock_personality_history/history detail + Eastmoney LHB
2026-09-07,2026-09-08,002564,天沃科技,涨停,2,9.93914794921875,5.42,,181942410.0,4.001143455505371,09:33:27,09:33:27,0,,专用设备,1,4,指数下跌,情绪上升,,,0,13,-2,-4,-4,可以打板,,低/可控,实际有溢价,5.56,5.77,5.41,D:\codex\outputs\a_share_technical_screener\2026-09-08\raw_spot_sina.csv,0.025830258302582898,0.06457564575645747,-0.0018450184501844769,0.023830258302582896,False,True,False,True,51838039.0,8630337.0,,0.34920004227101403,0.17756443911633846,样本不足,1,0,0.0,1,0,0.0,0.0872210953346857,0.09939148073022319,0.0,0,0,,,0.0872210953346857,0.09939148073022319,,1,1.0,0.0,0.0872210953346857,0.0872210953346857,0.09939148073022319,0.09939148073022319,是,3.3969790935516357,13.01,16.68,19.91,收盘封住涨停；大环境：情绪上升，允许适度提高进攻仓位；指数环境：指数下跌；首次封板在10:30前，只作为前排证据之一；2板承接优于普通首板；未炸板；换手处于可承接区间；题材/行业热度一般：专用设备；板块内封板排序第1，属于日内前排；图形新高或强势池新高；今日涨停家数尚可；今日炸板率不高，封板环境较好,盘后龙虎榜净买入0.52亿，可改善次日风险；机构净买入0.09亿,收盘封住涨停；大环境：情绪上升，允许适度提高进攻仓位；指数环境：指数下跌；首次封板在10:30前，只作为前排证据之一；2板承接优于普通首板；未炸板；换手处于可承接区间；题材/行业热度一般：专用设备；板块内封板排序第1，属于日内前排；图形新高或强势池新高；今日涨停家数尚可；今日炸板率不高，封板环境较好,前一交易日本行业涨停样本缺失；同股历史涨停溢价样本不足,AKShare/Eastmoney pools + local technical screener + local stock_personality_history/history detail + Eastmoney LHB
2026-09-07,2026-09-08,600127,金健米业,涨停,1,10.0,13.53,,1833838416.0,21.495094299316406,09:34:07,09:35:04,1,,农产品加,1,2,指数下跌,情绪上升,,,0,8,1,1,1,可以打板,,低/可控,实际有溢价,14.07,14.88,14.79,D:\codex\outputs\a_share_technical_screener\2026-09-08\raw_spot_sina.csv,0.03991130820399125,0.0997782705099779,0.09312638580931254,0.037911308203991245,False,True,False,False,,,,,,股性中性,4,3,0.75,4,3,0.75,-8.899061915904061e-05,0.07051204562157837,0.75,3,0,0.0,0.0,-8.899061915904061e-05,0.07051204562157837,,4,0.5,0.5,-8.899061915904061e-05,0.0009205442962977317,0.07051204562157837,0.026333847006040745,否,0.552293062210083,5.47,14.82,12.38,收盘封住涨停；大环境：情绪上升，允许适度提高进攻仓位；指数环境：指数下跌；首次封板在10:30前，只作为前排证据之一；首板/低板位溢价弹性需依赖题材和封板质量；炸板次数1次，可接受但需看承接；题材/行业热度一般：农产品加；板块内封板排序第1，属于日内前排；接近年/三年高点，图形有辨识度；今日涨停家数尚可；今日炸板率不高，封板环境较好；三年股性中性：涨停样本4，次日开盘有溢价率50.0%；历史封板稳定性一般：涨停/炸板样本中未封住比例75.0%,,收盘封住涨停；大环境：情绪上升，允许适度提高进攻仓位；指数环境：指数下跌；首次封板在10:30前，只作为前排证据之一；首板/低板位溢价弹性需依赖题材和封板质量；炸板次数1次，可接受但需看承接；题材/行业热度一般：农产品加；板块内封板排序第1，属于日内前排；接近年/三年高点，图形有辨识度；今日涨停家数尚可；今日炸板率不高，封板环境较好；三年股性中性：涨停样本4，次日开盘有溢价率50.0%；历史封板稳定性一般：涨停/炸板样本中未封住比例75.0%,前一交易日本行业涨停样本缺失；龙虎榜未上榜或未匹配；仅可作为盘后缺失项,AKShare/Eastmoney pools + local technical screener + local stock_personality_history/history detail + Eastmoney LHB
2026-09-07,2026-09-08,603823,百合花,涨停,1,10.00758171081543,58.04,,777548480.0,3.2666852474212646,09:34:09,09:48:12,1,,化学制品,2,3,指数下跌,情绪上升,,,0,9,0,0,0,可以打板,,低/可控,实际有溢价,62.89,63.84,63.84,D:\codex\outputs\a_share_technical_screener\2026-09-08\raw_spot_sina.csv,0.08356305995864921,0.0999310820124053,0.0999310820124053,0.08156305995864921,False,True,True,False,,,,,,股性偏强,4,3,0.75,4,3,0.75,0.02987988099477823,0.06468846347951418,0.75,3,0,0.0,0.0,0.02987988099477823,0.06468846347951418,,4,0.75,0.25,0.02987988099477823,0.037447889768248976,0.06468846347951418,0.04797570609581875,,,1.77,-6.04,-11.28,收盘封住涨停；大环境：情绪上升，允许适度提高进攻仓位；指数环境：指数下跌；首次封板在10:30前，只作为前排证据之一；首板/低板位溢价弹性需依赖题材和封板质量；炸板次数1次，可接受但需看承接；换手处于可承接区间；题材/行业热度一般：化学制品；板块内封板排序第2，属于日内前排；今日涨停家数尚可；今日炸板率不高，封板环境较好；三年股性偏强：涨停样本4，次日开盘有溢价率75.0%，均值3.0%；历史封板稳定性一般：涨停/炸板样本中未封住比例75.0%,,收盘封住涨停；大环境：情绪上升，允许适度提高进攻仓位；指数环境：指数下跌；首次封板在10:30前，只作为前排证据之一；首板/低板位溢价弹性需依赖题材和封板质量；炸板次数1次，可接受但需看承接；换手处于可承接区间；题材/行业热度一般：化学制品；板块内封板排序第2，属于日内前排；今日涨停家数尚可；今日炸板率不高，封板环境较好；三年股性偏强：涨停样本4，次日开盘有溢价率75.0%，均值3.0%；历史封板稳定性一般：涨停/炸板样本中未封住比例75.0%,前一交易日本行业涨停样本缺失；龙虎榜未上榜或未匹配；仅可作为盘后缺失项,AKShare/Eastmoney pools + local technical screener + local stock_personality_history/history detail + Eastmoney LHB
2026-09-07,2026-09-08,000823,超声电子,涨停,1,10.006901741027832,15.94,,833771184.0,8.924453735351562,09:34:15,09:37:12,3,,元件,1,14,指数下跌,情绪上升,,,0,8,0,0,0,可以打板,,低/可控,实际有溢价,17.23,17.53,16.53,D:\codex\outputs\a_share_technical_screener\2026-09-08\raw_spot_sina.csv,0.08092848180677548,0.09974905897114184,0.037013801756587306,0.07892848180677547,False,True,False,False,,,,,,样本不足,,,,,,,,,,,,,,,,,,,,,,,,,,4.99,4.6,0.76,收盘封住涨停；大环境：情绪上升，允许适度提高进攻仓位；指数环境：指数下跌；首次封板在10:30前，只作为前排证据之一；首板/低板位溢价弹性需依赖题材和封板质量；炸板次数3次，封板稳定性一般；换手处于可承接区间；所属行业在今日涨停/炸板热度前排：元件；板块内封板排序第1，属于日内前排；今日涨停家数尚可；今日炸板率不高，封板环境较好,,收盘封住涨停；大环境：情绪上升，允许适度提高进攻仓位；指数环境：指数下跌；首次封板在10:30前，只作为前排证据之一；首板/低板位溢价弹性需依赖题材和封板质量；炸板次数3次，封板稳定性一般；换手处于可承接区间；所属行业在今日涨停/炸板热度前排：元件；板块内封板排序第1，属于日内前排；今日涨停家数尚可；今日炸板率不高，封板环境较好,前一交易日本行业涨停样本缺失；同股历史涨停溢价样本不足；龙虎榜未上榜或未匹配；仅可作为盘后缺失项,AKShare/Eastmoney pools + local technical screener + local stock_personality_history/history detail + Eastmoney LHB
2026-09-07,2026-09-08,688655,迅捷兴,涨停,1,20.0,50.52,,620997216.0,9.566338539123535,09:36:01,09:45:40,4,,元件,2,14,指数下跌,情绪上升,,,0,8,0,-2,-2,可以打板,,低/可控,实际有溢价,53.3,57.58,54.86,D:\codex\outputs\a_share_technical_screener\2026-09-08\raw_spot_sina.csv,0.05502771179730792,0.139746634996041,0.08590657165479021,0.05302771179730792,False,True,False,True,89799195.16,0.0,成都北一环:国泰海通证券股份有限公司成都北一环路证券营业部,0.26400145577145917,0.11939662476739026,样本不足,,,,,,,,,,,,,,,,,,,,,,,,,,12.86,13.66,16.41,收盘封住涨停；大环境：情绪上升，允许适度提高进攻仓位；指数环境：指数下跌；首次封板在10:30前，只作为前排证据之一；首板/低板位溢价弹性需依赖题材和封板质量；炸板次数4次，封板稳定性一般；换手处于可承接区间；所属行业在今日涨停/炸板热度前排：元件；板块内封板排序第2，属于日内前排；今日涨停家数尚可；今日炸板率不高，封板环境较好,盘后龙虎榜净买入0.90亿，可改善次日风险；关注席位上榜：成都北一环:国泰海通证券股份有限公司成都北一环路证券营业部,收盘封住涨停；大环境：情绪上升，允许适度提高进攻仓位；指数环境：指数下跌；首次封板在10:30前，只作为前排证据之一；首板/低板位溢价弹性需依赖题材和封板质量；炸板次数4次，封板稳定性一般；换手处于可承接区间；所属行业在今日涨停/炸板热度前排：元件；板块内封板排序第2，属于日内前排；今日涨停家数尚可；今日炸板率不高，封板环境较好,前一交易日本行业涨停样本缺失；同股历史涨停溢价样本不足,AKShare/Eastmoney pools + local technical screener + local stock_personality_history/history detail + Eastmoney LHB
2026-09-07,2026-09-08,603826,坤彩科技,涨停,1,10.0,17.38,,113823699.0,0.7846952080726624,09:36:05,09:36:05,0,,非金属材,2,2,指数下跌,情绪上升,,,0,8,0,0,0,可以打板,,低/可控,实际有溢价,17.65,17.69,17.03,D:\codex\outputs\a_share_technical_screener\2026-09-08\raw_spot_sina.csv,0.015535097813578869,0.01783659378596103,-0.020138089758342748,0.013535097813578869,False,False,False,False,,,,,,样本不足,1,0,0.0,1,0,0.0,0.032834101382488434,0.03686635944700467,0.0,0,0,,,0.032834101382488434,0.03686635944700467,,1,1.0,0.0,0.032834101382488434,0.032834101382488434,0.03686635944700467,-0.008064516129032251,,,7.44,7.83,6.89,收盘封住涨停；大环境：情绪上升，允许适度提高进攻仓位；指数环境：指数下跌；首次封板在10:30前，只作为前排证据之一；首板/低板位溢价弹性需依赖题材和封板质量；未炸板；换手过低，成交验证不足；题材/行业热度一般：非金属材；板块内封板排序第2，属于日内前排；今日涨停家数尚可；今日炸板率不高，封板环境较好,,收盘封住涨停；大环境：情绪上升，允许适度提高进攻仓位；指数环境：指数下跌；首次封板在10:30前，只作为前排证据之一；首板/低板位溢价弹性需依赖题材和封板质量；未炸板；换手过低，成交验证不足；题材/行业热度一般：非金属材；板块内封板排序第2，属于日内前排；今日涨停家数尚可；今日炸板率不高，封板环境较好,前一交易日本行业涨停样本缺失；同股历史涨停溢价样本不足；龙虎榜未上榜或未匹配；仅可作为盘后缺失项,AKShare/Eastmoney pools + local technical screener + local stock_personality_history/history detail + Eastmoney LHB
2026-09-07,2026-09-08,600330,天通股份,涨停,1,10.01523208618164,28.89,,2239423728.0,6.3552165031433105,09:37:06,09:39:27,2,,电子化学,1,3,指数下跌,情绪上升,,,0,9,2,2,2,谨慎可打,,中：需看集合竞价承接,实际有溢价,29.89,31.0,30.08,D:\codex\outputs\a_share_technical_screener\2026-09-08\raw_spot_sina.csv,0.034614053305642045,0.07303565247490473,0.041190723433714105,0.03261405330564204,False,True,False,False,,,,,,股性偏弱,4,2,0.5,4,2,0.5,-0.005054090110557019,0.05377496182285446,0.5,2,0,0.0,0.0,-0.005054090110557019,0.05377496182285446,,4,0.25,0.75,-0.005054090110557019,-0.009668004377964279,0.05377496182285446,0.027126647088295652,,,6.19,4.5,1.65,收盘封住涨停；大环境：情绪上升，允许适度提高进攻仓位；指数环境：指数下跌；首次封板在10:30前，只作为前排证据之一；首板/低板位溢价弹性需依赖题材和封板质量；炸板次数2次，可接受但需看承接；换手处于可承接区间；成交额较大，具备市场辨识度；题材/行业热度一般：电子化学；板块内封板排序第1，属于日内前排；今日涨停家数尚可；今日炸板率不高，封板环境较好；三年股性偏弱：涨停样本4，次日开盘有溢价率25.0%，均值-0.5%；历史封板稳定性一般：涨停/炸板样本中未封住比例50.0%；三年股性偏弱，不进入严格可以打板名单,,收盘封住涨停；大环境：情绪上升，允许适度提高进攻仓位；指数环境：指数下跌；首次封板在10:30前，只作为前排证据之一；首板/低板位溢价弹性需依赖题材和封板质量；炸板次数2次，可接受但需看承接；换手处于可承接区间；成交额较大，具备市场辨识度；题材/行业热度一般：电子化学；板块内封板排序第1，属于日内前排；今日涨停家数尚可；今日炸板率不高，封板环境较好；三年股性偏弱：涨停样本4，次日开盘有溢价率25.0%，均值-0.5%；历史封板稳定性一般：涨停/炸板样本中未封住比例50.0%；三年股性偏弱，不进入严格可以打板名单,前一交易日本行业涨停样本缺失；龙虎榜未上榜或未匹配；仅可作为盘后缺失项,AKShare/Eastmoney pools + local technical screener + local stock_personality_history/history detail + Eastmoney LHB
2026-09-07,2026-09-08,600791,京能置业,涨停,1,10.027472496032715,8.01,,184844814.0,5.205737590789795,09:38:10,09:46:22,1,,房地产开,1,1,指数下跌,情绪上升,,,0,8,0,0,0,可以打板,,低/可控,实际无溢价,7.98,8.3,7.99,D:\codex\outputs\a_share_technical_screener\2026-09-08\raw_spot_sina.csv,-0.0037453183520598232,0.0362047440699127,-0.0024968789013731785,-0.005745318352059823,True,True,False,False,,,,,,样本不足,1,0,0.0,1,0,0.0,0.024502297090352343,0.04287901990811638,0.0,0,0,,,0.024502297090352343,0.04287901990811638,,1,1.0,0.0,0.024502297090352343,0.024502297090352343,0.04287901990811638,0.026033690658499253,,,8.18,6.99,8.54,收盘封住涨停；大环境：情绪上升，允许适度提高进攻仓位；指数环境：指数下跌；首次封板在10:30前，只作为前排证据之一；首板/低板位溢价弹性需依赖题材和封板质量；炸板次数1次，可接受但需看承接；换手处于可承接区间；题材/行业热度一般：房地产开；板块内封板排序第1，属于日内前排；今日涨停家数尚可；今日炸板率不高，封板环境较好,,收盘封住涨停；大环境：情绪上升，允许适度提高进攻仓位；指数环境：指数下跌；首次封板在10:30前，只作为前排证据之一；首板/低板位溢价弹性需依赖题材和封板质量；炸板次数1次，可接受但需看承接；换手处于可承接区间；题材/行业热度一般：房地产开；板块内封板排序第1，属于日内前排；今日涨停家数尚可；今日炸板率不高，封板环境较好,前一交易日本行业涨停样本缺失；同股历史涨停溢价样本不足；龙虎榜未上榜或未匹配；仅可作为盘后缺失项,AKShare/Eastmoney pools + local technical screener + local stock_personality_history/history detail + Eastmoney LHB
2026-09-07,2026-09-08,002579,中京电子,涨停,1,10.0,15.51,,1441138160.0,16.242948532104492,09:38:48,09:41:00,1,,元件,3,14,指数下跌,情绪上升,,,0,10,-1,-1,-1,可以打板,,低/可控,实际有溢价,16.9,17.06,17.06,D:\codex\outputs\a_share_technical_screener\2026-09-08\raw_spot_sina.csv,0.08961960025789795,0.09993552546744033,0.09993552546744033,0.08761960025789794,False,True,True,False,,,,,,股性偏强,3,2,0.6666666666666666,3,2,0.6666666666666666,0.036112659228418297,0.09774011299435026,0.6666666666666666,2,0,0.0,0.0,0.036112659228418297,0.09774011299435026,,3,1.0,0.0,0.036112659228418297,0.03929121725731899,0.09774011299435026,0.09106317411402154,,,8.83,8.91,5.65,收盘封住涨停；大环境：情绪上升，允许适度提高进攻仓位；指数环境：指数下跌；首次封板在10:30前，只作为前排证据之一；首板/低板位溢价弹性需依赖题材和封板质量；炸板次数1次，可接受但需看承接；换手处于可承接区间；所属行业在今日涨停/炸板热度前排：元件；板块内封板排序第3，属于日内前排；今日涨停家数尚可；今日炸板率不高，封板环境较好；三年股性偏强：涨停样本3，次日开盘有溢价率100.0%，均值3.6%；历史封板稳定性一般：涨停/炸板样本中未封住比例66.7%,,收盘封住涨停；大环境：情绪上升，允许适度提高进攻仓位；指数环境：指数下跌；首次封板在10:30前，只作为前排证据之一；首板/低板位溢价弹性需依赖题材和封板质量；炸板次数1次，可接受但需看承接；换手处于可承接区间；所属行业在今日涨停/炸板热度前排：元件；板块内封板排序第3，属于日内前排；今日涨停家数尚可；今日炸板率不高，封板环境较好；三年股性偏强：涨停样本3，次日开盘有溢价率100.0%，均值3.6%；历史封板稳定性一般：涨停/炸板样本中未封住比例66.7%,前一交易日本行业涨停样本缺失；龙虎榜未上榜或未匹配；仅可作为盘后缺失项,AKShare/Eastmoney pools + local technical screener + local stock_personality_history/history detail + Eastmoney LHB
2026-09-07,2026-09-08,002963,豪尔赛,涨停,1,9.980138778686523,22.15,,274726816.0,8.464877128601074,09:39:36,10:09:21,1,,装修装饰,1,3,指数下跌,情绪上升,,,0,10,-1,-1,-1,可以打板,,低/可控,实际无溢价,22.15,22.58,21.62,D:\codex\outputs\a_share_technical_screener\2026-09-08\raw_spot_sina.csv,0.0,0.019413092550790045,-0.023927765237020227,-0.002,False,False,False,False,,,,,,股性偏强,9,4,0.4444444444444444,9,4,0.4444444444444444,0.042012868301715814,0.0862220269563073,0.4444444444444444,4,0,0.0,0.0,0.042012868301715814,0.0862220269563073,,9,0.8888888888888888,0.1111111111111111,0.042012868301715814,0.05065666041275807,0.0862220269563073,0.03900404346220389,,,8.62,8.08,11.42,收盘封住涨停；大环境：情绪上升，允许适度提高进攻仓位；指数环境：指数下跌；首次封板在10:30前，只作为前排证据之一；首板/低板位溢价弹性需依赖题材和封板质量；炸板次数1次，可接受但需看承接；换手处于可承接区间；题材/行业热度一般：装修装饰；板块内封板排序第1，属于日内前排；接近年/三年高点，图形有辨识度；今日涨停家数尚可；今日炸板率不高，封板环境较好；三年股性偏强：涨停样本9，次日开盘有溢价率88.9%，均值4.2%,,收盘封住涨停；大环境：情绪上升，允许适度提高进攻仓位；指数环境：指数下跌；首次封板在10:30前，只作为前排证据之一；首板/低板位溢价弹性需依赖题材和封板质量；炸板次数1次，可接受但需看承接；换手处于可承接区间；题材/行业热度一般：装修装饰；板块内封板排序第1，属于日内前排；接近年/三年高点，图形有辨识度；今日涨停家数尚可；今日炸板率不高，封板环境较好；三年股性偏强：涨停样本9，次日开盘有溢价率88.9%，均值4.2%,前一交易日本行业涨停样本缺失；龙虎榜未上榜或未匹配；仅可作为盘后缺失项,AKShare/Eastmoney pools + local technical screener + local stock_personality_history/history detail + Eastmoney LHB
2026-09-07,2026-09-08,603355,莱克电气,涨停,1,9.985369682312012,30.07,,183127697.0,1.0753735303878784,09:42:05,10:02:29,1,,小家电,1,2,指数下跌,情绪上升,,,0,7,0,0,0,谨慎可打,,低/可控,实际有溢价,30.88,31.0,29.7,D:\codex\outputs\a_share_technical_screener\2026-09-08\raw_spot_sina.csv,0.02693714665779834,0.030927835051546282,-0.01230462254738951,0.024937146657798337,False,True,False,False,,,,,,样本不足,,,,,,,,,,,,,,,,,,,,,,,,,,7.12,6.1,8.95,收盘封住涨停；大环境：情绪上升，允许适度提高进攻仓位；指数环境：指数下跌；首次封板在10:30前，只作为前排证据之一；首板/低板位溢价弹性需依赖题材和封板质量；炸板次数1次，可接受但需看承接；题材/行业热度一般：小家电；板块内封板排序第1，属于日内前排；今日涨停家数尚可；今日炸板率不高，封板环境较好,,收盘封住涨停；大环境：情绪上升，允许适度提高进攻仓位；指数环境：指数下跌；首次封板在10:30前，只作为前排证据之一；首板/低板位溢价弹性需依赖题材和封板质量；炸板次数1次，可接受但需看承接；题材/行业热度一般：小家电；板块内封板排序第1，属于日内前排；今日涨停家数尚可；今日炸板率不高，封板环境较好,前一交易日本行业涨停样本缺失；同股历史涨停溢价样本不足；龙虎榜未上榜或未匹配；仅可作为盘后缺失项,AKShare/Eastmoney pools + local technical screener + local stock_personality_history/history detail + Eastmoney LHB
2026-09-07,2026-09-08,600400,红豆股份,涨停,1,10.139860153198242,3.15,,190737079.0,2.7163257598876953,09:42:45,09:42:45,0,,服装家纺,1,2,指数下跌,情绪上升,,,0,9,-1,-3,-3,可以打板,,低/可控,实际有溢价,3.35,3.35,3.2,D:\codex\outputs\a_share_technical_screener\2026-09-08\raw_spot_sina.csv,0.06349206349206349,0.06349206349206349,0.01587301587301604,0.06149206349206349,False,True,False,True,65008837.6,0.0,拉萨系:东方财富证券股份有限公司拉萨东环路第一证券营业部,0.4771786979080245,0.1363491227628583,样本不足,,,,,,,,,,,,,,,,,,,,,,,,,,6.71,7.0,7.88,收盘封住涨停；大环境：情绪上升，允许适度提高进攻仓位；指数环境：指数下跌；首次封板在10:30前，只作为前排证据之一；首板/低板位溢价弹性需依赖题材和封板质量；未炸板；题材/行业热度一般：服装家纺；板块内封板排序第1，属于日内前排；今日涨停家数尚可；今日炸板率不高，封板环境较好,盘后龙虎榜净买入0.65亿，可改善次日风险；关注席位上榜：拉萨系:东方财富证券股份有限公司拉萨东环路第一证券营业部,收盘封住涨停；大环境：情绪上升，允许适度提高进攻仓位；指数环境：指数下跌；首次封板在10:30前，只作为前排证据之一；首板/低板位溢价弹性需依赖题材和封板质量；未炸板；题材/行业热度一般：服装家纺；板块内封板排序第1，属于日内前排；今日涨停家数尚可；今日炸板率不高，封板环境较好,前一交易日本行业涨停样本缺失；同股历史涨停溢价样本不足,AKShare/Eastmoney pools + local technical screener + local stock_personality_history/history detail + Eastmoney LHB
2026-09-07,2026-09-08,002852,道道全,涨停,1,9.988248825073242,9.36,,141894798.0,5.43849515914917,09:43:57,09:43:57,0,,农产品加,2,2,指数下跌,情绪上升,,,0,11,-1,-1,-1,可以打板,,低/可控,实际有溢价,10.0,10.0,9.63,D:\codex\outputs\a_share_technical_screener\2026-09-08\raw_spot_sina.csv,0.06837606837606836,0.06837606837606836,0.028846153846153966,0.06637606837606835,False,True,False,False,,,,,,样本不足,1,1,1.0,1,1,1.0,0.022497187851518552,0.05174353205849269,1.0,1,0,0.0,0.0,0.022497187851518552,0.05174353205849269,,1,1.0,0.0,0.022497187851518552,0.022497187851518552,0.05174353205849269,-0.008998875140607376,是,0.8907671570777893,7.71,9.0,9.09,收盘封住涨停；大环境：情绪上升，允许适度提高进攻仓位；指数环境：指数下跌；首次封板在10:30前，只作为前排证据之一；首板/低板位溢价弹性需依赖题材和封板质量；未炸板；换手处于可承接区间；题材/行业热度一般：农产品加；板块内封板排序第2，属于日内前排；图形新高或强势池新高；今日涨停家数尚可；今日炸板率不高，封板环境较好,,收盘封住涨停；大环境：情绪上升，允许适度提高进攻仓位；指数环境：指数下跌；首次封板在10:30前，只作为前排证据之一；首板/低板位溢价弹性需依赖题材和封板质量；未炸板；换手处于可承接区间；题材/行业热度一般：农产品加；板块内封板排序第2，属于日内前排；图形新高或强势池新高；今日涨停家数尚可；今日炸板率不高，封板环境较好,前一交易日本行业涨停样本缺失；同股历史涨停溢价样本不足；龙虎榜未上榜或未匹配；仅可作为盘后缺失项,AKShare/Eastmoney pools + local technical screener + local stock_personality_history/history detail + Eastmoney LHB
2026-09-07,2026-09-08,000759,中百集团,涨停,1,10.06289291381836,7.0,,857306704.0,19.05183982849121,09:44:33,10:01:09,4,,一般零售,3,6,指数下跌,情绪上升,,,0,7,0,0,0,谨慎可打,,低/可控,实际有溢价,7.7,7.7,7.7,D:\codex\outputs\a_share_technical_screener\2026-09-08\raw_spot_sina.csv,0.10000000000000009,0.10000000000000009,0.10000000000000009,0.09800000000000009,False,True,True,False,,,,,,样本不足,1,1,1.0,1,1,1.0,-0.021207177814029365,0.006525285481239873,1.0,1,0,0.0,0.0,-0.021207177814029365,0.006525285481239873,,1,0.0,1.0,-0.021207177814029365,-0.021207177814029365,0.006525285481239873,-0.02610114192495927,,,8.02,11.08,14.38,收盘封住涨停；大环境：情绪上升，允许适度提高进攻仓位；指数环境：指数下跌；首次封板在10:30前，只作为前排证据之一；首板/低板位溢价弹性需依赖题材和封板质量；炸板次数4次，封板稳定性一般；所属行业在今日涨停/炸板热度前排：一般零售；板块内封板排序第3，属于日内前排；今日涨停家数尚可；今日炸板率不高，封板环境较好,,收盘封住涨停；大环境：情绪上升，允许适度提高进攻仓位；指数环境：指数下跌；首次封板在10:30前，只作为前排证据之一；首板/低板位溢价弹性需依赖题材和封板质量；炸板次数4次，封板稳定性一般；所属行业在今日涨停/炸板热度前排：一般零售；板块内封板排序第3，属于日内前排；今日涨停家数尚可；今日炸板率不高，封板环境较好,前一交易日本行业涨停样本缺失；同股历史涨停溢价样本不足；龙虎榜未上榜或未匹配；仅可作为盘后缺失项,AKShare/Eastmoney pools + local technical screener + local stock_personality_history/history detail + Eastmoney LHB
2026-09-07,2026-09-08,600280,中央商场,涨停,1,9.935897827148438,3.43,,132823251.0,3.5181844234466553,09:44:40,09:44:40,0,,一般零售,4,6,指数下跌,情绪上升,,,0,11,-1,-1,-1,可以打板,,低/可控,实际有溢价,3.53,3.75,3.49,D:\codex\outputs\a_share_technical_screener\2026-09-08\raw_spot_sina.csv,0.02915451895043719,0.09329446064139946,0.017492711370262315,0.02715451895043719,False,True,False,False,,,,,,样本不足,,,,,,,,,,,,,,,,,,,,,,,,是,1.003811240196228,7.52,9.58,13.2,收盘封住涨停；大环境：情绪上升，允许适度提高进攻仓位；指数环境：指数下跌；首次封板在10:30前，只作为前排证据之一；首板/低板位溢价弹性需依赖题材和封板质量；未炸板；换手处于可承接区间；所属行业在今日涨停/炸板热度前排：一般零售；板块内封板排序第4，情绪上升期可按后排套利处理；图形新高或强势池新高；今日涨停家数尚可；今日炸板率不高，封板环境较好,,收盘封住涨停；大环境：情绪上升，允许适度提高进攻仓位；指数环境：指数下跌；首次封板在10:30前，只作为前排证据之一；首板/低板位溢价弹性需依赖题材和封板质量；未炸板；换手处于可承接区间；所属行业在今日涨停/炸板热度前排：一般零售；板块内封板排序第4，情绪上升期可按后排套利处理；图形新高或强势池新高；今日涨停家数尚可；今日炸板率不高，封板环境较好,前一交易日本行业涨停样本缺失；同股历史涨停溢价样本不足；龙虎榜未上榜或未匹配；仅可作为盘后缺失项,AKShare/Eastmoney pools + local technical screener + local stock_personality_history/history detail + Eastmoney LHB
2026-09-07,2026-09-08,603119,浙江荣泰,涨停,1,10.010649681091309,51.65,,641019312.0,2.6655185222625732,09:45:24,10:03:30,2,,汽车零部,1,9,指数下跌,情绪上升,,,0,8,-1,-1,-1,可以打板,,低/可控,实际有溢价,52.22,54.48,53.7,D:\codex\outputs\a_share_technical_screener\2026-09-08\raw_spot_sina.csv,0.011035818005808329,0.05479186834462735,0.03969022265246869,0.009035818005808329,False,True,False,False,,,,,,样本不足,,,,,,,,,,,,,,,,,,,,,,,,,,4.23,3.02,0.64,收盘封住涨停；大环境：情绪上升，允许适度提高进攻仓位；指数环境：指数下跌；首次封板在10:30前，只作为前排证据之一；首板/低板位溢价弹性需依赖题材和封板质量；炸板次数2次，可接受但需看承接；所属行业在今日涨停/炸板热度前排：汽车零部；板块内封板排序第1，属于日内前排；今日涨停家数尚可；今日炸板率不高，封板环境较好,,收盘封住涨停；大环境：情绪上升，允许适度提高进攻仓位；指数环境：指数下跌；首次封板在10:30前，只作为前排证据之一；首板/低板位溢价弹性需依赖题材和封板质量；炸板次数2次，可接受但需看承接；所属行业在今日涨停/炸板热度前排：汽车零部；板块内封板排序第1，属于日内前排；今日涨停家数尚可；今日炸板率不高，封板环境较好,前一交易日本行业涨停样本缺失；同股历史涨停溢价样本不足；龙虎榜未上榜或未匹配；仅可作为盘后缺失项,AKShare/Eastmoney pools + local technical screener + local stock_personality_history/history detail + Eastmoney LHB
2026-09-07,2026-09-08,000428,华天酒店,涨停,2,10.021322250366211,5.16,,517332416.0,10.144680976867676,09:46:27,09:46:27,0,,酒店餐饮,1,1,指数下跌,情绪上升,,,0,14,4,4,4,不能打板,,高：次日无溢价风险高,实际无溢价,5.01,5.47,5.3,D:\codex\outputs\a_share_technical_screener\2026-09-08\raw_spot_sina.csv,-0.029069767441860517,0.060077519379844846,0.027131782945736482,-0.03106976744186052,True,True,False,True,-2509451.79000001,16549044.34,,0.15828224524036835,0.15150490080485782,A杀血统高,8,3,0.375,8,3,0.375,0.02661022080600796,0.05838403522312545,0.375,3,2,0.6666666666666666,0.6666666666666666,0.02661022080600796,0.05838403522312545,禁止打板,8,0.625,0.375,0.02661022080600796,0.02690142103851989,0.05838403522312545,0.03291810768040865,是,1.4405269622802734,11.5,12.52,14.92,收盘封住涨停；大环境：情绪上升，允许适度提高进攻仓位；指数环境：指数下跌；首次封板在10:30前，只作为前排证据之一；2板承接优于普通首板；未炸板；换手处于可承接区间；题材/行业热度一般：酒店餐饮；板块内封板排序第1，属于日内前排；图形新高或强势池新高；今日涨停家数尚可；今日炸板率不高，封板环境较好；三年股性偏强：涨停样本8，次日开盘有溢价率62.5%，均值2.7%；A杀血统指数偏高：历史炸板样本3，炸板后A杀率66.7%；历史炸板A杀率>30%，按股性记忆强制禁止打板,盘后龙虎榜净卖出0.03亿，次日风险上升；机构净买入0.17亿,收盘封住涨停；大环境：情绪上升，允许适度提高进攻仓位；指数环境：指数下跌；首次封板在10:30前，只作为前排证据之一；2板承接优于普通首板；未炸板；换手处于可承接区间；题材/行业热度一般：酒店餐饮；板块内封板排序第1，属于日内前排；图形新高或强势池新高；今日涨停家数尚可；今日炸板率不高，封板环境较好；三年股性偏强：涨停样本8，次日开盘有溢价率62.5%，均值2.7%；A杀血统指数偏高：历史炸板样本3，炸板后A杀率66.7%；历史炸板A杀率>30%，按股性记忆强制禁止打板,前一交易日本行业涨停样本缺失,AKShare/Eastmoney pools + local technical screener + local stock_personality_history/history detail + Eastmoney LHB
2026-09-07,2026-09-08,601595,上海电影,涨停,1,10.026666641235352,20.63,,407571744.0,4.567811489105225,09:50:39,09:50:39,0,,影视院线,1,2,指数下跌,情绪上升,,,0,11,-1,-1,-1,可以打板,,低/可控,实际有溢价,20.82,22.69,22.69,D:\codex\outputs\a_share_technical_screener\2026-09-08\raw_spot_sina.csv,0.009209888511875874,0.09985458070770736,0.09985458070770736,0.007209888511875874,False,True,True,False,,,,,,样本不足,1,0,0.0,1,0,0.0,0.05019094380796507,0.08565193671576643,0.0,0,0,,,0.05019094380796507,0.08565193671576643,,1,1.0,0.0,0.05019094380796507,0.05019094380796507,0.08565193671576643,0.03109656301145658,是,0.8418444991111755,9.26,14.98,12.55,收盘封住涨停；大环境：情绪上升，允许适度提高进攻仓位；指数环境：指数下跌；首次封板在10:30前，只作为前排证据之一；首板/低板位溢价弹性需依赖题材和封板质量；未炸板；换手处于可承接区间；题材/行业热度一般：影视院线；板块内封板排序第1，属于日内前排；图形新高或强势池新高；今日涨停家数尚可；今日炸板率不高，封板环境较好,,收盘封住涨停；大环境：情绪上升，允许适度提高进攻仓位；指数环境：指数下跌；首次封板在10:30前，只作为前排证据之一；首板/低板位溢价弹性需依赖题材和封板质量；未炸板；换手处于可承接区间；题材/行业热度一般：影视院线；板块内封板排序第1，属于日内前排；图形新高或强势池新高；今日涨停家数尚可；今日炸板率不高，封板环境较好,前一交易日本行业涨停样本缺失；同股历史涨停溢价样本不足；龙虎榜未上榜或未匹配；仅可作为盘后缺失项,AKShare/Eastmoney pools + local technical screener + local stock_personality_history/history detail + Eastmoney LHB
2026-09-07,2026-09-08,000978,桂林旅游,涨停,1,9.969788551330566,7.28,,422379248.0,12.660618782043457,09:52:33,10:34:06,5,,旅游及景,1,1,指数下跌,情绪上升,,,0,8,1,1,1,可以打板,,低/可控,实际有溢价,8.0,8.01,8.01,D:\codex\outputs\a_share_technical_screener\2026-09-08\raw_spot_sina.csv,0.09890109890109877,0.10027472527472514,0.10027472527472514,0.09690109890109877,False,True,True,False,,,,,,样本不足,,,,,,,,,,,,,,,,,,,,,,,,是,2.560041904449463,9.24,13.2,15.19,收盘封住涨停；大环境：情绪上升，允许适度提高进攻仓位；指数环境：指数下跌；首次封板在10:30前，只作为前排证据之一；首板/低板位溢价弹性需依赖题材和封板质量；炸板次数5次，封板稳定性一般；换手处于可承接区间；题材/行业热度一般：旅游及景；板块内封板排序第1，属于日内前排；图形新高或强势池新高；今日涨停家数尚可；今日炸板率不高，封板环境较好,,收盘封住涨停；大环境：情绪上升，允许适度提高进攻仓位；指数环境：指数下跌；首次封板在10:30前，只作为前排证据之一；首板/低板位溢价弹性需依赖题材和封板质量；炸板次数5次，封板稳定性一般；换手处于可承接区间；题材/行业热度一般：旅游及景；板块内封板排序第1，属于日内前排；图形新高或强势池新高；今日涨停家数尚可；今日炸板率不高，封板环境较好,前一交易日本行业涨停样本缺失；同股历史涨停溢价样本不足；龙虎榜未上榜或未匹配；仅可作为盘后缺失项,AKShare/Eastmoney pools + local technical screener + local stock_personality_history/history detail + Eastmoney LHB
2026-09-07,2026-09-08,688001,华兴源创,涨停,1,20.0,58.26,,1092143568.0,4.096114635467529,09:52:42,10:38:42,6,,通用设备,2,3,指数下跌,情绪上升,,,0,6,2,1,1,谨慎可打,,低/可控,实际无溢价,58.0,63.81,61.06,D:\codex\outputs\a_share_technical_screener\2026-09-08\raw_spot_sina.csv,-0.004462753175420442,0.09526261585993834,0.04806041881222112,-0.006462753175420442,True,True,False,True,102670876.72,0.0,,0.2315368056636508,0.13752821858773884,样本不足,,,,,,,,,,,,,,,,,,,,,,,,,,12.31,11.27,6.14,收盘封住涨停；大环境：情绪上升，允许适度提高进攻仓位；指数环境：指数下跌；首次封板在10:30前，只作为前排证据之一；首板/低板位溢价弹性需依赖题材和封板质量；炸板次数6次，封板分歧大；换手处于可承接区间；题材/行业热度一般：通用设备；板块内封板排序第2，属于日内前排；今日涨停家数尚可；今日炸板率不高，封板环境较好,盘后龙虎榜净买入1.03亿，可改善次日风险,收盘封住涨停；大环境：情绪上升，允许适度提高进攻仓位；指数环境：指数下跌；首次封板在10:30前，只作为前排证据之一；首板/低板位溢价弹性需依赖题材和封板质量；炸板次数6次，封板分歧大；换手处于可承接区间；题材/行业热度一般：通用设备；板块内封板排序第2，属于日内前排；今日涨停家数尚可；今日炸板率不高，封板环境较好,前一交易日本行业涨停样本缺失；同股历史涨停溢价样本不足,AKShare/Eastmoney pools + local technical screener + local stock_personality_history/history detail + Eastmoney LHB
2026-09-07,2026-09-08,002436,兴森科技,涨停,1,9.997007369995117,36.75,,3954318624.0,7.24257230758667,09:53:24,09:53:24,0,,元件,4,14,指数下跌,情绪上升,,,0,11,-1,-4,-4,可以打板,,低/可控,实际有溢价,39.0,40.43,40.12,D:\codex\outputs\a_share_technical_screener\2026-09-08\raw_spot_sina.csv,0.061224489795918435,0.10013605442176865,0.09170068027210876,0.059224489795918434,False,True,False,True,592561076.89,259508706.07000002,武汉紫阳东路:国泰海通证券股份有限公司武汉紫阳东路证券营业部,0.19806599739201897,0.06556420982109136,样本不足,,,,,,,,,,,,,,,,,,,,,,,,,,5.68,5.61,2.05,收盘封住涨停；大环境：情绪上升，允许适度提高进攻仓位；指数环境：指数下跌；首次封板在10:30前，只作为前排证据之一；首板/低板位溢价弹性需依赖题材和封板质量；未炸板；换手处于可承接区间；成交额较大，具备市场辨识度；所属行业在今日涨停/炸板热度前排：元件；板块内封板排序第4，情绪上升期可按后排套利处理；今日涨停家数尚可；今日炸板率不高，封板环境较好,盘后龙虎榜净买入5.93亿，可改善次日风险；机构净买入2.60亿；关注席位上榜：武汉紫阳东路:国泰海通证券股份有限公司武汉紫阳东路证券营业部,收盘封住涨停；大环境：情绪上升，允许适度提高进攻仓位；指数环境：指数下跌；首次封板在10:30前，只作为前排证据之一；首板/低板位溢价弹性需依赖题材和封板质量；未炸板；换手处于可承接区间；成交额较大，具备市场辨识度；所属行业在今日涨停/炸板热度前排：元件；板块内封板排序第4，情绪上升期可按后排套利处理；今日涨停家数尚可；今日炸板率不高，封板环境较好,前一交易日本行业涨停样本缺失；同股历史涨停溢价样本不足,AKShare/Eastmoney pools + local technical screener + local stock_personality_history/history detail + Eastmoney LHB
2026-09-07,2026-09-08,002708,光洋股份,涨停,1,10.019646644592285,16.8,,932054976.0,11.164031028747559,09:53:30,10:09:39,1,,汽车零部,2,9,指数下跌,情绪上升,,,0,10,-1,-1,-1,可以打板,,低/可控,实际有溢价,17.0,17.08,16.25,D:\codex\outputs\a_share_technical_screener\2026-09-08\raw_spot_sina.csv,0.011904761904761862,0.016666666666666607,-0.03273809523809523,0.009904761904761862,False,False,False,False,,,,,,样本不足,2,2,1.0,2,2,1.0,-0.004813863928112949,0.06362006193656944,1.0,2,0,0.0,0.0,-0.004813863928112949,0.06362006193656944,,2,0.0,1.0,-0.004813863928112949,-0.004813863928112949,0.06362006193656944,0.040192590819753016,是,0.9454813599586487,12.48,23.88,32.18,收盘封住涨停；大环境：情绪上升，允许适度提高进攻仓位；指数环境：指数下跌；首次封板在10:30前，只作为前排证据之一；首板/低板位溢价弹性需依赖题材和封板质量；炸板次数1次，可接受但需看承接；换手处于可承接区间；所属行业在今日涨停/炸板热度前排：汽车零部；板块内封板排序第2，属于日内前排；图形新高或强势池新高；今日涨停家数尚可；今日炸板率不高，封板环境较好,,收盘封住涨停；大环境：情绪上升，允许适度提高进攻仓位；指数环境：指数下跌；首次封板在10:30前，只作为前排证据之一；首板/低板位溢价弹性需依赖题材和封板质量；炸板次数1次，可接受但需看承接；换手处于可承接区间；所属行业在今日涨停/炸板热度前排：汽车零部；板块内封板排序第2，属于日内前排；图形新高或强势池新高；今日涨停家数尚可；今日炸板率不高，封板环境较好,前一交易日本行业涨停样本缺失；同股历史涨停溢价样本不足；龙虎榜未上榜或未匹配；仅可作为盘后缺失项,AKShare/Eastmoney pools + local technical screener + local stock_personality_history/history detail + Eastmoney LHB
2026-09-07,2026-09-08,002483,润邦股份,涨停,1,10.054844856262207,6.02,,288188832.0,5.504039764404297,09:54:48,10:45:06,7,,专用设备,2,4,指数下跌,情绪上升,,,0,6,2,2,2,谨慎可打,,中：需看集合竞价承接,实际有溢价,6.18,6.62,6.41,D:\codex\outputs\a_share_technical_screener\2026-09-08\raw_spot_sina.csv,0.02657807308970095,0.09966777408637872,0.06478405315614633,0.024578073089700947,False,True,False,False,,,,,,样本不足,2,0,0.0,2,0,0.0,0.03652173913043483,0.04173913043478267,0.0,0,0,,,0.03652173913043483,0.04173913043478267,,2,0.5,0.5,0.03652173913043483,0.03652173913043483,0.04173913043478267,-0.02086956521739136,,,7.65,9.85,10.87,收盘封住涨停；大环境：情绪上升，允许适度提高进攻仓位；指数环境：指数下跌；首次封板在10:30前，只作为前排证据之一；首板/低板位溢价弹性需依赖题材和封板质量；炸板次数7次，封板分歧大；换手处于可承接区间；题材/行业热度一般：专用设备；板块内封板排序第2，属于日内前排；今日涨停家数尚可；今日炸板率不高，封板环境较好,,收盘封住涨停；大环境：情绪上升，允许适度提高进攻仓位；指数环境：指数下跌；首次封板在10:30前，只作为前排证据之一；首板/低板位溢价弹性需依赖题材和封板质量；炸板次数7次，封板分歧大；换手处于可承接区间；题材/行业热度一般：专用设备；板块内封板排序第2，属于日内前排；今日涨停家数尚可；今日炸板率不高，封板环境较好,前一交易日本行业涨停样本缺失；同股历史涨停溢价样本不足；龙虎榜未上榜或未匹配；仅可作为盘后缺失项,AKShare/Eastmoney pools + local technical screener + local stock_personality_history/history detail + Eastmoney LHB
2026-09-07,2026-09-08,603926,铁流股份,涨停,1,9.994086265563965,18.6,,200340368.0,4.724745750427246,09:55:05,10:08:26,1,,汽车零部,3,9,指数下跌,情绪上升,,,0,9,-1,-1,-1,可以打板,,低/可控,实际有溢价,18.61,18.75,18.18,D:\codex\outputs\a_share_technical_screener\2026-09-08\raw_spot_sina.csv,0.0005376344086021057,0.008064516129032251,-0.022580645161290436,-0.0014623655913978944,False,False,False,False,,,,,,样本不足,,,,,,,,,,,,,,,,,,,,,,,,,,6.76,10.23,8.96,收盘封住涨停；大环境：情绪上升，允许适度提高进攻仓位；指数环境：指数下跌；首次封板在10:30前，只作为前排证据之一；首板/低板位溢价弹性需依赖题材和封板质量；炸板次数1次，可接受但需看承接；换手处于可承接区间；所属行业在今日涨停/炸板热度前排：汽车零部；板块内封板排序第3，属于日内前排；今日涨停家数尚可；今日炸板率不高，封板环境较好,,收盘封住涨停；大环境：情绪上升，允许适度提高进攻仓位；指数环境：指数下跌；首次封板在10:30前，只作为前排证据之一；首板/低板位溢价弹性需依赖题材和封板质量；炸板次数1次，可接受但需看承接；换手处于可承接区间；所属行业在今日涨停/炸板热度前排：汽车零部；板块内封板排序第3，属于日内前排；今日涨停家数尚可；今日炸板率不高，封板环境较好,前一交易日本行业涨停样本缺失；同股历史涨停溢价样本不足；龙虎榜未上榜或未匹配；仅可作为盘后缺失项,AKShare/Eastmoney pools + local technical screener + local stock_personality_history/history detail + Eastmoney LHB
2026-09-07,2026-09-08,603228,景旺电子,涨停,1,9.995847702026367,105.97,,5269098240.0,5.146159648895264,09:58:13,10:32:04,6,,元件,5,14,指数下跌,情绪上升,,,0,9,1,-2,-2,可以打板,,低/可控,实际有溢价,110.0,111.29,106.97,D:\codex\outputs\a_share_technical_screener\2026-09-08\raw_spot_sina.csv,0.038029631027649335,0.05020288760970093,0.009436633009342277,0.036029631027649334,False,True,False,True,1035518719.74,1063211723.5700002,成都北一环:国泰海通证券股份有限公司成都北一环路证券营业部,0.1956004985826607,0.11395564557770957,股性偏强,6,2,0.3333333333333333,6,2,0.3333333333333333,0.027012702131503363,0.05347966314317698,0.3333333333333333,2,0,0.0,0.0,0.027012702131503363,0.05347966314317698,,6,0.6666666666666666,0.3333333333333333,0.027012702131503363,0.0329968613815278,0.05347966314317698,0.016437413358820114,,,13.01,13.08,9.82,收盘封住涨停；大环境：情绪上升，允许适度提高进攻仓位；指数环境：指数下跌；首次封板在10:30前，只作为前排证据之一；首板/低板位溢价弹性需依赖题材和封板质量；炸板次数6次，封板分歧大；换手处于可承接区间；成交额较大，具备市场辨识度；所属行业在今日涨停/炸板热度前排：元件；板块内封板排序第5，情绪上升期可按后排套利处理；接近年/三年高点，图形有辨识度；今日涨停家数尚可；今日炸板率不高，封板环境较好；三年股性偏强：涨停样本6，次日开盘有溢价率66.7%，均值2.7%,盘后龙虎榜净买入10.36亿，可改善次日风险；机构净买入10.63亿；关注席位上榜：成都北一环:国泰海通证券股份有限公司成都北一环路证券营业部,收盘封住涨停；大环境：情绪上升，允许适度提高进攻仓位；指数环境：指数下跌；首次封板在10:30前，只作为前排证据之一；首板/低板位溢价弹性需依赖题材和封板质量；炸板次数6次，封板分歧大；换手处于可承接区间；成交额较大，具备市场辨识度；所属行业在今日涨停/炸板热度前排：元件；板块内封板排序第5，情绪上升期可按后排套利处理；接近年/三年高点，图形有辨识度；今日涨停家数尚可；今日炸板率不高，封板环境较好；三年股性偏强：涨停样本6，次日开盘有溢价率66.7%，均值2.7%,前一交易日本行业涨停样本缺失,AKShare/Eastmoney pools + local technical screener + local stock_personality_history/history detail + Eastmoney LHB
2026-09-07,2026-09-08,000816,智慧农业,涨停,1,10.169490814208984,3.25,,364425744.0,7.886569976806641,09:58:24,09:58:42,1,,汽车零部,4,9,指数下跌,情绪上升,,,0,9,0,0,0,可以打板,,低/可控,实际有溢价,3.34,3.34,3.21,D:\codex\outputs\a_share_technical_screener\2026-09-08\raw_spot_sina.csv,0.027692307692307683,0.027692307692307683,-0.012307692307692353,0.02569230769230768,False,True,False,False,,,,,,样本不足,1,1,1.0,1,1,1.0,-0.009868421052631637,0.026315789473684292,1.0,1,0,0.0,0.0,-0.009868421052631637,0.026315789473684292,,1,0.0,1.0,-0.009868421052631637,-0.009868421052631637,0.026315789473684292,0.006578947368421018,是,2.180811882019043,7.62,8.95,10.54,收盘封住涨停；大环境：情绪上升，允许适度提高进攻仓位；指数环境：指数下跌；首次封板在10:30前，只作为前排证据之一；首板/低板位溢价弹性需依赖题材和封板质量；炸板次数1次，可接受但需看承接；换手处于可承接区间；所属行业在今日涨停/炸板热度前排：汽车零部；板块内封板排序第4，情绪上升期可按后排套利处理；图形新高或强势池新高；今日涨停家数尚可；今日炸板率不高，封板环境较好,,收盘封住涨停；大环境：情绪上升，允许适度提高进攻仓位；指数环境：指数下跌；首次封板在10:30前，只作为前排证据之一；首板/低板位溢价弹性需依赖题材和封板质量；炸板次数1次，可接受但需看承接；换手处于可承接区间；所属行业在今日涨停/炸板热度前排：汽车零部；板块内封板排序第4，情绪上升期可按后排套利处理；图形新高或强势池新高；今日涨停家数尚可；今日炸板率不高，封板环境较好,前一交易日本行业涨停样本缺失；同股历史涨停溢价样本不足；龙虎榜未上榜或未匹配；仅可作为盘后缺失项,AKShare/Eastmoney pools + local technical screener + local stock_personality_history/history detail + Eastmoney LHB
2026-09-07,2026-09-08,603395,红四方,涨停,1,10.014781951904297,29.77,,548068272.0,29.063159942626953,10:02:29,10:14:38,1,,农化制品,1,2,指数下跌,情绪上升,,,0,6,5,3,3,不能打板,,中：需看集合竞价承接,实际有溢价,30.66,31.66,30.97,D:\codex\outputs\a_share_technical_screener\2026-09-08\raw_spot_sina.csv,0.029895868323815966,0.06348673160900242,0.04030903594222379,0.027895868323815964,False,True,False,True,72452797.43,0.0,拉萨系:东方财富证券股份有限公司拉萨金融城南环路证券营业部,0.1988495900161374,0.06665292728974011,A杀血统高,2,1,0.5,2,1,0.5,-0.03720976216032995,0.06002994181119703,0.5,1,1,1.0,1.0,-0.03720976216032995,0.06002994181119703,谨慎可打,2,0.0,1.0,-0.03720976216032995,-0.03720976216032995,0.06002994181119703,-0.026091746229026658,,,3.45,2.42,2.3,收盘封住涨停；大环境：情绪上升，允许适度提高进攻仓位；指数环境：指数下跌；首次封板偏晚，需要板块发酵、股性或大环境确认；首板/低板位溢价弹性需依赖题材和封板质量；炸板次数1次，可接受但需看承接；换手过高，次日抛压风险上升；题材/行业热度一般：农化制品；板块内封板排序第1，属于日内前排；今日涨停家数尚可；今日炸板率不高，封板环境较好；A杀血统指数偏高：历史炸板样本1，炸板后A杀率100.0%；A杀血统样本较少，强制退出严格可以打板名单,盘后龙虎榜净买入0.72亿，可改善次日风险；关注席位上榜：拉萨系:东方财富证券股份有限公司拉萨金融城南环路证券营业部,收盘封住涨停；大环境：情绪上升，允许适度提高进攻仓位；指数环境：指数下跌；首次封板偏晚，需要板块发酵、股性或大环境确认；首板/低板位溢价弹性需依赖题材和封板质量；炸板次数1次，可接受但需看承接；换手过高，次日抛压风险上升；题材/行业热度一般：农化制品；板块内封板排序第1，属于日内前排；今日涨停家数尚可；今日炸板率不高，封板环境较好；A杀血统指数偏高：历史炸板样本1，炸板后A杀率100.0%；A杀血统样本较少，强制退出严格可以打板名单,前一交易日本行业涨停样本缺失；同股历史涨停溢价样本不足,AKShare/Eastmoney pools + local technical screener + local stock_personality_history/history detail + Eastmoney LHB
2026-09-07,2026-09-08,301550,斯菱智驱,涨停,1,19.99754524230957,97.75,,1588661872.0,8.123709678649902,10:04:27,10:05:45,1,,汽车零部,5,9,指数下跌,情绪上升,,,0,7,1,3,3,谨慎可打,,中：需看集合竞价承接,实际有溢价,99.18,101.98,97.41,D:\codex\outputs\a_share_technical_screener\2026-09-08\raw_spot_sina.csv,0.014629156010230293,0.043273657289002676,-0.003478260869565264,0.012629156010230293,False,True,False,True,-6042307.31999999,-118024188.63,,0.17053693996604638,0.1580837560343056,样本不足,1,0,0.0,1,0,0.0,0.024708304735758357,0.040951727293525586,0.0,0,0,,,0.024708304735758357,0.040951727293525586,,1,1.0,0.0,0.024708304735758357,0.024708304735758357,0.040951727293525586,0.014527568062228324,,,10.64,11.14,9.38,收盘封住涨停；大环境：情绪上升，允许适度提高进攻仓位；指数环境：指数下跌；首次封板偏晚，需要板块发酵、股性或大环境确认；首板/低板位溢价弹性需依赖题材和封板质量；炸板次数1次，可接受但需看承接；换手处于可承接区间；所属行业在今日涨停/炸板热度前排：汽车零部；板块内封板排序第5，情绪上升期可按后排套利处理；今日涨停家数尚可；今日炸板率不高，封板环境较好,盘后龙虎榜净卖出0.06亿，次日风险上升；机构净卖出1.18亿,收盘封住涨停；大环境：情绪上升，允许适度提高进攻仓位；指数环境：指数下跌；首次封板偏晚，需要板块发酵、股性或大环境确认；首板/低板位溢价弹性需依赖题材和封板质量；炸板次数1次，可接受但需看承接；换手处于可承接区间；所属行业在今日涨停/炸板热度前排：汽车零部；板块内封板排序第5，情绪上升期可按后排套利处理；今日涨停家数尚可；今日炸板率不高，封板环境较好,前一交易日本行业涨停样本缺失；同股历史涨停溢价样本不足,AKShare/Eastmoney pools + local technical screener + local stock_personality_history/history detail + Eastmoney LHB
2026-09-07,2026-09-08,002403,爱仕达,涨停,3,10.017730712890625,12.41,,473560160.0,13.469894409179688,10:07:54,10:07:54,0,,小家电,2,2,指数下跌,情绪上升,,,0,13,-2,-2,-2,可以打板,,低/可控,实际有溢价,13.65,13.65,13.65,D:\codex\outputs\a_share_technical_screener\2026-09-08\raw_spot_sina.csv,0.09991941982272357,0.09991941982272357,0.09991941982272357,0.09791941982272356,False,True,True,False,,,,,,样本不足,2,0,0.0,2,0,0.0,0.09057861961598346,0.10033255492129389,0.0,0,0,,,0.09057861961598346,0.10033255492129389,,2,1.0,0.0,0.09057861961598346,0.09057861961598346,0.10033255492129389,0.10033255492129389,是,6.938536643981934,17.92,25.21,32.87,收盘封住涨停；大环境：情绪上升，允许适度提高进攻仓位；指数环境：指数下跌；首次封板偏晚，需要板块发酵、股性或大环境确认；3板以上有辨识度；未炸板；换手处于可承接区间；题材/行业热度一般：小家电；板块内封板排序第2，属于日内前排；图形新高或强势池新高；今日涨停家数尚可；今日炸板率不高，封板环境较好,,收盘封住涨停；大环境：情绪上升，允许适度提高进攻仓位；指数环境：指数下跌；首次封板偏晚，需要板块发酵、股性或大环境确认；3板以上有辨识度；未炸板；换手处于可承接区间；题材/行业热度一般：小家电；板块内封板排序第2，属于日内前排；图形新高或强势池新高；今日涨停家数尚可；今日炸板率不高，封板环境较好,前一交易日本行业涨停样本缺失；同股历史涨停溢价样本不足；龙虎榜未上榜或未匹配；仅可作为盘后缺失项,AKShare/Eastmoney pools + local technical screener + local stock_personality_history/history detail + Eastmoney LHB
2026-09-07,2026-09-08,603009,北特科技,涨停,1,10.0,48.84,,682690384.0,4.114304065704346,10:09:37,10:09:37,0,,汽车零部,6,9,指数下跌,情绪上升,,,0,9,0,0,0,可以打板,,低/可控,实际有溢价,50.03,50.03,48.66,D:\codex\outputs\a_share_technical_screener\2026-09-08\raw_spot_sina.csv,0.024365274365274248,0.024365274365274248,-0.0036855036855037993,0.022365274365274246,False,True,False,False,,,,,,样本不足,2,1,0.5,2,1,0.5,0.026965336403172113,0.06155858275773851,0.5,1,0,0.0,0.0,0.026965336403172113,0.06155858275773851,,2,1.0,0.0,0.026965336403172113,0.026965336403172113,0.06155858275773851,0.028680289076490117,,,4.87,5.51,2.26,收盘封住涨停；大环境：情绪上升，允许适度提高进攻仓位；指数环境：指数下跌；首次封板偏晚，需要板块发酵、股性或大环境确认；首板/低板位溢价弹性需依赖题材和封板质量；未炸板；换手处于可承接区间；所属行业在今日涨停/炸板热度前排：汽车零部；板块内封板排序第6，情绪上升期可按后排套利处理；今日涨停家数尚可；今日炸板率不高，封板环境较好,,收盘封住涨停；大环境：情绪上升，允许适度提高进攻仓位；指数环境：指数下跌；首次封板偏晚，需要板块发酵、股性或大环境确认；首板/低板位溢价弹性需依赖题材和封板质量；未炸板；换手处于可承接区间；所属行业在今日涨停/炸板热度前排：汽车零部；板块内封板排序第6，情绪上升期可按后排套利处理；今日涨停家数尚可；今日炸板率不高，封板环境较好,前一交易日本行业涨停样本缺失；同股历史涨停溢价样本不足；龙虎榜未上榜或未匹配；仅可作为盘后缺失项,AKShare/Eastmoney pools + local technical screener + local stock_personality_history/history detail + Eastmoney LHB
2026-09-07,2026-09-08,603311,金海高科,涨停,1,10.0,29.37,,133892709.0,1.9911489486694336,10:13:10,10:13:10,0,,家电零部,1,3,指数下跌,情绪上升,,,0,8,0,0,0,可以打板,,低/可控,实际无溢价,29.36,29.36,27.32,D:\codex\outputs\a_share_technical_screener\2026-09-08\raw_spot_sina.csv,-0.0003404834865509132,-0.0003404834865509132,-0.06979911474293499,-0.0023404834865509132,True,False,False,False,,,,,,样本不足,,,,,,,,,,,,,,,,,,,,,,,,,,7.53,6.59,5.19,收盘封住涨停；大环境：情绪上升，允许适度提高进攻仓位；指数环境：指数下跌；首次封板偏晚，需要板块发酵、股性或大环境确认；首板/低板位溢价弹性需依赖题材和封板质量；未炸板；题材/行业热度一般：家电零部；板块内封板排序第1，属于日内前排；今日涨停家数尚可；今日炸板率不高，封板环境较好,,收盘封住涨停；大环境：情绪上升，允许适度提高进攻仓位；指数环境：指数下跌；首次封板偏晚，需要板块发酵、股性或大环境确认；首板/低板位溢价弹性需依赖题材和封板质量；未炸板；题材/行业热度一般：家电零部；板块内封板排序第1，属于日内前排；今日涨停家数尚可；今日炸板率不高，封板环境较好,前一交易日本行业涨停样本缺失；同股历史涨停溢价样本不足；龙虎榜未上榜或未匹配；仅可作为盘后缺失项,AKShare/Eastmoney pools + local technical screener + local stock_personality_history/history detail + Eastmoney LHB
2026-09-07,2026-09-08,002916,深南电路,涨停,1,10.0,364.98,,3314184032.0,1.3900041580200195,10:14:36,10:35:33,3,,元件,6,14,指数下跌,情绪上升,,,0,6,2,0,0,谨慎可打,,低/可控,实际有溢价,375.37,393.77,382.5,D:\codex\outputs\a_share_technical_screener\2026-09-08\raw_spot_sina.csv,0.028467313277439787,0.07888103457723705,0.04800263028111118,0.026467313277439786,False,True,False,True,549864052.33,249791303.39,,0.24603885840152542,0.12343190028569674,样本不足,1,1,1.0,1,1,1.0,-0.005292596379383063,0.07196126781740553,1.0,1,0,0.0,0.0,-0.005292596379383063,0.07196126781740553,,1,0.0,1.0,-0.005292596379383063,-0.005292596379383063,0.07196126781740553,0.0500390930414385,,,4.82,3.49,-1.11,收盘封住涨停；大环境：情绪上升，允许适度提高进攻仓位；指数环境：指数下跌；首次封板偏晚，需要板块发酵、股性或大环境确认；首板/低板位溢价弹性需依赖题材和封板质量；炸板次数3次，封板稳定性一般；成交额较大，具备市场辨识度；所属行业在今日涨停/炸板热度前排：元件；板块内封板排序第6，情绪上升期可按后排套利处理；今日涨停家数尚可；今日炸板率不高，封板环境较好,盘后龙虎榜净买入5.50亿，可改善次日风险；机构净买入2.50亿,收盘封住涨停；大环境：情绪上升，允许适度提高进攻仓位；指数环境：指数下跌；首次封板偏晚，需要板块发酵、股性或大环境确认；首板/低板位溢价弹性需依赖题材和封板质量；炸板次数3次，封板稳定性一般；成交额较大，具备市场辨识度；所属行业在今日涨停/炸板热度前排：元件；板块内封板排序第6，情绪上升期可按后排套利处理；今日涨停家数尚可；今日炸板率不高，封板环境较好,前一交易日本行业涨停样本缺失；同股历史涨停溢价样本不足,AKShare/Eastmoney pools + local technical screener + local stock_personality_history/history detail + Eastmoney LHB
2026-09-07,2026-09-08,603186,华正新材,涨停,1,10.001773834228516,186.09,,3716928464.0,13.07883358001709,10:15:34,11:04:34,4,,元件,7,14,指数下跌,情绪上升,,,0,8,2,2,2,可以打板,,中：需看集合竞价承接,实际有溢价,191.0,202.0,192.78,D:\codex\outputs\a_share_technical_screener\2026-09-08\raw_spot_sina.csv,0.026385082486968692,0.08549626524799825,0.035950346606480776,0.02438508248696869,False,True,False,False,,,,,,股性偏强,3,2,0.6666666666666666,3,2,0.6666666666666666,0.026844315348549364,0.09418199364870412,0.6666666666666666,2,0,0.0,0.0,0.026844315348549364,0.09418199364870412,,3,1.0,0.0,0.026844315348549364,0.022546307937306054,0.09418199364870412,0.08419082258134496,,,4.78,4.11,1.97,收盘封住涨停；大环境：情绪上升，允许适度提高进攻仓位；指数环境：指数下跌；首次封板偏晚，需要板块发酵、股性或大环境确认；首板/低板位溢价弹性需依赖题材和封板质量；炸板次数4次，封板稳定性一般；换手处于可承接区间；成交额较大，具备市场辨识度；所属行业在今日涨停/炸板热度前排：元件；板块内封板排序第7，情绪上升期可按后排套利处理；今日涨停家数尚可；今日炸板率不高，封板环境较好；三年股性偏强：涨停样本3，次日开盘有溢价率100.0%，均值2.7%；历史封板稳定性一般：涨停/炸板样本中未封住比例66.7%,,收盘封住涨停；大环境：情绪上升，允许适度提高进攻仓位；指数环境：指数下跌；首次封板偏晚，需要板块发酵、股性或大环境确认；首板/低板位溢价弹性需依赖题材和封板质量；炸板次数4次，封板稳定性一般；换手处于可承接区间；成交额较大，具备市场辨识度；所属行业在今日涨停/炸板热度前排：元件；板块内封板排序第7，情绪上升期可按后排套利处理；今日涨停家数尚可；今日炸板率不高，封板环境较好；三年股性偏强：涨停样本3，次日开盘有溢价率100.0%，均值2.7%；历史封板稳定性一般：涨停/炸板样本中未封住比例66.7%,前一交易日本行业涨停样本缺失；龙虎榜未上榜或未匹配；仅可作为盘后缺失项,AKShare/Eastmoney pools + local technical screener + local stock_personality_history/history detail + Eastmoney LHB
2026-09-07,2026-09-08,603124,江南新材,涨停,1,9.999160766601562,131.13,,1267317216.0,12.731863975524902,10:15:46,14:53:40,5,,金属新材,1,1,指数下跌,情绪上升,,,0,6,4,4,4,谨慎可打（次日风险高）,,高：次日无溢价风险高,实际有溢价,131.5,138.06,132.0,D:\codex\outputs\a_share_technical_screener\2026-09-08\raw_spot_sina.csv,0.0028216273926637836,0.052848318462594523,0.006634637382749942,0.0008216273926637836,False,True,False,False,,,,,,股性偏弱,3,3,1.0,3,3,1.0,0.0018957651575477834,0.07445852300212759,1.0,3,0,0.0,0.0,0.0018957651575477834,0.07445852300212759,,3,0.3333333333333333,0.6666666666666666,0.0018957651575477834,-7.059155724964405e-05,0.07445852300212759,0.057812361502090646,,,7.47,5.3,4.53,收盘封住涨停；大环境：情绪上升，允许适度提高进攻仓位；指数环境：指数下跌；首次封板偏晚，需要板块发酵、股性或大环境确认；首板/低板位溢价弹性需依赖题材和封板质量；炸板次数5次，封板稳定性一般；换手处于可承接区间；题材/行业热度一般：金属新材；板块内封板排序第1，属于日内前排；今日涨停家数尚可；今日炸板率不高，封板环境较好；三年股性偏弱：涨停样本3，次日开盘有溢价率33.3%，均值0.2%；历史封板稳定性一般：涨停/炸板样本中未封住比例100.0%,,收盘封住涨停；大环境：情绪上升，允许适度提高进攻仓位；指数环境：指数下跌；首次封板偏晚，需要板块发酵、股性或大环境确认；首板/低板位溢价弹性需依赖题材和封板质量；炸板次数5次，封板稳定性一般；换手处于可承接区间；题材/行业热度一般：金属新材；板块内封板排序第1，属于日内前排；今日涨停家数尚可；今日炸板率不高，封板环境较好；三年股性偏弱：涨停样本3，次日开盘有溢价率33.3%，均值0.2%；历史封板稳定性一般：涨停/炸板样本中未封住比例100.0%,前一交易日本行业涨停样本缺失；龙虎榜未上榜或未匹配；仅可作为盘后缺失项,AKShare/Eastmoney pools + local technical screener + local stock_personality_history/history detail + Eastmoney LHB
2026-09-07,2026-09-08,600103,青山纸业,涨停,1,10.14084529876709,3.91,,1875462400.0,22.27280044555664,10:16:04,11:06:10,4,,造纸,1,1,指数下跌,情绪上升,,,0,6,5,4,4,不能打板,,高：次日无溢价风险高,实际无溢价,3.9,4.15,4.05,D:\codex\outputs\a_share_technical_screener\2026-09-08\raw_spot_sina.csv,-0.002557544757033292,0.0613810741687979,0.03580562659846542,-0.004557544757033292,True,True,False,True,199388622.14,0.0,拉萨系:东方财富证券股份有限公司拉萨团结路第二证券营业部；武汉紫阳东路:国泰海通证券股份有限公司武汉紫阳东路证券营业部,0.17173475955213016,0.06542037984782766,A杀血统高,5,3,0.6,5,3,0.6,0.01891805581597139,0.06275865586986921,0.6,3,1,0.3333333333333333,0.3333333333333333,0.01891805581597139,0.06275865586986921,禁止打板,5,0.6,0.4,0.01891805581597139,0.01587301587301604,0.06275865586986921,0.027572628337317284,否,0.9099748730659485,1.45,4.63,2.62,收盘封住涨停；大环境：情绪上升，允许适度提高进攻仓位；指数环境：指数下跌；首次封板偏晚，需要板块发酵、股性或大环境确认；首板/低板位溢价弹性需依赖题材和封板质量；炸板次数4次，封板稳定性一般；题材/行业热度一般：造纸；板块内封板排序第1，属于日内前排；今日涨停家数尚可；今日炸板率不高，封板环境较好；三年股性偏强：涨停样本5，次日开盘有溢价率60.0%，均值1.9%；历史封板稳定性一般：涨停/炸板样本中未封住比例60.0%；A杀血统指数偏高：历史炸板样本3，炸板后A杀率33.3%；历史炸板A杀率>30%，按股性记忆强制禁止打板,盘后龙虎榜净买入1.99亿，可改善次日风险；关注席位上榜：拉萨系:东方财富证券股份有限公司拉萨团结路第二证券营业部；武汉紫阳东路:国泰海通证券股份有限公司武汉紫阳东路证券营业部,收盘封住涨停；大环境：情绪上升，允许适度提高进攻仓位；指数环境：指数下跌；首次封板偏晚，需要板块发酵、股性或大环境确认；首板/低板位溢价弹性需依赖题材和封板质量；炸板次数4次，封板稳定性一般；题材/行业热度一般：造纸；板块内封板排序第1，属于日内前排；今日涨停家数尚可；今日炸板率不高，封板环境较好；三年股性偏强：涨停样本5，次日开盘有溢价率60.0%，均值1.9%；历史封板稳定性一般：涨停/炸板样本中未封住比例60.0%；A杀血统指数偏高：历史炸板样本3，炸板后A杀率33.3%；历史炸板A杀率>30%，按股性记忆强制禁止打板,前一交易日本行业涨停样本缺失,AKShare/Eastmoney pools + local technical screener + local stock_personality_history/history detail + Eastmoney LHB
2026-09-07,2026-09-08,002980,华盛昌,涨停,1,10.003725051879883,118.1,,1284638528.0,11.063730239868164,10:17:18,10:22:42,1,,电网设备,1,1,指数下跌,情绪上升,,,0,8,1,-1,-1,可以打板,,低/可控,实际有溢价,124.88,129.91,129.91,D:\codex\outputs\a_share_technical_screener\2026-09-08\raw_spot_sina.csv,0.0574089754445386,0.10000000000000009,0.10000000000000009,0.0554089754445386,False,True,True,True,257799533.32,17069487.69,,0.18988560596920528,0.14514167345828694,股性偏强,5,4,0.8,5,4,0.8,0.020373267613717626,0.08021632161665479,0.8,4,0,0.0,0.0,0.020373267613717626,0.08021632161665479,,5,0.6,0.4,0.020373267613717626,0.019206271435570965,0.08021632161665479,0.04663213875259331,否,1.0339076519012451,11.62,15.72,16.58,收盘封住涨停；大环境：情绪上升，允许适度提高进攻仓位；指数环境：指数下跌；首次封板偏晚，需要板块发酵、股性或大环境确认；首板/低板位溢价弹性需依赖题材和封板质量；炸板次数1次，可接受但需看承接；换手处于可承接区间；题材/行业热度一般：电网设备；板块内封板排序第1，属于日内前排；今日涨停家数尚可；今日炸板率不高，封板环境较好；三年股性偏强：涨停样本5，次日开盘有溢价率60.0%，均值2.0%；历史封板稳定性一般：涨停/炸板样本中未封住比例80.0%,盘后龙虎榜净买入2.58亿，可改善次日风险；机构净买入0.17亿,收盘封住涨停；大环境：情绪上升，允许适度提高进攻仓位；指数环境：指数下跌；首次封板偏晚，需要板块发酵、股性或大环境确认；首板/低板位溢价弹性需依赖题材和封板质量；炸板次数1次，可接受但需看承接；换手处于可承接区间；题材/行业热度一般：电网设备；板块内封板排序第1，属于日内前排；今日涨停家数尚可；今日炸板率不高，封板环境较好；三年股性偏强：涨停样本5，次日开盘有溢价率60.0%，均值2.0%；历史封板稳定性一般：涨停/炸板样本中未封住比例80.0%,前一交易日本行业涨停样本缺失,AKShare/Eastmoney pools + local technical screener + local stock_personality_history/history detail + Eastmoney LHB
2026-09-07,2026-09-08,002011,盾安环境,涨停,1,10.046082496643066,11.94,,976147552.0,7.8355841636657715,10:18:48,11:29:27,6,,家电零部,2,3,指数下跌,情绪上升,,,0,6,3,3,3,谨慎可打,,中：需看集合竞价承接,实际有溢价,12.3,12.54,11.95,D:\codex\outputs\a_share_technical_screener\2026-09-08\raw_spot_sina.csv,0.03015075376884435,0.05025125628140703,0.0008375209380233617,0.02815075376884435,False,True,False,False,,,,,,样本不足,,,,,,,,,,,,,,,,,,,,,,,,是,5.492868900299072,10.9,14.07,16.72,收盘封住涨停；大环境：情绪上升，允许适度提高进攻仓位；指数环境：指数下跌；首次封板偏晚，需要板块发酵、股性或大环境确认；首板/低板位溢价弹性需依赖题材和封板质量；炸板次数6次，封板分歧大；换手处于可承接区间；题材/行业热度一般：家电零部；板块内封板排序第2，属于日内前排；图形新高或强势池新高；今日涨停家数尚可；今日炸板率不高，封板环境较好,,收盘封住涨停；大环境：情绪上升，允许适度提高进攻仓位；指数环境：指数下跌；首次封板偏晚，需要板块发酵、股性或大环境确认；首板/低板位溢价弹性需依赖题材和封板质量；炸板次数6次，封板分歧大；换手处于可承接区间；题材/行业热度一般：家电零部；板块内封板排序第2，属于日内前排；图形新高或强势池新高；今日涨停家数尚可；今日炸板率不高，封板环境较好,前一交易日本行业涨停样本缺失；同股历史涨停溢价样本不足；龙虎榜未上榜或未匹配；仅可作为盘后缺失项,AKShare/Eastmoney pools + local technical screener + local stock_personality_history/history detail + Eastmoney LHB
2026-09-07,2026-09-08,002515,金字火腿,涨停,1,9.97304630279541,8.16,,1385520768.0,15.767118453979492,10:26:24,14:17:54,5,,食品加工,2,3,指数下跌,情绪上升,,,0,6,5,5,5,不能打板,,高：次日无溢价风险高,实际无溢价,8.16,8.26,7.95,D:\codex\outputs\a_share_technical_screener\2026-09-08\raw_spot_sina.csv,0.0,0.01225490196078427,-0.02573529411764708,-0.002,False,False,False,False,,,,,,A杀血统高,2,2,1.0,2,2,1.0,0.007447343076085522,0.0174825174825175,1.0,2,1,0.5,0.5,0.007447343076085522,0.0174825174825175,谨慎可打,2,0.5,0.5,0.007447343076085522,0.007447343076085522,0.0174825174825175,-0.04633739513979035,,,5.29,2.03,0.12,收盘封住涨停；大环境：情绪上升，允许适度提高进攻仓位；指数环境：指数下跌；首次封板偏晚，需要板块发酵、股性或大环境确认；首板/低板位溢价弹性需依赖题材和封板质量；炸板次数5次，封板稳定性一般；换手处于可承接区间；题材/行业热度一般：食品加工；板块内封板排序第2，属于日内前排；今日涨停家数尚可；今日炸板率不高，封板环境较好；A杀血统指数偏高：历史炸板样本2，炸板后A杀率50.0%；A杀血统样本较少，强制退出严格可以打板名单,,收盘封住涨停；大环境：情绪上升，允许适度提高进攻仓位；指数环境：指数下跌；首次封板偏晚，需要板块发酵、股性或大环境确认；首板/低板位溢价弹性需依赖题材和封板质量；炸板次数5次，封板稳定性一般；换手处于可承接区间；题材/行业热度一般：食品加工；板块内封板排序第2，属于日内前排；今日涨停家数尚可；今日炸板率不高，封板环境较好；A杀血统指数偏高：历史炸板样本2，炸板后A杀率50.0%；A杀血统样本较少，强制退出严格可以打板名单,前一交易日本行业涨停样本缺失；同股历史涨停溢价样本不足；龙虎榜未上榜或未匹配；仅可作为盘后缺失项,AKShare/Eastmoney pools + local technical screener + local stock_personality_history/history detail + Eastmoney LHB
2026-09-07,2026-09-08,603286,日盈电子,涨停,1,10.011613845825195,47.36,,307505984.0,5.736274719238281,10:31:49,10:31:49,0,,汽车零部,8,9,指数下跌,情绪上升,,,0,9,0,0,0,可以打板,,低/可控,实际有溢价,47.61,48.3,46.01,D:\codex\outputs\a_share_technical_screener\2026-09-08\raw_spot_sina.csv,0.005278716216216228,0.019847972972973027,-0.028505067567567544,0.003278716216216228,False,False,False,False,,,,,,样本不足,2,1,0.5,2,1,0.5,-0.0018980594627795444,0.04013126448105375,0.5,1,0,0.0,0.0,-0.0018980594627795444,0.04013126448105375,,2,0.5,0.5,-0.0018980594627795444,-0.0018980594627795444,0.04013126448105375,0.011866710451900075,,,3.56,5.87,2.96,收盘封住涨停；大环境：情绪上升，允许适度提高进攻仓位；指数环境：指数下跌；首次封板偏晚，需要板块发酵、股性或大环境确认；首板/低板位溢价弹性需依赖题材和封板质量；未炸板；换手处于可承接区间；所属行业在今日涨停/炸板热度前排：汽车零部；板块内封板排序第8，情绪上升期可按后排套利处理；今日涨停家数尚可；今日炸板率不高，封板环境较好,,收盘封住涨停；大环境：情绪上升，允许适度提高进攻仓位；指数环境：指数下跌；首次封板偏晚，需要板块发酵、股性或大环境确认；首板/低板位溢价弹性需依赖题材和封板质量；未炸板；换手处于可承接区间；所属行业在今日涨停/炸板热度前排：汽车零部；板块内封板排序第8，情绪上升期可按后排套利处理；今日涨停家数尚可；今日炸板率不高，封板环境较好,前一交易日本行业涨停样本缺失；同股历史涨停溢价样本不足；龙虎榜未上榜或未匹配；仅可作为盘后缺失项,AKShare/Eastmoney pools + local technical screener + local stock_personality_history/history detail + Eastmoney LHB
2026-09-07,2026-09-08,603628,清源股份,涨停,1,10.040567398071289,10.85,,193102668.0,6.682899475097656,10:32:19,10:46:40,1,,光伏设备,1,1,指数下跌,情绪上升,,,0,8,1,1,1,可以打板,,低/可控,实际有溢价,11.17,11.17,10.76,D:\codex\outputs\a_share_technical_screener\2026-09-08\raw_spot_sina.csv,0.029493087557603603,0.029493087557603603,-0.008294930875575979,0.0274930875576036,False,True,False,False,,,,,,样本不足,,,,,,,,,,,,,,,,,,,,,,,,是,2.8384878635406494,6.96,8.95,10.94,收盘封住涨停；大环境：情绪上升，允许适度提高进攻仓位；指数环境：指数下跌；首次封板偏晚，需要板块发酵、股性或大环境确认；首板/低板位溢价弹性需依赖题材和封板质量；炸板次数1次，可接受但需看承接；换手处于可承接区间；题材/行业热度一般：光伏设备；板块内封板排序第1，属于日内前排；图形新高或强势池新高；今日涨停家数尚可；今日炸板率不高，封板环境较好,,收盘封住涨停；大环境：情绪上升，允许适度提高进攻仓位；指数环境：指数下跌；首次封板偏晚，需要板块发酵、股性或大环境确认；首板/低板位溢价弹性需依赖题材和封板质量；炸板次数1次，可接受但需看承接；换手处于可承接区间；题材/行业热度一般：光伏设备；板块内封板排序第1，属于日内前排；图形新高或强势池新高；今日涨停家数尚可；今日炸板率不高，封板环境较好,前一交易日本行业涨停样本缺失；同股历史涨停溢价样本不足；龙虎榜未上榜或未匹配；仅可作为盘后缺失项,AKShare/Eastmoney pools + local technical screener + local stock_personality_history/history detail + Eastmoney LHB
2026-09-07,2026-09-08,603042,华脉科技,涨停,1,9.978616714477539,15.43,,166435009.0,5.341314792633057,10:33:37,10:33:37,0,,通信设备,4,8,指数下跌,情绪上升,,,0,9,0,0,0,可以打板,,低/可控,实际有溢价,16.97,16.97,16.97,D:\codex\outputs\a_share_technical_screener\2026-09-08\raw_spot_sina.csv,0.0998055735580039,0.0998055735580039,0.0998055735580039,0.0978055735580039,False,True,True,False,,,,,,样本不足,,,,,,,,,,,,,,,,,,,,,,,,,,6.3,7.88,8.2,收盘封住涨停；大环境：情绪上升，允许适度提高进攻仓位；指数环境：指数下跌；首次封板偏晚，需要板块发酵、股性或大环境确认；首板/低板位溢价弹性需依赖题材和封板质量；未炸板；换手处于可承接区间；所属行业在今日涨停/炸板热度前排：通信设备；板块内封板排序第4，情绪上升期可按后排套利处理；今日涨停家数尚可；今日炸板率不高，封板环境较好,,收盘封住涨停；大环境：情绪上升，允许适度提高进攻仓位；指数环境：指数下跌；首次封板偏晚，需要板块发酵、股性或大环境确认；首板/低板位溢价弹性需依赖题材和封板质量；未炸板；换手处于可承接区间；所属行业在今日涨停/炸板热度前排：通信设备；板块内封板排序第4，情绪上升期可按后排套利处理；今日涨停家数尚可；今日炸板率不高，封板环境较好,前一交易日本行业涨停样本缺失；同股历史涨停溢价样本不足；龙虎榜未上榜或未匹配；仅可作为盘后缺失项,AKShare/Eastmoney pools + local technical screener + local stock_personality_history/history detail + Eastmoney LHB
2026-09-07,2026-09-08,001267,汇绿生态,涨停,1,10.00284194946289,38.71,,1544601456.0,6.7009758949279785,10:36:33,11:24:51,1,,通信设备,5,8,指数下跌,情绪上升,,,0,7,2,2,2,谨慎可打,,中：需看集合竞价承接,实际无溢价,38.01,38.94,37.51,D:\codex\outputs\a_share_technical_screener\2026-09-08\raw_spot_sina.csv,-0.018083182640144746,0.005941617153190304,-0.03099974166881947,-0.020083182640144748,True,True,False,False,,,,,,股性中性,6,4,0.6666666666666666,6,4,0.6666666666666666,0.013997329121005653,0.0640125088197963,0.6666666666666666,4,0,0.0,0.0,0.013997329121005653,0.0640125088197963,,6,0.5,0.5,0.013997329121005653,0.0060450622086567485,0.0640125088197963,0.03265757405723966,,,4.46,2.02,-1.45,收盘封住涨停；大环境：情绪上升，允许适度提高进攻仓位；指数环境：指数下跌；首次封板偏晚，需要板块发酵、股性或大环境确认；首板/低板位溢价弹性需依赖题材和封板质量；炸板次数1次，可接受但需看承接；换手处于可承接区间；所属行业在今日涨停/炸板热度前排：通信设备；板块内封板排序第5，情绪上升期可按后排套利处理；今日涨停家数尚可；今日炸板率不高，封板环境较好；三年股性中性：涨停样本6，次日开盘有溢价率50.0%；历史封板稳定性一般：涨停/炸板样本中未封住比例66.7%,,收盘封住涨停；大环境：情绪上升，允许适度提高进攻仓位；指数环境：指数下跌；首次封板偏晚，需要板块发酵、股性或大环境确认；首板/低板位溢价弹性需依赖题材和封板质量；炸板次数1次，可接受但需看承接；换手处于可承接区间；所属行业在今日涨停/炸板热度前排：通信设备；板块内封板排序第5，情绪上升期可按后排套利处理；今日涨停家数尚可；今日炸板率不高，封板环境较好；三年股性中性：涨停样本6，次日开盘有溢价率50.0%；历史封板稳定性一般：涨停/炸板样本中未封住比例66.7%,前一交易日本行业涨停样本缺失；龙虎榜未上榜或未匹配；仅可作为盘后缺失项,AKShare/Eastmoney pools + local technical screener + local stock_personality_history/history detail + Eastmoney LHB
2026-09-07,2026-09-08,920821,则成电子,涨停,1,29.97245216369629,23.59,,329178048.0,20.520875930786133,10:37:15,13:23:36,2,,元件,8,14,指数下跌,情绪上升,,,0,6,1,0,0,谨慎可打,,低/可控,实际无溢价,22.7,23.53,22.18,D:\codex\outputs\a_share_technical_screener\2026-09-08\raw_spot_sina.csv,-0.03772785078423058,-0.0025434506146672087,-0.059771089444679903,-0.03972785078423058,True,True,False,True,16847066.27,0.0,,0.13783080184580987,0.09280495154597208,样本不足,,,,,,,,,,,,,,,,,,,,,,,,,,20.42,26.54,32.6,收盘封住涨停；大环境：情绪上升，允许适度提高进攻仓位；指数环境：指数下跌；首次封板偏晚，需要板块发酵、股性或大环境确认；首板/低板位溢价弹性需依赖题材和封板质量；炸板次数2次，可接受但需看承接；所属行业在今日涨停/炸板热度前排：元件；板块内封板排序第8，情绪上升期可按后排套利处理；今日涨停家数尚可；今日炸板率不高，封板环境较好,盘后龙虎榜净买入0.17亿，可改善次日风险,收盘封住涨停；大环境：情绪上升，允许适度提高进攻仓位；指数环境：指数下跌；首次封板偏晚，需要板块发酵、股性或大环境确认；首板/低板位溢价弹性需依赖题材和封板质量；炸板次数2次，可接受但需看承接；所属行业在今日涨停/炸板热度前排：元件；板块内封板排序第8，情绪上升期可按后排套利处理；今日涨停家数尚可；今日炸板率不高，封板环境较好,前一交易日本行业涨停样本缺失；同股历史涨停溢价样本不足,AKShare/Eastmoney pools + local technical screener + local stock_personality_history/history detail + Eastmoney LHB
2026-09-07,2026-09-08,300112,万讯自控,涨停,1,20.02275276184082,10.55,,388699664.0,15.799373626708984,10:40:30,10:40:30,0,,通用设备,3,3,指数下跌,情绪上升,,,0,10,0,-2,-2,可以打板,,低/可控,实际有溢价,10.7,10.8,9.83,D:\codex\outputs\a_share_technical_screener\2026-09-08\raw_spot_sina.csv,0.0142180094786728,0.023696682464454888,-0.06824644549763037,0.0122180094786728,False,True,False,True,55292671.87,10249413.679999998,,0.28604942946451106,0.14078814368087728,样本不足,,,,,,,,,,,,,,,,,,,,,,,,,,13.37,7.24,9.1,收盘封住涨停；大环境：情绪上升，允许适度提高进攻仓位；指数环境：指数下跌；首次封板偏晚，需要板块发酵、股性或大环境确认；首板/低板位溢价弹性需依赖题材和封板质量；未炸板；换手处于可承接区间；题材/行业热度一般：通用设备；板块内封板排序第3，属于日内前排；接近年/三年高点，图形有辨识度；今日涨停家数尚可；今日炸板率不高，封板环境较好,盘后龙虎榜净买入0.55亿，可改善次日风险；机构净买入0.10亿,收盘封住涨停；大环境：情绪上升，允许适度提高进攻仓位；指数环境：指数下跌；首次封板偏晚，需要板块发酵、股性或大环境确认；首板/低板位溢价弹性需依赖题材和封板质量；未炸板；换手处于可承接区间；题材/行业热度一般：通用设备；板块内封板排序第3，属于日内前排；接近年/三年高点，图形有辨识度；今日涨停家数尚可；今日炸板率不高，封板环境较好,前一交易日本行业涨停样本缺失；同股历史涨停溢价样本不足,AKShare/Eastmoney pools + local technical screener + local stock_personality_history/history detail + Eastmoney LHB
2026-09-07,2026-09-08,603679,华体科技,涨停,1,9.995372772216797,23.77,,297958912.0,7.189168930053711,10:42:06,15:00:00,7,,光学光电,2,2,指数下跌,情绪上升,,,0,6,3,3,3,谨慎可打,,中：需看集合竞价承接,实际有溢价,24.72,26.15,26.15,D:\codex\outputs\a_share_technical_screener\2026-09-08\raw_spot_sina.csv,0.03996634413125788,0.10012620950778284,0.10012620950778284,0.03796634413125788,False,True,True,False,,,,,,样本不足,,,,,,,,,,,,,,,,,,,,,,,,,,5.83,3.93,0.46,收盘封住涨停；大环境：情绪上升，允许适度提高进攻仓位；指数环境：指数下跌；首次封板偏晚，需要板块发酵、股性或大环境确认；首板/低板位溢价弹性需依赖题材和封板质量；炸板次数7次，封板分歧大；换手处于可承接区间；题材/行业热度一般：光学光电；板块内封板排序第2，属于日内前排；接近年/三年高点，图形有辨识度；今日涨停家数尚可；今日炸板率不高，封板环境较好,,收盘封住涨停；大环境：情绪上升，允许适度提高进攻仓位；指数环境：指数下跌；首次封板偏晚，需要板块发酵、股性或大环境确认；首板/低板位溢价弹性需依赖题材和封板质量；炸板次数7次，封板分歧大；换手处于可承接区间；题材/行业热度一般：光学光电；板块内封板排序第2，属于日内前排；接近年/三年高点，图形有辨识度；今日涨停家数尚可；今日炸板率不高，封板环境较好,前一交易日本行业涨停样本缺失；同股历史涨停溢价样本不足；龙虎榜未上榜或未匹配；仅可作为盘后缺失项,AKShare/Eastmoney pools + local technical screener + local stock_personality_history/history detail + Eastmoney LHB
2026-09-07,2026-09-08,001229,魅视科技,涨停,1,10.014143943786621,38.89,,181330785.0,6.537440299987793,10:43:24,10:43:24,0,,计算机设,1,1,指数下跌,情绪上升,,,0,10,0,0,0,可以打板,,低/可控,实际有溢价,39.99,41.43,40.11,D:\codex\outputs\a_share_technical_screener\2026-09-08\raw_spot_sina.csv,0.028284906145538802,0.06531241964515289,0.03137053227050646,0.0262849061455388,False,True,False,False,,,,,,股性偏强,3,2,0.6666666666666666,3,2,0.6666666666666666,0.02402384896822766,0.06925537280719458,0.6666666666666666,2,0,0.0,0.0,0.02402384896822766,0.06925537280719458,,3,0.6666666666666666,0.3333333333333333,0.02402384896822766,0.028066528066528207,0.06925537280719458,0.058874379845803536,,,4.35,-0.11,-0.84,收盘封住涨停；大环境：情绪上升，允许适度提高进攻仓位；指数环境：指数下跌；首次封板偏晚，需要板块发酵、股性或大环境确认；首板/低板位溢价弹性需依赖题材和封板质量；未炸板；换手处于可承接区间；题材/行业热度一般：计算机设；板块内封板排序第1，属于日内前排；今日涨停家数尚可；今日炸板率不高，封板环境较好；三年股性偏强：涨停样本3，次日开盘有溢价率66.7%，均值2.4%；历史封板稳定性一般：涨停/炸板样本中未封住比例66.7%,,收盘封住涨停；大环境：情绪上升，允许适度提高进攻仓位；指数环境：指数下跌；首次封板偏晚，需要板块发酵、股性或大环境确认；首板/低板位溢价弹性需依赖题材和封板质量；未炸板；换手处于可承接区间；题材/行业热度一般：计算机设；板块内封板排序第1，属于日内前排；今日涨停家数尚可；今日炸板率不高，封板环境较好；三年股性偏强：涨停样本3，次日开盘有溢价率66.7%，均值2.4%；历史封板稳定性一般：涨停/炸板样本中未封住比例66.7%,前一交易日本行业涨停样本缺失；龙虎榜未上榜或未匹配；仅可作为盘后缺失项,AKShare/Eastmoney pools + local technical screener + local stock_personality_history/history detail + Eastmoney LHB
2026-09-07,2026-09-08,605168,三人行,涨停,1,9.995809555053711,52.49,,491569952.0,4.581240177154541,10:52:37,11:13:52,1,,广告营销,1,1,指数下跌,情绪上升,,,0,7,1,1,1,谨慎可打,,低/可控,实际有溢价,53.94,55.31,55.15,D:\codex\outputs\a_share_technical_screener\2026-09-08\raw_spot_sina.csv,0.027624309392265012,0.05372451895599162,0.05067631929891392,0.02562430939226501,False,True,False,False,,,,,,样本不足,1,0,0.0,1,0,0.0,0.04569115095430876,0.04916136495083867,0.0,0,0,,,0.04569115095430876,0.04916136495083867,,1,1.0,0.0,0.04569115095430876,0.04569115095430876,0.04916136495083867,0.02342394447657603,,,6.04,8.9,9.04,收盘封住涨停；大环境：情绪上升，允许适度提高进攻仓位；指数环境：指数下跌；首次封板偏晚，需要板块发酵、股性或大环境确认；首板/低板位溢价弹性需依赖题材和封板质量；炸板次数1次，可接受但需看承接；换手处于可承接区间；题材/行业热度一般：广告营销；板块内封板排序第1，属于日内前排；今日涨停家数尚可；今日炸板率不高，封板环境较好,,收盘封住涨停；大环境：情绪上升，允许适度提高进攻仓位；指数环境：指数下跌；首次封板偏晚，需要板块发酵、股性或大环境确认；首板/低板位溢价弹性需依赖题材和封板质量；炸板次数1次，可接受但需看承接；换手处于可承接区间；题材/行业热度一般：广告营销；板块内封板排序第1，属于日内前排；今日涨停家数尚可；今日炸板率不高，封板环境较好,前一交易日本行业涨停样本缺失；同股历史涨停溢价样本不足；龙虎榜未上榜或未匹配；仅可作为盘后缺失项,AKShare/Eastmoney pools + local technical screener + local stock_personality_history/history detail + Eastmoney LHB
2026-09-07,2026-09-08,002470,金正大,涨停,1,10.047846794128418,2.3,,790310928.0,10.754615783691406,10:54:03,11:16:54,1,,农化制品,2,2,指数下跌,情绪上升,,,0,7,1,1,1,谨慎可打,,低/可控,实际有溢价,2.34,2.53,2.53,D:\codex\outputs\a_share_technical_screener\2026-09-08\raw_spot_sina.csv,0.01739130434782621,0.10000000000000009,0.10000000000000009,0.015391304347826209,False,True,True,False,,,,,,样本不足,1,0,0.0,1,0,0.0,0.0474137931034484,0.056034482758620774,0.0,0,0,,,0.0474137931034484,0.056034482758620774,,1,1.0,0.0,0.0474137931034484,0.0474137931034484,0.056034482758620774,-0.06465517241379304,,,5.02,8.08,9.0,收盘封住涨停；大环境：情绪上升，允许适度提高进攻仓位；指数环境：指数下跌；首次封板偏晚，需要板块发酵、股性或大环境确认；首板/低板位溢价弹性需依赖题材和封板质量；炸板次数1次，可接受但需看承接；换手处于可承接区间；题材/行业热度一般：农化制品；板块内封板排序第2，属于日内前排；今日涨停家数尚可；今日炸板率不高，封板环境较好,,收盘封住涨停；大环境：情绪上升，允许适度提高进攻仓位；指数环境：指数下跌；首次封板偏晚，需要板块发酵、股性或大环境确认；首板/低板位溢价弹性需依赖题材和封板质量；炸板次数1次，可接受但需看承接；换手处于可承接区间；题材/行业热度一般：农化制品；板块内封板排序第2，属于日内前排；今日涨停家数尚可；今日炸板率不高，封板环境较好,前一交易日本行业涨停样本缺失；同股历史涨停溢价样本不足；龙虎榜未上榜或未匹配；仅可作为盘后缺失项,AKShare/Eastmoney pools + local technical screener + local stock_personality_history/history detail + Eastmoney LHB
2026-09-07,2026-09-08,600540,新赛股份,涨停,1,9.983633041381836,6.72,,1194789392.0,31.838756561279297,10:54:11,13:49:20,13,,种植业,4,5,指数下跌,情绪上升,,,0,6,6,7,7,不能打板,,高：次日无溢价风险高,实际有溢价,6.82,7.23,6.55,D:\codex\outputs\a_share_technical_screener\2026-09-08\raw_spot_sina.csv,0.01488095238095255,0.0758928571428572,-0.02529761904761907,0.01288095238095255,False,True,False,True,-125464.73999998,0.0,,0.1186292986114583,0.11873430853265031,A杀血统高,6,2,0.3333333333333333,6,2,0.3333333333333333,0.05787419735360574,0.05817395754545226,0.3333333333333333,2,1,0.5,0.5,0.05787419735360574,0.05817395754545226,谨慎可打,6,0.8333333333333334,0.16666666666666666,0.05787419735360574,0.09929703296186587,0.05817395754545226,0.05121138139227558,否,1.9022356271743774,5.86,21.7,20.86,收盘封住涨停；大环境：情绪上升，允许适度提高进攻仓位；指数环境：指数下跌；首次封板偏晚，需要板块发酵、股性或大环境确认；首板/低板位溢价弹性需依赖题材和封板质量；炸板次数13次，封板分歧大；换手过高，次日抛压风险上升；所属行业在今日涨停/炸板热度前排：种植业；板块内封板排序第4，情绪上升期可按后排套利处理；接近年/三年高点，图形有辨识度；今日涨停家数尚可；今日炸板率不高，封板环境较好；三年股性偏强：涨停样本6，次日开盘有溢价率83.3%，均值5.8%；A杀血统指数偏高：历史炸板样本2，炸板后A杀率50.0%；A杀血统样本较少，强制退出严格可以打板名单,盘后龙虎榜净卖出0.00亿，次日风险上升,收盘封住涨停；大环境：情绪上升，允许适度提高进攻仓位；指数环境：指数下跌；首次封板偏晚，需要板块发酵、股性或大环境确认；首板/低板位溢价弹性需依赖题材和封板质量；炸板次数13次，封板分歧大；换手过高，次日抛压风险上升；所属行业在今日涨停/炸板热度前排：种植业；板块内封板排序第4，情绪上升期可按后排套利处理；接近年/三年高点，图形有辨识度；今日涨停家数尚可；今日炸板率不高，封板环境较好；三年股性偏强：涨停样本6，次日开盘有溢价率83.3%，均值5.8%；A杀血统指数偏高：历史炸板样本2，炸板后A杀率50.0%；A杀血统样本较少，强制退出严格可以打板名单,前一交易日本行业涨停样本缺失,AKShare/Eastmoney pools + local technical screener + local stock_personality_history/history detail + Eastmoney LHB
2026-09-07,2026-09-08,600785,新华百货,涨停,1,10.0,12.54,,905511072.0,23.642011642456055,10:55:12,13:06:30,6,,一般零售,5,6,指数下跌,情绪上升,,,0,5,3,3,3,谨慎可打,,中：需看集合竞价承接,实际有溢价,12.56,12.95,12.2,D:\codex\outputs\a_share_technical_screener\2026-09-08\raw_spot_sina.csv,0.0015948963317384823,0.032695374800638,-0.027113237639553422,-0.0004051036682615177,False,True,False,False,,,,,,股性偏强,4,3,0.75,4,3,0.75,0.022861147985692498,0.06253032299912142,0.75,3,0,0.0,0.0,0.022861147985692498,0.06253032299912142,,4,0.75,0.25,0.022861147985692498,0.01630114921165926,0.06253032299912142,0.03216282996597289,,,2.9,4.75,8.95,收盘封住涨停；大环境：情绪上升，允许适度提高进攻仓位；指数环境：指数下跌；首次封板偏晚，需要板块发酵、股性或大环境确认；首板/低板位溢价弹性需依赖题材和封板质量；炸板次数6次，封板分歧大；所属行业在今日涨停/炸板热度前排：一般零售；板块内封板排序第5，情绪上升期可按后排套利处理；今日涨停家数尚可；今日炸板率不高，封板环境较好；三年股性偏强：涨停样本4，次日开盘有溢价率75.0%，均值2.3%；历史封板稳定性一般：涨停/炸板样本中未封住比例75.0%,,收盘封住涨停；大环境：情绪上升，允许适度提高进攻仓位；指数环境：指数下跌；首次封板偏晚，需要板块发酵、股性或大环境确认；首板/低板位溢价弹性需依赖题材和封板质量；炸板次数6次，封板分歧大；所属行业在今日涨停/炸板热度前排：一般零售；板块内封板排序第5，情绪上升期可按后排套利处理；今日涨停家数尚可；今日炸板率不高，封板环境较好；三年股性偏强：涨停样本4，次日开盘有溢价率75.0%，均值2.3%；历史封板稳定性一般：涨停/炸板样本中未封住比例75.0%,前一交易日本行业涨停样本缺失；龙虎榜未上榜或未匹配；仅可作为盘后缺失项,AKShare/Eastmoney pools + local technical screener + local stock_personality_history/history detail + Eastmoney LHB
2026-09-07,2026-09-08,002172,澳洋健康,涨停,1,9.97624683380127,4.63,,544855968.0,16.043054580688477,11:03:15,11:03:15,0,,医疗服务,1,1,指数下跌,情绪上升,,,0,11,0,0,0,可以打板,,低/可控,实际无溢价,4.63,5.09,5.09,D:\codex\outputs\a_share_technical_screener\2026-09-08\raw_spot_sina.csv,0.0,0.09935205183585305,0.09935205183585305,-0.002,False,True,True,False,,,,,,股性偏强,6,5,0.8333333333333334,6,5,0.8333333333333334,0.06565482694596618,0.08897882495350849,0.8333333333333334,5,0,0.0,0.0,0.06565482694596618,0.08897882495350849,,6,0.6666666666666666,0.3333333333333333,0.06565482694596618,0.04940329940329935,0.08897882495350849,0.0542953250801352,,,2.75,1.94,7.42,收盘封住涨停；大环境：情绪上升，允许适度提高进攻仓位；指数环境：指数下跌；首次封板偏晚，需要板块发酵、股性或大环境确认；首板/低板位溢价弹性需依赖题材和封板质量；未炸板；换手处于可承接区间；题材/行业热度一般：医疗服务；板块内封板排序第1，属于日内前排；接近年/三年高点，图形有辨识度；今日涨停家数尚可；今日炸板率不高，封板环境较好；三年股性偏强：涨停样本6，次日开盘有溢价率66.7%，均值6.6%；历史封板稳定性一般：涨停/炸板样本中未封住比例83.3%,,收盘封住涨停；大环境：情绪上升，允许适度提高进攻仓位；指数环境：指数下跌；首次封板偏晚，需要板块发酵、股性或大环境确认；首板/低板位溢价弹性需依赖题材和封板质量；未炸板；换手处于可承接区间；题材/行业热度一般：医疗服务；板块内封板排序第1，属于日内前排；接近年/三年高点，图形有辨识度；今日涨停家数尚可；今日炸板率不高，封板环境较好；三年股性偏强：涨停样本6，次日开盘有溢价率66.7%，均值6.6%；历史封板稳定性一般：涨停/炸板样本中未封住比例83.3%,前一交易日本行业涨停样本缺失；龙虎榜未上榜或未匹配；仅可作为盘后缺失项,AKShare/Eastmoney pools + local technical screener + local stock_personality_history/history detail + Eastmoney LHB
2026-09-07,2026-09-08,002902,铭普光磁,涨停,1,9.995952606201172,27.18,,458622496.0,9.33519172668457,11:08:57,11:08:57,0,,通信设备,6,8,指数下跌,情绪上升,,,0,9,0,0,0,可以打板,,低/可控,实际无溢价,27.17,27.59,26.91,D:\codex\outputs\a_share_technical_screener\2026-09-08\raw_spot_sina.csv,-0.0003679175864605977,0.01508462104488606,-0.009933774834437026,-0.0023679175864605977,True,False,False,False,,,,,,样本不足,2,1,0.5,2,1,0.5,0.01764563647110301,0.0395488384648649,0.5,1,0,0.0,0.0,0.01764563647110301,0.0395488384648649,,2,0.5,0.5,0.01764563647110301,0.01764563647110301,0.0395488384648649,0.005961439310780747,,,4.32,4.91,-0.04,收盘封住涨停；大环境：情绪上升，允许适度提高进攻仓位；指数环境：指数下跌；首次封板偏晚，需要板块发酵、股性或大环境确认；首板/低板位溢价弹性需依赖题材和封板质量；未炸板；换手处于可承接区间；所属行业在今日涨停/炸板热度前排：通信设备；板块内封板排序第6，情绪上升期可按后排套利处理；今日涨停家数尚可；今日炸板率不高，封板环境较好,,收盘封住涨停；大环境：情绪上升，允许适度提高进攻仓位；指数环境：指数下跌；首次封板偏晚，需要板块发酵、股性或大环境确认；首板/低板位溢价弹性需依赖题材和封板质量；未炸板；换手处于可承接区间；所属行业在今日涨停/炸板热度前排：通信设备；板块内封板排序第6，情绪上升期可按后排套利处理；今日涨停家数尚可；今日炸板率不高，封板环境较好,前一交易日本行业涨停样本缺失；同股历史涨停溢价样本不足；龙虎榜未上榜或未匹配；仅可作为盘后缺失项,AKShare/Eastmoney pools + local technical screener + local stock_personality_history/history detail + Eastmoney LHB
2026-09-07,2026-09-08,002972,科安达,涨停,1,10.031596183776855,13.93,,196453371.0,10.546323776245117,11:17:21,13:23:30,4,,轨交设备,1,1,指数下跌,情绪上升,,,0,6,2,2,2,谨慎可打,,中：需看集合竞价承接,实际有溢价,14.23,14.76,13.46,D:\codex\outputs\a_share_technical_screener\2026-09-08\raw_spot_sina.csv,0.021536252692031743,0.05958363244795417,-0.033740129217516124,0.01953625269203174,False,True,False,False,,,,,,样本不足,,,,,,,,,,,,,,,,,,,,,,,,,,7.82,9.55,10.03,收盘封住涨停；大环境：情绪上升，允许适度提高进攻仓位；指数环境：指数下跌；首次封板偏晚，需要板块发酵、股性或大环境确认；首板/低板位溢价弹性需依赖题材和封板质量；炸板次数4次，封板稳定性一般；换手处于可承接区间；题材/行业热度一般：轨交设备；板块内封板排序第1，属于日内前排；今日涨停家数尚可；今日炸板率不高，封板环境较好,,收盘封住涨停；大环境：情绪上升，允许适度提高进攻仓位；指数环境：指数下跌；首次封板偏晚，需要板块发酵、股性或大环境确认；首板/低板位溢价弹性需依赖题材和封板质量；炸板次数4次，封板稳定性一般；换手处于可承接区间；题材/行业热度一般：轨交设备；板块内封板排序第1，属于日内前排；今日涨停家数尚可；今日炸板率不高，封板环境较好,前一交易日本行业涨停样本缺失；同股历史涨停溢价样本不足；龙虎榜未上榜或未匹配；仅可作为盘后缺失项,AKShare/Eastmoney pools + local technical screener + local stock_personality_history/history detail + Eastmoney LHB
2026-09-07,2026-09-08,605488,福莱新材,涨停,1,9.99265193939209,29.94,,344653904.0,3.97926664352417,11:17:50,11:26:38,1,,塑料,1,1,指数下跌,情绪上升,,,0,7,1,1,1,谨慎可打,,低/可控,实际有溢价,30.6,30.88,29.97,D:\codex\outputs\a_share_technical_screener\2026-09-08\raw_spot_sina.csv,0.022044088176352616,0.03139612558450233,0.0010020040080158665,0.020044088176352615,False,True,False,False,,,,,,样本不足,1,1,1.0,1,1,1.0,-0.008154188287620379,0.017420311341734607,1.0,1,0,0.0,0.0,-0.008154188287620379,0.017420311341734607,,1,0.0,1.0,-0.008154188287620379,-0.008154188287620379,0.017420311341734607,0.004818383988139274,,,4.74,3.25,1.25,收盘封住涨停；大环境：情绪上升，允许适度提高进攻仓位；指数环境：指数下跌；首次封板偏晚，需要板块发酵、股性或大环境确认；首板/低板位溢价弹性需依赖题材和封板质量；炸板次数1次，可接受但需看承接；换手处于可承接区间；题材/行业热度一般：塑料；板块内封板排序第1，属于日内前排；今日涨停家数尚可；今日炸板率不高，封板环境较好,,收盘封住涨停；大环境：情绪上升，允许适度提高进攻仓位；指数环境：指数下跌；首次封板偏晚，需要板块发酵、股性或大环境确认；首板/低板位溢价弹性需依赖题材和封板质量；炸板次数1次，可接受但需看承接；换手处于可承接区间；题材/行业热度一般：塑料；板块内封板排序第1，属于日内前排；今日涨停家数尚可；今日炸板率不高，封板环境较好,前一交易日本行业涨停样本缺失；同股历史涨停溢价样本不足；龙虎榜未上榜或未匹配；仅可作为盘后缺失项,AKShare/Eastmoney pools + local technical screener + local stock_personality_history/history detail + Eastmoney LHB
2026-09-07,2026-09-08,603608,天创时尚,涨停,1,10.023866653442383,23.05,,485555344.0,5.118377685546875,11:19:15,11:22:58,1,,服装家纺,2,2,指数下跌,情绪上升,,,0,8,4,4,4,谨慎可打（次日风险高）,,高：次日无溢价风险高,实际有溢价,23.25,23.5,22.46,D:\codex\outputs\a_share_technical_screener\2026-09-08\raw_spot_sina.csv,0.008676789587852562,0.019522776572667988,-0.025596529284164893,0.0066767895878525624,False,False,False,False,,,,,,A杀血统高,3,2,0.6666666666666666,3,2,0.6666666666666666,-0.0030002623737214553,0.03904130050035648,0.6666666666666666,2,1,0.5,0.5,-0.0030002623737214553,0.03904130050035648,谨慎可打,3,0.6666666666666666,0.3333333333333333,-0.0030002623737214553,0.007660577489687848,0.03904130050035648,7.950679315323524e-05,,,8.91,16.13,17.36,收盘封住涨停；大环境：情绪上升，允许适度提高进攻仓位；指数环境：指数下跌；首次封板偏晚，需要板块发酵、股性或大环境确认；首板/低板位溢价弹性需依赖题材和封板质量；炸板次数1次，可接受但需看承接；换手处于可承接区间；题材/行业热度一般：服装家纺；板块内封板排序第2，属于日内前排；今日涨停家数尚可；今日炸板率不高，封板环境较好；三年股性偏强：涨停样本3，次日开盘有溢价率66.7%，均值-0.3%；历史封板稳定性一般：涨停/炸板样本中未封住比例66.7%；A杀血统指数偏高：历史炸板样本2，炸板后A杀率50.0%；A杀血统样本较少，强制退出严格可以打板名单,,收盘封住涨停；大环境：情绪上升，允许适度提高进攻仓位；指数环境：指数下跌；首次封板偏晚，需要板块发酵、股性或大环境确认；首板/低板位溢价弹性需依赖题材和封板质量；炸板次数1次，可接受但需看承接；换手处于可承接区间；题材/行业热度一般：服装家纺；板块内封板排序第2，属于日内前排；今日涨停家数尚可；今日炸板率不高，封板环境较好；三年股性偏强：涨停样本3，次日开盘有溢价率66.7%，均值-0.3%；历史封板稳定性一般：涨停/炸板样本中未封住比例66.7%；A杀血统指数偏高：历史炸板样本2，炸板后A杀率50.0%；A杀血统样本较少，强制退出严格可以打板名单,前一交易日本行业涨停样本缺失；龙虎榜未上榜或未匹配；仅可作为盘后缺失项,AKShare/Eastmoney pools + local technical screener + local stock_personality_history/history detail + Eastmoney LHB
2026-09-07,2026-09-08,002975,博杰股份,涨停,1,9.996843338012695,104.53,,1680311664.0,11.897062301635742,11:20:15,11:22:54,1,,自动化设,2,3,指数下跌,情绪上升,,,0,8,1,1,1,可以打板,,低/可控,实际有溢价,106.01,107.0,100.91,D:\codex\outputs\a_share_technical_screener\2026-09-08\raw_spot_sina.csv,0.014158614751745846,0.023629580024873142,-0.03463120635224337,0.012158614751745846,False,True,False,False,,,,,,股性偏强,5,3,0.6,5,3,0.6,0.01992281905516413,0.06526653780721312,0.6,3,0,0.0,0.0,0.01992281905516413,0.06526653780721312,,5,0.6,0.4,0.01992281905516413,0.02353067583539281,0.06526653780721312,0.0377477069937802,,,4.35,1.71,-3.12,收盘封住涨停；大环境：情绪上升，允许适度提高进攻仓位；指数环境：指数下跌；首次封板偏晚，需要板块发酵、股性或大环境确认；首板/低板位溢价弹性需依赖题材和封板质量；炸板次数1次，可接受但需看承接；换手处于可承接区间；题材/行业热度一般：自动化设；板块内封板排序第2，属于日内前排；今日涨停家数尚可；今日炸板率不高，封板环境较好；三年股性偏强：涨停样本5，次日开盘有溢价率60.0%，均值2.0%；历史封板稳定性一般：涨停/炸板样本中未封住比例60.0%,,收盘封住涨停；大环境：情绪上升，允许适度提高进攻仓位；指数环境：指数下跌；首次封板偏晚，需要板块发酵、股性或大环境确认；首板/低板位溢价弹性需依赖题材和封板质量；炸板次数1次，可接受但需看承接；换手处于可承接区间；题材/行业热度一般：自动化设；板块内封板排序第2，属于日内前排；今日涨停家数尚可；今日炸板率不高，封板环境较好；三年股性偏强：涨停样本5，次日开盘有溢价率60.0%，均值2.0%；历史封板稳定性一般：涨停/炸板样本中未封住比例60.0%,前一交易日本行业涨停样本缺失；龙虎榜未上榜或未匹配；仅可作为盘后缺失项,AKShare/Eastmoney pools + local technical screener + local stock_personality_history/history detail + Eastmoney LHB
2026-09-07,2026-09-08,603936,博敏电子,涨停,1,10.012516021728516,17.58,,875514368.0,8.113296508789062,11:22:50,13:58:59,1,,元件,9,14,指数下跌,情绪上升,,,0,7,1,1,1,谨慎可打,,低/可控,实际有溢价,18.0,18.13,17.55,D:\codex\outputs\a_share_technical_screener\2026-09-08\raw_spot_sina.csv,0.023890784982935287,0.03128555176336745,-0.0017064846416381396,0.021890784982935285,False,True,False,False,,,,,,样本不足,2,1,0.5,2,1,0.5,0.015402906689983065,0.050221813066092746,0.5,1,0,0.0,0.0,0.015402906689983065,0.050221813066092746,,2,0.5,0.5,0.015402906689983065,0.015402906689983065,0.050221813066092746,-0.000777676889965051,,,3.48,1.04,-4.14,收盘封住涨停；大环境：情绪上升，允许适度提高进攻仓位；指数环境：指数下跌；首次封板偏晚，需要板块发酵、股性或大环境确认；首板/低板位溢价弹性需依赖题材和封板质量；炸板次数1次，可接受但需看承接；换手处于可承接区间；所属行业在今日涨停/炸板热度前排：元件；板块内封板排序第9，情绪上升期可按后排套利处理；今日涨停家数尚可；今日炸板率不高，封板环境较好,,收盘封住涨停；大环境：情绪上升，允许适度提高进攻仓位；指数环境：指数下跌；首次封板偏晚，需要板块发酵、股性或大环境确认；首板/低板位溢价弹性需依赖题材和封板质量；炸板次数1次，可接受但需看承接；换手处于可承接区间；所属行业在今日涨停/炸板热度前排：元件；板块内封板排序第9，情绪上升期可按后排套利处理；今日涨停家数尚可；今日炸板率不高，封板环境较好,前一交易日本行业涨停样本缺失；同股历史涨停溢价样本不足；龙虎榜未上榜或未匹配；仅可作为盘后缺失项,AKShare/Eastmoney pools + local technical screener + local stock_personality_history/history detail + Eastmoney LHB
2026-09-07,2026-09-08,002957,科瑞技术,涨停,1,10.0,40.92,,805040608.0,4.825397968292236,11:29:06,11:29:06,0,,自动化设,3,3,指数下跌,情绪上升,,,0,9,2,2,2,谨慎可打,,中：需看集合竞价承接,实际有溢价,41.5,42.75,41.33,D:\codex\outputs\a_share_technical_screener\2026-09-08\raw_spot_sina.csv,0.014173998044965774,0.04472140762463339,0.010019550342130978,0.012173998044965774,False,True,False,False,,,,,,股性偏弱,3,1,0.3333333333333333,3,1,0.3333333333333333,-0.016555386100299312,0.03942920812787968,0.3333333333333333,1,0,0.0,0.0,-0.016555386100299312,0.03942920812787968,,3,0.0,1.0,-0.016555386100299312,-0.014779781259237401,0.03942920812787968,0.014734436031440793,,,4.59,1.76,-1.92,收盘封住涨停；大环境：情绪上升，允许适度提高进攻仓位；指数环境：指数下跌；首次封板偏晚，需要板块发酵、股性或大环境确认；首板/低板位溢价弹性需依赖题材和封板质量；未炸板；换手处于可承接区间；题材/行业热度一般：自动化设；板块内封板排序第3，属于日内前排；今日涨停家数尚可；今日炸板率不高，封板环境较好；三年股性偏弱：涨停样本3，次日开盘有溢价率0.0%，均值-1.7%；三年股性偏弱，不进入严格可以打板名单,,收盘封住涨停；大环境：情绪上升，允许适度提高进攻仓位；指数环境：指数下跌；首次封板偏晚，需要板块发酵、股性或大环境确认；首板/低板位溢价弹性需依赖题材和封板质量；未炸板；换手处于可承接区间；题材/行业热度一般：自动化设；板块内封板排序第3，属于日内前排；今日涨停家数尚可；今日炸板率不高，封板环境较好；三年股性偏弱：涨停样本3，次日开盘有溢价率0.0%，均值-1.7%；三年股性偏弱，不进入严格可以打板名单,前一交易日本行业涨停样本缺失；龙虎榜未上榜或未匹配；仅可作为盘后缺失项,AKShare/Eastmoney pools + local technical screener + local stock_personality_history/history detail + Eastmoney LHB
2026-09-07,2026-09-08,002484,江海股份,涨停,1,9.99644947052002,61.95,,3662851552.0,7.391320705413818,13:00:09,14:03:51,3,,元件,10,14,指数下跌,情绪上升,,,0,7,2,0,0,谨慎可打,,低/可控,实际有溢价,64.12,64.5,59.6,D:\codex\outputs\a_share_technical_screener\2026-09-08\raw_spot_sina.csv,0.03502824858757059,0.041162227602905554,-0.03793381759483461,0.033028248587570586,False,True,False,True,460746873.86,291008764.94,,0.25127175905648474,0.1278707316947832,样本不足,2,0,0.0,2,0,0.0,-0.016100692873935396,0.04105661618018697,0.0,0,0,,,-0.016100692873935396,0.04105661618018697,,2,0.0,1.0,-0.016100692873935396,-0.016100692873935396,0.04105661618018697,-0.008402972038822953,,,6.24,3.69,-2.29,收盘封住涨停；大环境：情绪上升，允许适度提高进攻仓位；指数环境：指数下跌；首次封板偏晚，需要板块发酵、股性或大环境确认；首板/低板位溢价弹性需依赖题材和封板质量；炸板次数3次，封板稳定性一般；换手处于可承接区间；成交额较大，具备市场辨识度；所属行业在今日涨停/炸板热度前排：元件；板块内封板排序第10，情绪上升期可按后排套利处理；今日涨停家数尚可；今日炸板率不高，封板环境较好,盘后龙虎榜净买入4.61亿，可改善次日风险；机构净买入2.91亿,收盘封住涨停；大环境：情绪上升，允许适度提高进攻仓位；指数环境：指数下跌；首次封板偏晚，需要板块发酵、股性或大环境确认；首板/低板位溢价弹性需依赖题材和封板质量；炸板次数3次，封板稳定性一般；换手处于可承接区间；成交额较大，具备市场辨识度；所属行业在今日涨停/炸板热度前排：元件；板块内封板排序第10，情绪上升期可按后排套利处理；今日涨停家数尚可；今日炸板率不高，封板环境较好,前一交易日本行业涨停样本缺失；同股历史涨停溢价样本不足,AKShare/Eastmoney pools + local technical screener + local stock_personality_history/history detail + Eastmoney LHB
2026-09-07,2026-09-08,002815,崇达技术,涨停,1,10.034364700317383,16.01,,1334323632.0,10.98912525177002,13:04:15,14:51:09,2,,元件,11,14,指数下跌,情绪上升,,,0,7,1,1,1,谨慎可打,,低/可控,实际有溢价,17.11,17.61,17.08,D:\codex\outputs\a_share_technical_screener\2026-09-08\raw_spot_sina.csv,0.06870705808869437,0.09993753903810099,0.06683322923172996,0.06670705808869437,False,True,False,False,,,,,,样本不足,,,,,,,,,,,,,,,,,,,,,,,,,,7.84,10.34,8.54,收盘封住涨停；大环境：情绪上升，允许适度提高进攻仓位；指数环境：指数下跌；首次封板偏晚，需要板块发酵、股性或大环境确认；首板/低板位溢价弹性需依赖题材和封板质量；炸板次数2次，可接受但需看承接；换手处于可承接区间；所属行业在今日涨停/炸板热度前排：元件；板块内封板排序第11，情绪上升期可按后排套利处理；今日涨停家数尚可；今日炸板率不高，封板环境较好,,收盘封住涨停；大环境：情绪上升，允许适度提高进攻仓位；指数环境：指数下跌；首次封板偏晚，需要板块发酵、股性或大环境确认；首板/低板位溢价弹性需依赖题材和封板质量；炸板次数2次，可接受但需看承接；换手处于可承接区间；所属行业在今日涨停/炸板热度前排：元件；板块内封板排序第11，情绪上升期可按后排套利处理；今日涨停家数尚可；今日炸板率不高，封板环境较好,前一交易日本行业涨停样本缺失；同股历史涨停溢价样本不足；龙虎榜未上榜或未匹配；仅可作为盘后缺失项,AKShare/Eastmoney pools + local technical screener + local stock_personality_history/history detail + Eastmoney LHB
2026-09-07,2026-09-08,603192,汇得科技,涨停,1,10.005266189575195,20.89,,90171163.0,2.7034807205200195,13:07:52,13:07:52,0,,化学制品,3,3,指数下跌,情绪上升,,,0,7,1,1,1,谨慎可打,,低/可控,实际有溢价,21.01,21.63,21.16,D:\codex\outputs\a_share_technical_screener\2026-09-08\raw_spot_sina.csv,0.005744375299186366,0.03542364767831496,0.01292484442316888,0.003744375299186366,False,True,False,False,,,,,,样本不足,1,0,0.0,1,0,0.0,0.019195612431444298,0.044332723948811825,0.0,0,0,,,0.019195612431444298,0.044332723948811825,,1,1.0,0.0,0.019195612431444298,0.019195612431444298,0.044332723948811825,0.03747714808043878,,,3.77,3.25,-0.48,收盘封住涨停；大环境：情绪上升，允许适度提高进攻仓位；指数环境：指数下跌；首次封板偏晚，需要板块发酵、股性或大环境确认；首板/低板位溢价弹性需依赖题材和封板质量；未炸板；成交额过低，容量和滑点风险高；题材/行业热度一般：化学制品；板块内封板排序第3，属于日内前排；今日涨停家数尚可；今日炸板率不高，封板环境较好,,收盘封住涨停；大环境：情绪上升，允许适度提高进攻仓位；指数环境：指数下跌；首次封板偏晚，需要板块发酵、股性或大环境确认；首板/低板位溢价弹性需依赖题材和封板质量；未炸板；成交额过低，容量和滑点风险高；题材/行业热度一般：化学制品；板块内封板排序第3，属于日内前排；今日涨停家数尚可；今日炸板率不高，封板环境较好,前一交易日本行业涨停样本缺失；同股历史涨停溢价样本不足；龙虎榜未上榜或未匹配；仅可作为盘后缺失项,AKShare/Eastmoney pools + local technical screener + local stock_personality_history/history detail + Eastmoney LHB
2026-09-07,2026-09-08,600770,综艺股份,涨停,1,10.039369583129883,5.59,,225266753.0,3.2315609455108643,13:08:24,13:08:24,0,,综合Ⅱ,2,2,指数下跌,情绪上升,,,0,9,0,0,0,可以打板,,低/可控,实际有溢价,5.73,6.15,5.9,D:\codex\outputs\a_share_technical_screener\2026-09-08\raw_spot_sina.csv,0.025044722719141488,0.10017889087656529,0.05545617173524153,0.023044722719141486,False,True,False,False,,,,,,样本不足,,,,,,,,,,,,,,,,,,,,,,,,,,7.42,8.27,8.54,收盘封住涨停；大环境：情绪上升，允许适度提高进攻仓位；指数环境：指数下跌；首次封板偏晚，需要板块发酵、股性或大环境确认；首板/低板位溢价弹性需依赖题材和封板质量；未炸板；换手处于可承接区间；题材/行业热度一般：综合Ⅱ；板块内封板排序第2，属于日内前排；今日涨停家数尚可；今日炸板率不高，封板环境较好,,收盘封住涨停；大环境：情绪上升，允许适度提高进攻仓位；指数环境：指数下跌；首次封板偏晚，需要板块发酵、股性或大环境确认；首板/低板位溢价弹性需依赖题材和封板质量；未炸板；换手处于可承接区间；题材/行业热度一般：综合Ⅱ；板块内封板排序第2，属于日内前排；今日涨停家数尚可；今日炸板率不高，封板环境较好,前一交易日本行业涨停样本缺失；同股历史涨停溢价样本不足；龙虎榜未上榜或未匹配；仅可作为盘后缺失项,AKShare/Eastmoney pools + local technical screener + local stock_personality_history/history detail + Eastmoney LHB
2026-09-07,2026-09-08,002281,光迅科技,涨停,1,10.0,184.47,,7691316736.0,5.445681095123291,13:18:39,14:10:27,1,,通信设备,7,8,指数下跌,情绪上升,,,0,8,4,1,1,谨慎可打（次日风险高）,,低/可控,实际有溢价,189.29,190.46,179.92,D:\codex\outputs\a_share_technical_screener\2026-09-08\raw_spot_sina.csv,0.026128909849840065,0.032471404564427875,-0.024665257223396853,0.024128909849840063,False,True,False,True,1096944986.73,654809058.75,拉萨系:东方财富证券股份有限公司拉萨东环路第一证券营业部,0.21801215754400785,0.08191544034497475,A杀血统高,2,2,1.0,2,2,1.0,-0.03471309942546574,0.012998133562362013,1.0,2,2,1.0,1.0,-0.03471309942546574,0.012998133562362013,谨慎可打,2,0.0,1.0,-0.03471309942546574,-0.03471309942546574,0.012998133562362013,-0.0404128312441005,,,4.84,5.72,2.54,收盘封住涨停；大环境：情绪上升，允许适度提高进攻仓位；指数环境：指数下跌；首次封板偏晚，需要板块发酵、股性或大环境确认；首板/低板位溢价弹性需依赖题材和封板质量；炸板次数1次，可接受但需看承接；换手处于可承接区间；成交额较大，具备市场辨识度；所属行业在今日涨停/炸板热度前排：通信设备；板块内封板排序第7，情绪上升期可按后排套利处理；今日涨停家数尚可；今日炸板率不高，封板环境较好；A杀血统指数偏高：历史炸板样本2，炸板后A杀率100.0%；A杀血统样本较少，强制退出严格可以打板名单,盘后龙虎榜净买入10.97亿，可改善次日风险；机构净买入6.55亿；关注席位上榜：拉萨系:东方财富证券股份有限公司拉萨东环路第一证券营业部,收盘封住涨停；大环境：情绪上升，允许适度提高进攻仓位；指数环境：指数下跌；首次封板偏晚，需要板块发酵、股性或大环境确认；首板/低板位溢价弹性需依赖题材和封板质量；炸板次数1次，可接受但需看承接；换手处于可承接区间；成交额较大，具备市场辨识度；所属行业在今日涨停/炸板热度前排：通信设备；板块内封板排序第7，情绪上升期可按后排套利处理；今日涨停家数尚可；今日炸板率不高，封板环境较好；A杀血统指数偏高：历史炸板样本2，炸板后A杀率100.0%；A杀血统样本较少，强制退出严格可以打板名单,前一交易日本行业涨停样本缺失；同股历史涨停溢价样本不足,AKShare/Eastmoney pools + local technical screener + local stock_personality_history/history detail + Eastmoney LHB
2026-09-07,2026-09-08,002138,顺络电子,涨停,1,10.00224781036377,48.94,,2008762624.0,5.484105587005615,13:18:45,14:00:03,9,,元件,12,14,指数下跌,情绪上升,,,0,6,3,3,3,谨慎可打,,中：需看集合竞价承接,实际有溢价,49.55,49.89,48.1,D:\codex\outputs\a_share_technical_screener\2026-09-08\raw_spot_sina.csv,0.012464241928892505,0.019411524315488426,-0.017163874131589596,0.010464241928892505,False,False,False,False,,,,,,样本不足,,,,,,,,,,,,,,,,,,,,,,,,,,5.75,3.41,-2.22,收盘封住涨停；大环境：情绪上升，允许适度提高进攻仓位；指数环境：指数下跌；首次封板偏晚，需要板块发酵、股性或大环境确认；首板/低板位溢价弹性需依赖题材和封板质量；炸板次数9次，封板分歧大；换手处于可承接区间；成交额较大，具备市场辨识度；所属行业在今日涨停/炸板热度前排：元件；板块内封板排序第12，情绪上升期可按后排套利处理；今日涨停家数尚可；今日炸板率不高，封板环境较好,,收盘封住涨停；大环境：情绪上升，允许适度提高进攻仓位；指数环境：指数下跌；首次封板偏晚，需要板块发酵、股性或大环境确认；首板/低板位溢价弹性需依赖题材和封板质量；炸板次数9次，封板分歧大；换手处于可承接区间；成交额较大，具备市场辨识度；所属行业在今日涨停/炸板热度前排：元件；板块内封板排序第12，情绪上升期可按后排套利处理；今日涨停家数尚可；今日炸板率不高，封板环境较好,前一交易日本行业涨停样本缺失；同股历史涨停溢价样本不足；龙虎榜未上榜或未匹配；仅可作为盘后缺失项,AKShare/Eastmoney pools + local technical screener + local stock_personality_history/history detail + Eastmoney LHB
2026-09-07,2026-09-08,603668,天马科技,涨停,1,9.974852561950684,13.12,,375507856.0,5.844250679016113,13:25:15,15:00:00,21,,饲料,2,2,指数下跌,情绪上升,,,0,5,3,3,3,谨慎可打,,中：需看集合竞价承接,实际有溢价,13.13,13.66,13.06,D:\codex\outputs\a_share_technical_screener\2026-09-08\raw_spot_sina.csv,0.0007621951219514145,0.041158536585365946,-0.004573170731707266,-0.0012378048780485856,False,True,False,False,,,,,,样本不足,,,,,,,,,,,,,,,,,,,,,,,,,,11.83,18.88,21.48,收盘封住涨停；大环境：情绪上升，允许适度提高进攻仓位；指数环境：指数下跌；首次封板偏晚，需要板块发酵、股性或大环境确认；首板/低板位溢价弹性需依赖题材和封板质量；炸板次数21次，封板分歧大；换手处于可承接区间；题材/行业热度一般：饲料；板块内封板排序第2，属于日内前排；今日涨停家数尚可；今日炸板率不高，封板环境较好,,收盘封住涨停；大环境：情绪上升，允许适度提高进攻仓位；指数环境：指数下跌；首次封板偏晚，需要板块发酵、股性或大环境确认；首板/低板位溢价弹性需依赖题材和封板质量；炸板次数21次，封板分歧大；换手处于可承接区间；题材/行业热度一般：饲料；板块内封板排序第2，属于日内前排；今日涨停家数尚可；今日炸板率不高，封板环境较好,前一交易日本行业涨停样本缺失；同股历史涨停溢价样本不足；龙虎榜未上榜或未匹配；仅可作为盘后缺失项,AKShare/Eastmoney pools + local technical screener + local stock_personality_history/history detail + Eastmoney LHB
2026-09-07,2026-09-08,600345,长江通信,涨停,1,10.00214672088623,51.25,,761110336.0,7.264745712280273,13:25:19,13:26:25,1,,通信设备,8,8,指数下跌,情绪上升,,,0,7,1,1,1,谨慎可打,,低/可控,实际有溢价,51.8,54.49,52.4,D:\codex\outputs\a_share_technical_screener\2026-09-08\raw_spot_sina.csv,0.01073170731707318,0.06321951219512201,0.022439024390243922,0.00873170731707318,False,True,False,False,,,,,,样本不足,1,0,0.0,1,0,0.0,-0.004033807145601198,0.027660391855551136,0.0,0,0,,,-0.004033807145601198,0.027660391855551136,,1,0.0,1.0,-0.004033807145601198,-0.004033807145601198,0.027660391855551136,-0.019400691509796508,,,3.85,3.34,0.99,收盘封住涨停；大环境：情绪上升，允许适度提高进攻仓位；指数环境：指数下跌；首次封板偏晚，需要板块发酵、股性或大环境确认；首板/低板位溢价弹性需依赖题材和封板质量；炸板次数1次，可接受但需看承接；换手处于可承接区间；所属行业在今日涨停/炸板热度前排：通信设备；板块内封板排序第8，情绪上升期可按后排套利处理；今日涨停家数尚可；今日炸板率不高，封板环境较好,,收盘封住涨停；大环境：情绪上升，允许适度提高进攻仓位；指数环境：指数下跌；首次封板偏晚，需要板块发酵、股性或大环境确认；首板/低板位溢价弹性需依赖题材和封板质量；炸板次数1次，可接受但需看承接；换手处于可承接区间；所属行业在今日涨停/炸板热度前排：通信设备；板块内封板排序第8，情绪上升期可按后排套利处理；今日涨停家数尚可；今日炸板率不高，封板环境较好,前一交易日本行业涨停样本缺失；同股历史涨停溢价样本不足；龙虎榜未上榜或未匹配；仅可作为盘后缺失项,AKShare/Eastmoney pools + local technical screener + local stock_personality_history/history detail + Eastmoney LHB
2026-09-07,2026-09-08,002988,豪美新材,涨停,1,10.019120216369629,28.77,,431417376.0,6.211535930633545,13:29:45,14:20:39,3,,工业金属,1,1,指数下跌,情绪上升,,,0,7,2,0,0,谨慎可打,,低/可控,实际有溢价,29.27,30.29,30.17,D:\codex\outputs\a_share_technical_screener\2026-09-08\raw_spot_sina.csv,0.01737921445950641,0.052832811956899484,0.04866180048661817,0.015379214459506409,False,True,False,True,89675863.8,17330327.880000003,,0.24970527667995338,0.18094824093964232,样本不足,1,0,0.0,1,0,0.0,-0.002903359601824973,0.005391953546246331,0.0,0,0,,,-0.002903359601824973,0.005391953546246331,,1,0.0,1.0,-0.002903359601824973,-0.002903359601824973,0.005391953546246331,-0.013687266694317635,是,2.074765682220459,13.63,15.77,17.77,收盘封住涨停；大环境：情绪上升，允许适度提高进攻仓位；指数环境：指数下跌；首次封板偏晚，需要板块发酵、股性或大环境确认；首板/低板位溢价弹性需依赖题材和封板质量；炸板次数3次，封板稳定性一般；换手处于可承接区间；题材/行业热度一般：工业金属；板块内封板排序第1，属于日内前排；图形新高或强势池新高；今日涨停家数尚可；今日炸板率不高，封板环境较好,盘后龙虎榜净买入0.90亿，可改善次日风险；机构净买入0.17亿,收盘封住涨停；大环境：情绪上升，允许适度提高进攻仓位；指数环境：指数下跌；首次封板偏晚，需要板块发酵、股性或大环境确认；首板/低板位溢价弹性需依赖题材和封板质量；炸板次数3次，封板稳定性一般；换手处于可承接区间；题材/行业热度一般：工业金属；板块内封板排序第1，属于日内前排；图形新高或强势池新高；今日涨停家数尚可；今日炸板率不高，封板环境较好,前一交易日本行业涨停样本缺失；同股历史涨停溢价样本不足,AKShare/Eastmoney pools + local technical screener + local stock_personality_history/history detail + Eastmoney LHB
2026-09-07,2026-09-08,301516,中远通,涨停,1,20.0,19.98,,539352640.0,42.203147888183594,13:31:03,13:31:03,0,,其他电源,1,1,指数下跌,情绪上升,,,0,8,1,-2,-2,可以打板,,低/可控,实际有溢价,20.82,21.47,19.45,D:\codex\outputs\a_share_technical_screener\2026-09-08\raw_spot_sina.csv,0.04204204204204198,0.0745745745745745,-0.02652652652652654,0.04004204204204198,False,True,False,True,112780264.34,28770216.0,成都北一环:国泰海通证券股份有限公司成都北一环路证券营业部；拉萨系:东方财富证券股份有限公司拉萨团结路第一证券营业部,0.37400343281529075,0.1014321377118013,样本不足,,,,,,,,,,,,,,,,,,,,,,,,,,14.28,8.52,14.37,收盘封住涨停；大环境：情绪上升，允许适度提高进攻仓位；指数环境：指数下跌；首次封板偏晚，需要板块发酵、股性或大环境确认；首板/低板位溢价弹性需依赖题材和封板质量；未炸板；换手过高，次日抛压风险上升；题材/行业热度一般：其他电源；板块内封板排序第1，属于日内前排；今日涨停家数尚可；今日炸板率不高，封板环境较好,盘后龙虎榜净买入1.13亿，可改善次日风险；机构净买入0.29亿；关注席位上榜：成都北一环:国泰海通证券股份有限公司成都北一环路证券营业部；拉萨系:东方财富证券股份有限公司拉萨团结路第一证券营业部,收盘封住涨停；大环境：情绪上升，允许适度提高进攻仓位；指数环境：指数下跌；首次封板偏晚，需要板块发酵、股性或大环境确认；首板/低板位溢价弹性需依赖题材和封板质量；未炸板；换手过高，次日抛压风险上升；题材/行业热度一般：其他电源；板块内封板排序第1，属于日内前排；今日涨停家数尚可；今日炸板率不高，封板环境较好,前一交易日本行业涨停样本缺失；同股历史涨停溢价样本不足,AKShare/Eastmoney pools + local technical screener + local stock_personality_history/history detail + Eastmoney LHB
2026-09-07,2026-09-08,002463,沪电股份,涨停,1,10.0,122.65,,9613926400.0,4.165695667266846,13:31:57,14:25:30,7,,元件,13,14,指数下跌,情绪上升,,,0,6,3,0,0,谨慎可打,,低/可控,实际有溢价,126.0,129.25,124.9,D:\codex\outputs\a_share_technical_screener\2026-09-08\raw_spot_sina.csv,0.027313493681206724,0.053811659192825045,0.018344883815735846,0.025313493681206722,False,True,False,True,1742803150.26,887980307.68,拉萨系:东方财富证券股份有限公司拉萨金融城南环路证券营业部,0.2555676620159384,0.08268307578574474,样本不足,1,1,1.0,1,1,1.0,-0.01896752259103507,0.0646864095911246,1.0,1,0,0.0,0.0,-0.01896752259103507,0.0646864095911246,,1,0.0,1.0,-0.01896752259103507,-0.01896752259103507,0.0646864095911246,0.03426679788852116,,,4.0,2.91,-1.81,收盘封住涨停；大环境：情绪上升，允许适度提高进攻仓位；指数环境：指数下跌；首次封板偏晚，需要板块发酵、股性或大环境确认；首板/低板位溢价弹性需依赖题材和封板质量；炸板次数7次，封板分歧大；换手处于可承接区间；成交额较大，具备市场辨识度；所属行业在今日涨停/炸板热度前排：元件；板块内封板排序第13，情绪上升期可按后排套利处理；今日涨停家数尚可；今日炸板率不高，封板环境较好,盘后龙虎榜净买入17.43亿，可改善次日风险；机构净买入8.88亿；关注席位上榜：拉萨系:东方财富证券股份有限公司拉萨金融城南环路证券营业部,收盘封住涨停；大环境：情绪上升，允许适度提高进攻仓位；指数环境：指数下跌；首次封板偏晚，需要板块发酵、股性或大环境确认；首板/低板位溢价弹性需依赖题材和封板质量；炸板次数7次，封板分歧大；换手处于可承接区间；成交额较大，具备市场辨识度；所属行业在今日涨停/炸板热度前排：元件；板块内封板排序第13，情绪上升期可按后排套利处理；今日涨停家数尚可；今日炸板率不高，封板环境较好,前一交易日本行业涨停样本缺失；同股历史涨停溢价样本不足,AKShare/Eastmoney pools + local technical screener + local stock_personality_history/history detail + Eastmoney LHB
2026-09-07,2026-09-08,002290,禾盛新材,涨停,1,10.00646686553955,68.05,,802481824.0,4.901206970214844,13:33:48,14:38:30,2,,家电零部,3,3,指数下跌,情绪上升,,,0,7,1,1,1,谨慎可打,,低/可控,实际有溢价,68.37,69.1,67.62,D:\codex\outputs\a_share_technical_screener\2026-09-08\raw_spot_sina.csv,0.004702424687729634,0.01542983100661277,-0.006318883174136536,0.002702424687729634,False,False,False,False,,,,,,样本不足,,,,,,,,,,,,,,,,,,,,,,,,,,5.72,6.61,1.54,收盘封住涨停；大环境：情绪上升，允许适度提高进攻仓位；指数环境：指数下跌；首次封板偏晚，需要板块发酵、股性或大环境确认；首板/低板位溢价弹性需依赖题材和封板质量；炸板次数2次，可接受但需看承接；换手处于可承接区间；题材/行业热度一般：家电零部；板块内封板排序第3，属于日内前排；今日涨停家数尚可；今日炸板率不高，封板环境较好,,收盘封住涨停；大环境：情绪上升，允许适度提高进攻仓位；指数环境：指数下跌；首次封板偏晚，需要板块发酵、股性或大环境确认；首板/低板位溢价弹性需依赖题材和封板质量；炸板次数2次，可接受但需看承接；换手处于可承接区间；题材/行业热度一般：家电零部；板块内封板排序第3，属于日内前排；今日涨停家数尚可；今日炸板率不高，封板环境较好,前一交易日本行业涨停样本缺失；同股历史涨停溢价样本不足；龙虎榜未上榜或未匹配；仅可作为盘后缺失项,AKShare/Eastmoney pools + local technical screener + local stock_personality_history/history detail + Eastmoney LHB
2026-09-07,2026-09-08,600857,宁波中百,涨停,1,10.009624481201172,22.86,,410465760.0,8.3148193359375,13:34:53,13:36:23,1,,一般零售,6,6,指数下跌,情绪上升,,,0,9,1,1,1,可以打板,,低/可控,实际有溢价,23.58,23.71,22.97,D:\codex\outputs\a_share_technical_screener\2026-09-08\raw_spot_sina.csv,0.03149606299212593,0.03718285214348205,0.00481189851268593,0.029496062992125927,False,True,False,False,,,,,,股性偏强,3,3,1.0,3,3,1.0,0.0028123491322783467,0.07982596623229761,1.0,3,0,0.0,0.0,0.0028123491322783467,0.07982596623229761,,3,0.6666666666666666,0.3333333333333333,0.0028123491322783467,0.00336862367661217,0.07982596623229761,0.046881212050848164,,,10.57,11.98,13.62,收盘封住涨停；大环境：情绪上升，允许适度提高进攻仓位；指数环境：指数下跌；首次封板偏晚，需要板块发酵、股性或大环境确认；首板/低板位溢价弹性需依赖题材和封板质量；炸板次数1次，可接受但需看承接；换手处于可承接区间；所属行业在今日涨停/炸板热度前排：一般零售；板块内封板排序第6，情绪上升期可按后排套利处理；接近年/三年高点，图形有辨识度；今日涨停家数尚可；今日炸板率不高，封板环境较好；三年股性偏强：涨停样本3，次日开盘有溢价率66.7%，均值0.3%；历史封板稳定性一般：涨停/炸板样本中未封住比例100.0%,,收盘封住涨停；大环境：情绪上升，允许适度提高进攻仓位；指数环境：指数下跌；首次封板偏晚，需要板块发酵、股性或大环境确认；首板/低板位溢价弹性需依赖题材和封板质量；炸板次数1次，可接受但需看承接；换手处于可承接区间；所属行业在今日涨停/炸板热度前排：一般零售；板块内封板排序第6，情绪上升期可按后排套利处理；接近年/三年高点，图形有辨识度；今日涨停家数尚可；今日炸板率不高，封板环境较好；三年股性偏强：涨停样本3，次日开盘有溢价率66.7%，均值0.3%；历史封板稳定性一般：涨停/炸板样本中未封住比例100.0%,前一交易日本行业涨停样本缺失；龙虎榜未上榜或未匹配；仅可作为盘后缺失项,AKShare/Eastmoney pools + local technical screener + local stock_personality_history/history detail + Eastmoney LHB
2026-09-07,2026-09-08,688813,泰金新能,涨停,1,19.998044967651367,122.77,,1010064928.0,28.903514862060547,13:42:17,14:21:41,10,,专用设备,4,4,指数下跌,情绪上升,,,0,2,6,4,4,不能打板,,高：次日无溢价风险高,实际有溢价,126.78,129.9,121.46,D:\codex\outputs\a_share_technical_screener\2026-09-08\raw_spot_sina.csv,0.03266270261464532,0.05807607721756147,-0.010670359208275637,0.03066270261464532,False,True,False,True,154282178.75,60587937.46,,0.2700348275145488,0.11729001007757026,样本不足,,,,,,,,,,,,,,,,,,,,,,,,,,11.25,9.52,2.14,收盘封住涨停；大环境：情绪上升，允许适度提高进攻仓位；指数环境：指数下跌；首次封板偏晚，需要板块发酵、股性或大环境确认；首板/低板位溢价弹性需依赖题材和封板质量；炸板次数10次，封板分歧大；换手过高，次日抛压风险上升；题材/行业热度一般：专用设备；板块内封板排序第4，不是日内前排；今日涨停家数尚可；今日炸板率不高，封板环境较好,盘后龙虎榜净买入1.54亿，可改善次日风险；机构净买入0.61亿,收盘封住涨停；大环境：情绪上升，允许适度提高进攻仓位；指数环境：指数下跌；首次封板偏晚，需要板块发酵、股性或大环境确认；首板/低板位溢价弹性需依赖题材和封板质量；炸板次数10次，封板分歧大；换手过高，次日抛压风险上升；题材/行业热度一般：专用设备；板块内封板排序第4，不是日内前排；今日涨停家数尚可；今日炸板率不高，封板环境较好,前一交易日本行业涨停样本缺失；同股历史涨停溢价样本不足,AKShare/Eastmoney pools + local technical screener + local stock_personality_history/history detail + Eastmoney LHB
2026-09-07,2026-09-08,603999,读者传媒,涨停,1,9.950248718261719,6.63,,144016950.0,3.922304391860962,13:47:05,13:47:05,0,,出版,2,3,指数下跌,情绪上升,,,0,10,0,0,0,可以打板,,低/可控,实际有溢价,7.29,7.29,7.29,D:\codex\outputs\a_share_technical_screener\2026-09-08\raw_spot_sina.csv,0.09954751131221728,0.09954751131221728,0.09954751131221728,0.09754751131221728,False,True,True,False,,,,,,样本不足,,,,,,,,,,,,,,,,,,,,,,,,是,2.2336947917938232,9.3,12.79,14.11,收盘封住涨停；大环境：情绪上升，允许适度提高进攻仓位；指数环境：指数下跌；首次封板偏晚，需要板块发酵、股性或大环境确认；首板/低板位溢价弹性需依赖题材和封板质量；未炸板；换手处于可承接区间；题材/行业热度一般：出版；板块内封板排序第2，属于日内前排；图形新高或强势池新高；今日涨停家数尚可；今日炸板率不高，封板环境较好,,收盘封住涨停；大环境：情绪上升，允许适度提高进攻仓位；指数环境：指数下跌；首次封板偏晚，需要板块发酵、股性或大环境确认；首板/低板位溢价弹性需依赖题材和封板质量；未炸板；换手处于可承接区间；题材/行业热度一般：出版；板块内封板排序第2，属于日内前排；图形新高或强势池新高；今日涨停家数尚可；今日炸板率不高，封板环境较好,前一交易日本行业涨停样本缺失；同股历史涨停溢价样本不足；龙虎榜未上榜或未匹配；仅可作为盘后缺失项,AKShare/Eastmoney pools + local technical screener + local stock_personality_history/history detail + Eastmoney LHB
2026-09-07,2026-09-08,601949,中国出版,涨停,2,9.948541641235352,6.41,,794651248.0,6.805038928985596,13:56:05,13:56:05,0,,出版,3,3,指数下跌,情绪上升,,,0,12,-1,1,1,可以打板,,低/可控,实际有溢价,6.8,7.05,7.05,D:\codex\outputs\a_share_technical_screener\2026-09-08\raw_spot_sina.csv,0.060842433697347875,0.0998439937597504,0.0998439937597504,0.05884243369734787,False,True,True,True,-16626228.32,-35364008.0,,0.13448519015659288,0.1495863822219299,样本不足,1,0,0.0,1,0,0.0,0.0480274442538593,0.09948542024013718,0.0,0,0,,,0.0480274442538593,0.09948542024013718,,1,1.0,0.0,0.0480274442538593,0.0480274442538593,0.09948542024013718,0.09948542024013718,是,4.945323467254639,13.53,17.85,20.72,收盘封住涨停；大环境：情绪上升，允许适度提高进攻仓位；指数环境：指数下跌；首次封板偏晚，需要板块发酵、股性或大环境确认；2板承接优于普通首板；未炸板；换手处于可承接区间；题材/行业热度一般：出版；板块内封板排序第3，属于日内前排；图形新高或强势池新高；今日涨停家数尚可；今日炸板率不高，封板环境较好,盘后龙虎榜净卖出0.17亿，次日风险上升；机构净卖出0.35亿,收盘封住涨停；大环境：情绪上升，允许适度提高进攻仓位；指数环境：指数下跌；首次封板偏晚，需要板块发酵、股性或大环境确认；2板承接优于普通首板；未炸板；换手处于可承接区间；题材/行业热度一般：出版；板块内封板排序第3，属于日内前排；图形新高或强势池新高；今日涨停家数尚可；今日炸板率不高，封板环境较好,前一交易日本行业涨停样本缺失；同股历史涨停溢价样本不足,AKShare/Eastmoney pools + local technical screener + local stock_personality_history/history detail + Eastmoney LHB
2026-09-07,2026-09-08,001330,博纳影业,涨停,1,10.051993370056152,6.35,,1353107680.0,19.115877151489258,14:03:24,14:03:24,0,,影视院线,2,2,指数下跌,情绪上升,,,0,8,5,5,5,不能打板,,高：次日无溢价风险高,实际有溢价,6.45,6.53,6.12,D:\codex\outputs\a_share_technical_screener\2026-09-08\raw_spot_sina.csv,0.015748031496063186,0.02834645669291347,-0.03622047244094484,0.013748031496063186,False,True,False,False,,,,,,A杀血统高,3,3,1.0,3,3,1.0,-0.0031433004232900297,0.04747327752200784,1.0,3,1,0.3333333333333333,0.3333333333333333,-0.0031433004232900297,0.04747327752200784,禁止打板,3,0.3333333333333333,0.6666666666666666,-0.0031433004232900297,-0.0032414910858994395,0.04747327752200784,0.007693194807458263,否,1.0211067199707031,6.26,13.94,13.19,收盘封住涨停；大环境：情绪上升，允许适度提高进攻仓位；指数环境：指数下跌；首次封板偏晚，需要板块发酵、股性或大环境确认；首板/低板位溢价弹性需依赖题材和封板质量；未炸板；题材/行业热度一般：影视院线；板块内封板排序第2，属于日内前排；今日涨停家数尚可；今日炸板率不高，封板环境较好；三年股性偏弱：涨停样本3，次日开盘有溢价率33.3%，均值-0.3%；历史封板稳定性一般：涨停/炸板样本中未封住比例100.0%；A杀血统指数偏高：历史炸板样本3，炸板后A杀率33.3%；历史炸板A杀率>30%，按股性记忆强制禁止打板,,收盘封住涨停；大环境：情绪上升，允许适度提高进攻仓位；指数环境：指数下跌；首次封板偏晚，需要板块发酵、股性或大环境确认；首板/低板位溢价弹性需依赖题材和封板质量；未炸板；题材/行业热度一般：影视院线；板块内封板排序第2，属于日内前排；今日涨停家数尚可；今日炸板率不高，封板环境较好；三年股性偏弱：涨停样本3，次日开盘有溢价率33.3%，均值-0.3%；历史封板稳定性一般：涨停/炸板样本中未封住比例100.0%；A杀血统指数偏高：历史炸板样本3，炸板后A杀率33.3%；历史炸板A杀率>30%，按股性记忆强制禁止打板,前一交易日本行业涨停样本缺失；龙虎榜未上榜或未匹配；仅可作为盘后缺失项,AKShare/Eastmoney pools + local technical screener + local stock_personality_history/history detail + Eastmoney LHB
2026-09-07,2026-09-08,001389,广合科技,涨停,1,9.998689651489258,167.88,,1421436896.0,5.720675945281982,14:13:39,14:13:39,0,,元件,14,14,指数下跌,情绪上升,,,0,9,0,0,0,可以打板,,低/可控,实际有溢价,168.0,172.5,169.19,D:\codex\outputs\a_share_technical_screener\2026-09-08\raw_spot_sina.csv,0.0007147962830593713,0.02751965689778424,0.0078031927567310255,-0.0012852037169406288,False,True,False,False,,,,,,样本不足,,,,,,,,,,,,,,,,,,,,,,,,,,6.19,6.94,3.16,收盘封住涨停；大环境：情绪上升，允许适度提高进攻仓位；指数环境：指数下跌；首次封板偏晚，需要板块发酵、股性或大环境确认；首板/低板位溢价弹性需依赖题材和封板质量；未炸板；换手处于可承接区间；所属行业在今日涨停/炸板热度前排：元件；板块内封板排序第14，情绪上升期可按后排套利处理；今日涨停家数尚可；今日炸板率不高，封板环境较好,,收盘封住涨停；大环境：情绪上升，允许适度提高进攻仓位；指数环境：指数下跌；首次封板偏晚，需要板块发酵、股性或大环境确认；首板/低板位溢价弹性需依赖题材和封板质量；未炸板；换手处于可承接区间；所属行业在今日涨停/炸板热度前排：元件；板块内封板排序第14，情绪上升期可按后排套利处理；今日涨停家数尚可；今日炸板率不高，封板环境较好,前一交易日本行业涨停样本缺失；同股历史涨停溢价样本不足；龙虎榜未上榜或未匹配；仅可作为盘后缺失项,AKShare/Eastmoney pools + local technical screener + local stock_personality_history/history detail + Eastmoney LHB
2026-09-07,2026-09-08,600371,万向德农,涨停,1,10.0,15.07,,1222131040.0,28.5697078704834,14:37:54,14:37:54,0,,种植业,5,5,指数下跌,情绪上升,,,0,10,1,2,2,可以打板,,中：需看集合竞价承接,实际有溢价,15.37,16.58,15.83,D:\codex\outputs\a_share_technical_screener\2026-09-08\raw_spot_sina.csv,0.019907100199070937,0.10019907100199066,0.050431320504313204,0.017907100199070936,False,True,False,True,-23025075.81,0.0,,0.073256049738542,0.09209615368422043,股性偏强,6,3,0.5,6,3,0.5,0.07048147331068859,0.09535063573176432,0.5,3,0,0.0,0.0,0.07048147331068859,0.09535063573176432,,6,1.0,0.0,0.07048147331068859,0.08394293530784902,0.09535063573176432,0.08878425559804892,是,1.315346121788025,7.29,22.36,18.75,收盘封住涨停；大环境：情绪上升，允许适度提高进攻仓位；指数环境：指数下跌；首次封板偏晚，需要板块发酵、股性或大环境确认；首板/低板位溢价弹性需依赖题材和封板质量；未炸板；换手过高，次日抛压风险上升；所属行业在今日涨停/炸板热度前排：种植业；板块内封板排序第5，情绪上升期可按后排套利处理；图形新高或强势池新高；今日涨停家数尚可；今日炸板率不高，封板环境较好；三年股性偏强：涨停样本6，次日开盘有溢价率100.0%，均值7.0%；历史封板稳定性一般：涨停/炸板样本中未封住比例50.0%,盘后龙虎榜净卖出0.23亿，次日风险上升,收盘封住涨停；大环境：情绪上升，允许适度提高进攻仓位；指数环境：指数下跌；首次封板偏晚，需要板块发酵、股性或大环境确认；首板/低板位溢价弹性需依赖题材和封板质量；未炸板；换手过高，次日抛压风险上升；所属行业在今日涨停/炸板热度前排：种植业；板块内封板排序第5，情绪上升期可按后排套利处理；图形新高或强势池新高；今日涨停家数尚可；今日炸板率不高，封板环境较好；三年股性偏强：涨停样本6，次日开盘有溢价率100.0%，均值7.0%；历史封板稳定性一般：涨停/炸板样本中未封住比例50.0%,前一交易日本行业涨停样本缺失,AKShare/Eastmoney pools + local technical screener + local stock_personality_history/history detail + Eastmoney LHB
2026-09-07,2026-09-08,688583,思看科技,炸板,0,12.079700469970703,90.0,96.36,839544176.0,20.678625106811523,09:30:02,,1,-0.06600249066002495,通用设备,1,3,指数下跌,情绪上升,,,0,4,2,2,2,炸板可接受/反包观察,炸板可接受/反包观察,中：需看集合竞价承接,实际无溢价,85.0,85.99,81.73,D:\codex\outputs\a_share_technical_screener\2026-09-08\raw_spot_sina.csv,-0.05555555555555558,-0.04455555555555557,-0.0918888888888888,-0.05755555555555558,True,False,False,False,,,,,,样本不足,,,,,,,,,,,,,,,,,,,,,,,,,,7.51,5.83,-1.32,炸板样本：不直接判错，单独看炸板质量；大环境：情绪上升，允许适度提高进攻仓位；指数环境：指数下跌；首次封板在10:30前，只作为前排证据之一；首板/低板位溢价弹性需依赖题材和封板质量；炸板次数1次，可接受但需看承接；题材/行业热度一般：通用设备；板块内封板排序第1，属于日内前排；炸板后回落较深，失败属性更重；今日涨停家数尚可；今日炸板率不高，封板环境较好,,炸板样本：不直接判错，单独看炸板质量；大环境：情绪上升，允许适度提高进攻仓位；指数环境：指数下跌；首次封板在10:30前，只作为前排证据之一；首板/低板位溢价弹性需依赖题材和封板质量；炸板次数1次，可接受但需看承接；题材/行业热度一般：通用设备；板块内封板排序第1，属于日内前排；炸板后回落较深，失败属性更重；今日涨停家数尚可；今日炸板率不高，封板环境较好,前一交易日本行业涨停样本缺失；同股历史涨停溢价样本不足；龙虎榜未上榜或未匹配；仅可作为盘后缺失项,AKShare/Eastmoney pools + local technical screener + local stock_personality_history/history detail + Eastmoney LHB
2026-09-07,2026-09-08,002224,三 力 士,炸板,0,3.926701545715332,3.97,4.2,263609655.0,8.047070503234863,09:34:24,,3,-0.05476190476190479,橡胶,1,1,指数下跌,情绪上升,,,0,7,1,1,1,炸板可接受/反包观察,炸板可接受/反包观察,低/可控,实际无溢价,3.95,4.32,4.15,D:\codex\outputs\a_share_technical_screener\2026-09-08\raw_spot_sina.csv,-0.005037783375314908,0.08816120906801017,0.04534005037783384,-0.007037783375314908,True,True,False,False,,,,,,样本不足,,,,,,,,,,,,,,,,,,,,,,,,是,4.548888683319092,4.64,5.42,6.43,炸板样本：不直接判错，单独看炸板质量；大环境：情绪上升，允许适度提高进攻仓位；指数环境：指数下跌；首次封板在10:30前，只作为前排证据之一；首板/低板位溢价弹性需依赖题材和封板质量；炸板次数3次，封板稳定性一般；换手处于可承接区间；题材/行业热度一般：橡胶；板块内封板排序第1，属于日内前排；图形新高或强势池新高；今日涨停家数尚可；今日炸板率不高，封板环境较好,,炸板样本：不直接判错，单独看炸板质量；大环境：情绪上升，允许适度提高进攻仓位；指数环境：指数下跌；首次封板在10:30前，只作为前排证据之一；首板/低板位溢价弹性需依赖题材和封板质量；炸板次数3次，封板稳定性一般；换手处于可承接区间；题材/行业热度一般：橡胶；板块内封板排序第1，属于日内前排；图形新高或强势池新高；今日涨停家数尚可；今日炸板率不高，封板环境较好,前一交易日本行业涨停样本缺失；同股历史涨停溢价样本不足；龙虎榜未上榜或未匹配；仅可作为盘后缺失项,AKShare/Eastmoney pools + local technical screener + local stock_personality_history/history detail + Eastmoney LHB
2026-09-07,2026-09-08,601118,海南橡胶,炸板,0,2.4182076454162598,7.2,7.73,1871865088.0,5.897024631500244,09:35:18,,1,-0.06856403622250973,种植业,3,5,指数下跌,情绪上升,,,0,7,1,1,1,炸板可接受/反包观察,炸板可接受/反包观察,低/可控,实际有溢价,7.37,7.92,7.87,D:\codex\outputs\a_share_technical_screener\2026-09-08\raw_spot_sina.csv,0.023611111111111027,0.09999999999999987,0.09305555555555545,0.021611111111111025,False,True,False,False,,,,,,样本不足,1,1,1.0,1,1,1.0,0.0,0.030487804878048808,1.0,1,0,0.0,0.0,0.0,0.030487804878048808,,1,0.0,1.0,0.0,0.0,0.030487804878048808,-0.010670731707317027,是,1.5681418180465698,5.66,8.45,10.94,炸板样本：不直接判错，单独看炸板质量；大环境：情绪上升，允许适度提高进攻仓位；指数环境：指数下跌；首次封板在10:30前，只作为前排证据之一；首板/低板位溢价弹性需依赖题材和封板质量；炸板次数1次，可接受但需看承接；换手处于可承接区间；所属行业在今日涨停/炸板热度前排：种植业；板块内封板排序第3，属于日内前排；图形新高或强势池新高；炸板后回落较深，失败属性更重；今日涨停家数尚可；今日炸板率不高，封板环境较好,,炸板样本：不直接判错，单独看炸板质量；大环境：情绪上升，允许适度提高进攻仓位；指数环境：指数下跌；首次封板在10:30前，只作为前排证据之一；首板/低板位溢价弹性需依赖题材和封板质量；炸板次数1次，可接受但需看承接；换手处于可承接区间；所属行业在今日涨停/炸板热度前排：种植业；板块内封板排序第3，属于日内前排；图形新高或强势池新高；炸板后回落较深，失败属性更重；今日涨停家数尚可；今日炸板率不高，封板环境较好,前一交易日本行业涨停样本缺失；同股历史涨停溢价样本不足；龙虎榜未上榜或未匹配；仅可作为盘后缺失项,AKShare/Eastmoney pools + local technical screener + local stock_personality_history/history detail + Eastmoney LHB
2026-09-07,2026-09-08,603773,沃格光电,炸板,0,6.909652233123779,90.05,92.65,2208473568.0,10.909893989562988,09:39:00,,1,-0.028062601187264002,光学光电,1,2,指数下跌,情绪上升,,,0,10,0,0,0,可打但炸板/反包观察,可打但炸板/反包观察,低/可控,实际无溢价,90.04,91.5,86.7,D:\codex\outputs\a_share_technical_screener\2026-09-08\raw_spot_sina.csv,-0.00011104941699047188,0.0161021654636313,-0.037201554691837835,-0.002111049416990472,True,False,False,False,,,,,,股性偏强,4,4,1.0,4,4,1.0,0.04596582377318453,0.08637671519786067,1.0,4,0,0.0,0.0,0.04596582377318453,0.08637671519786067,,4,1.0,0.0,0.04596582377318453,0.038877203602273314,0.08637671519786067,0.07646296743305575,,,2.35,-1.89,-5.69,炸板样本：不直接判错，单独看炸板质量；大环境：情绪上升，允许适度提高进攻仓位；指数环境：指数下跌；首次封板在10:30前，只作为前排证据之一；首板/低板位溢价弹性需依赖题材和封板质量；炸板次数1次，可接受但需看承接；换手处于可承接区间；成交额较大，具备市场辨识度；题材/行业热度一般：光学光电；板块内封板排序第1，属于日内前排；炸板后收盘距涨停价较近，仍有反包观察价值；今日涨停家数尚可；今日炸板率不高，封板环境较好；三年股性偏强：涨停样本4，次日开盘有溢价率100.0%，均值4.6%；历史封板稳定性一般：涨停/炸板样本中未封住比例100.0%,,炸板样本：不直接判错，单独看炸板质量；大环境：情绪上升，允许适度提高进攻仓位；指数环境：指数下跌；首次封板在10:30前，只作为前排证据之一；首板/低板位溢价弹性需依赖题材和封板质量；炸板次数1次，可接受但需看承接；换手处于可承接区间；成交额较大，具备市场辨识度；题材/行业热度一般：光学光电；板块内封板排序第1，属于日内前排；炸板后收盘距涨停价较近，仍有反包观察价值；今日涨停家数尚可；今日炸板率不高，封板环境较好；三年股性偏强：涨停样本4，次日开盘有溢价率100.0%，均值4.6%；历史封板稳定性一般：涨停/炸板样本中未封住比例100.0%,前一交易日本行业涨停样本缺失；龙虎榜未上榜或未匹配；仅可作为盘后缺失项,AKShare/Eastmoney pools + local technical screener + local stock_personality_history/history detail + Eastmoney LHB
2026-09-07,2026-09-08,000813,德展健康,炸板,0,9.329446792602539,3.75,3.77,818068064.0,10.606264114379883,09:44:30,,4,-0.0053050397877983935,化学制药,1,1,指数下跌,情绪上升,,,0,8,1,1,1,可打但炸板/反包观察,可打但炸板/反包观察,低/可控,实际无溢价,3.55,3.64,3.57,D:\codex\outputs\a_share_technical_screener\2026-09-08\raw_spot_sina.csv,-0.053333333333333344,-0.029333333333333322,-0.04800000000000004,-0.055333333333333345,True,True,False,False,,,,,,样本不足,1,0,0.0,1,0,0.0,-0.008310249307479145,-0.008310249307479145,0.0,0,0,,,-0.008310249307479145,-0.008310249307479145,,1,0.0,1.0,-0.008310249307479145,-0.008310249307479145,-0.008310249307479145,-0.049861495844875314,是,3.093078851699829,7.51,9.52,13.64,炸板样本：不直接判错，单独看炸板质量；大环境：情绪上升，允许适度提高进攻仓位；指数环境：指数下跌；首次封板在10:30前，只作为前排证据之一；首板/低板位溢价弹性需依赖题材和封板质量；炸板次数4次，封板稳定性一般；换手处于可承接区间；题材/行业热度一般：化学制药；板块内封板排序第1，属于日内前排；图形新高或强势池新高；炸板后收盘距涨停价较近，仍有反包观察价值；今日涨停家数尚可；今日炸板率不高，封板环境较好,,炸板样本：不直接判错，单独看炸板质量；大环境：情绪上升，允许适度提高进攻仓位；指数环境：指数下跌；首次封板在10:30前，只作为前排证据之一；首板/低板位溢价弹性需依赖题材和封板质量；炸板次数4次，封板稳定性一般；换手处于可承接区间；题材/行业热度一般：化学制药；板块内封板排序第1，属于日内前排；图形新高或强势池新高；炸板后收盘距涨停价较近，仍有反包观察价值；今日涨停家数尚可；今日炸板率不高，封板环境较好,前一交易日本行业涨停样本缺失；同股历史涨停溢价样本不足；龙虎榜未上榜或未匹配；仅可作为盘后缺失项,AKShare/Eastmoney pools + local technical screener + local stock_personality_history/history detail + Eastmoney LHB
2026-09-07,2026-09-08,603030,全筑股份,炸板,0,5.660377502441406,2.24,2.33,206159665.0,6.973617076873779,09:46:19,,1,-0.03862660944205998,装修装饰,2,3,指数下跌,情绪上升,,,0,7,0,0,0,可打但炸板/反包观察,可打但炸板/反包观察,低/可控,实际无溢价,2.24,2.28,2.26,D:\codex\outputs\a_share_technical_screener\2026-09-08\raw_spot_sina.csv,0.0,0.01785714285714257,0.008928571428571175,-0.002,False,False,False,False,,,,,,样本不足,,,,,,,,,,,,,,,,,,,,,,,,,,3.7,4.58,4.19,炸板样本：不直接判错，单独看炸板质量；大环境：情绪上升，允许适度提高进攻仓位；指数环境：指数下跌；首次封板在10:30前，只作为前排证据之一；首板/低板位溢价弹性需依赖题材和封板质量；炸板次数1次，可接受但需看承接；换手处于可承接区间；题材/行业热度一般：装修装饰；板块内封板排序第2，属于日内前排；今日涨停家数尚可；今日炸板率不高，封板环境较好,,炸板样本：不直接判错，单独看炸板质量；大环境：情绪上升，允许适度提高进攻仓位；指数环境：指数下跌；首次封板在10:30前，只作为前排证据之一；首板/低板位溢价弹性需依赖题材和封板质量；炸板次数1次，可接受但需看承接；换手处于可承接区间；题材/行业热度一般：装修装饰；板块内封板排序第2，属于日内前排；今日涨停家数尚可；今日炸板率不高，封板环境较好,前一交易日本行业涨停样本缺失；同股历史涨停溢价样本不足；龙虎榜未上榜或未匹配；仅可作为盘后缺失项,AKShare/Eastmoney pools + local technical screener + local stock_personality_history/history detail + Eastmoney LHB
2026-09-07,2026-09-08,001210,金房能源,炸板,0,0.5330490469932556,28.29,30.95,459404192.0,11.691571235656738,09:47:09,,1,-0.08594507269789986,电力,1,2,指数下跌,情绪上升,,,0,5,2,2,2,炸板可接受/反包观察,炸板可接受/反包观察,中：需看集合竞价承接,实际有溢价,28.39,31.09,30.45,D:\codex\outputs\a_share_technical_screener\2026-09-08\raw_spot_sina.csv,0.003534817956875269,0.0989749027925062,0.07635206786850479,0.001534817956875269,False,True,False,False,,,,,,样本不足,1,1,1.0,1,1,1.0,0.05242905242905249,0.0966810966810967,1.0,1,0,0.0,0.0,0.05242905242905249,0.0966810966810967,,1,1.0,0.0,0.05242905242905249,0.05242905242905249,0.0966810966810967,0.04761904761904767,,,-2.14,-0.68,-4.17,炸板样本：不直接判错，单独看炸板质量；大环境：情绪上升，允许适度提高进攻仓位；指数环境：指数下跌；首次封板在10:30前，只作为前排证据之一；首板/低板位溢价弹性需依赖题材和封板质量；炸板次数1次，可接受但需看承接；换手处于可承接区间；题材/行业热度一般：电力；板块内封板排序第1，属于日内前排；炸板后回落较深，失败属性更重；今日涨停家数尚可；今日炸板率不高，封板环境较好,,炸板样本：不直接判错，单独看炸板质量；大环境：情绪上升，允许适度提高进攻仓位；指数环境：指数下跌；首次封板在10:30前，只作为前排证据之一；首板/低板位溢价弹性需依赖题材和封板质量；炸板次数1次，可接受但需看承接；换手处于可承接区间；题材/行业热度一般：电力；板块内封板排序第1，属于日内前排；炸板后回落较深，失败属性更重；今日涨停家数尚可；今日炸板率不高，封板环境较好,前一交易日本行业涨停样本缺失；同股历史涨停溢价样本不足；龙虎榜未上榜或未匹配；仅可作为盘后缺失项,AKShare/Eastmoney pools + local technical screener + local stock_personality_history/history detail + Eastmoney LHB
2026-09-07,2026-09-08,002713,东易日盛,炸板,0,7.080610275268555,9.83,10.1,374609728.0,7.240097522735596,09:51:27,,5,-0.026732673267326645,装修装饰,3,3,指数下跌,情绪上升,,,0,7,1,1,1,可打但炸板/反包观察,可打但炸板/反包观察,低/可控,实际有溢价,9.92,10.29,9.87,D:\codex\outputs\a_share_technical_screener\2026-09-08\raw_spot_sina.csv,0.00915564598168861,0.04679552390640884,0.004069175991861629,0.007155645981688609,False,True,False,False,,,,,,样本不足,2,1,0.5,2,1,0.5,0.030475941031205545,0.05783381975105395,0.5,1,0,0.0,0.0,0.030475941031205545,0.05783381975105395,,2,1.0,0.0,0.030475941031205545,0.030475941031205545,0.05783381975105395,-0.028078151113771876,,,4.07,2.76,3.69,炸板样本：不直接判错，单独看炸板质量；大环境：情绪上升，允许适度提高进攻仓位；指数环境：指数下跌；首次封板在10:30前，只作为前排证据之一；首板/低板位溢价弹性需依赖题材和封板质量；炸板次数5次，封板稳定性一般；换手处于可承接区间；题材/行业热度一般：装修装饰；板块内封板排序第3，属于日内前排；炸板后收盘距涨停价较近，仍有反包观察价值；今日涨停家数尚可；今日炸板率不高，封板环境较好,,炸板样本：不直接判错，单独看炸板质量；大环境：情绪上升，允许适度提高进攻仓位；指数环境：指数下跌；首次封板在10:30前，只作为前排证据之一；首板/低板位溢价弹性需依赖题材和封板质量；炸板次数5次，封板稳定性一般；换手处于可承接区间；题材/行业热度一般：装修装饰；板块内封板排序第3，属于日内前排；炸板后收盘距涨停价较近，仍有反包观察价值；今日涨停家数尚可；今日炸板率不高，封板环境较好,前一交易日本行业涨停样本缺失；同股历史涨停溢价样本不足；龙虎榜未上榜或未匹配；仅可作为盘后缺失项,AKShare/Eastmoney pools + local technical screener + local stock_personality_history/history detail + Eastmoney LHB
2026-09-07,2026-09-08,000523,红棉股份,炸板,0,6.824925422668457,3.6,3.71,496020016.0,7.7148823738098145,09:57:54,,1,-0.029649595687331498,综合Ⅱ,1,2,指数下跌,情绪上升,,,0,9,0,0,0,可打但炸板/反包观察,可打但炸板/反包观察,低/可控,实际有溢价,3.96,3.96,3.96,D:\codex\outputs\a_share_technical_screener\2026-09-08\raw_spot_sina.csv,0.09999999999999987,0.09999999999999987,0.09999999999999987,0.09799999999999986,False,True,True,False,,,,,,样本不足,1,1,1.0,1,1,1.0,-0.039999999999999925,0.04307692307692301,1.0,1,0,0.0,0.0,-0.039999999999999925,0.04307692307692301,,1,0.0,1.0,-0.039999999999999925,-0.039999999999999925,0.04307692307692301,0.009230769230769154,是,1.9452921152114868,5.14,5.94,6.82,炸板样本：不直接判错，单独看炸板质量；大环境：情绪上升，允许适度提高进攻仓位；指数环境：指数下跌；首次封板在10:30前，只作为前排证据之一；首板/低板位溢价弹性需依赖题材和封板质量；炸板次数1次，可接受但需看承接；换手处于可承接区间；题材/行业热度一般：综合Ⅱ；板块内封板排序第1，属于日内前排；图形新高或强势池新高；炸板后收盘距涨停价较近，仍有反包观察价值；今日涨停家数尚可；今日炸板率不高，封板环境较好,,炸板样本：不直接判错，单独看炸板质量；大环境：情绪上升，允许适度提高进攻仓位；指数环境：指数下跌；首次封板在10:30前，只作为前排证据之一；首板/低板位溢价弹性需依赖题材和封板质量；炸板次数1次，可接受但需看承接；换手处于可承接区间；题材/行业热度一般：综合Ⅱ；板块内封板排序第1，属于日内前排；图形新高或强势池新高；炸板后收盘距涨停价较近，仍有反包观察价值；今日涨停家数尚可；今日炸板率不高，封板环境较好,前一交易日本行业涨停样本缺失；同股历史涨停溢价样本不足；龙虎榜未上榜或未匹配；仅可作为盘后缺失项,AKShare/Eastmoney pools + local technical screener + local stock_personality_history/history detail + Eastmoney LHB
2026-09-07,2026-09-08,605288,凯迪股份,炸板,0,7.34644079208374,70.43,72.17,326608944.0,4.71492862701416,10:11:01,,2,-0.02410974088956619,自动化设,1,3,指数下跌,情绪上升,,,0,8,0,0,0,可打但炸板/反包观察,可打但炸板/反包观察,低/可控,实际无溢价,70.37,70.37,67.66,D:\codex\outputs\a_share_technical_screener\2026-09-08\raw_spot_sina.csv,-0.0008519096975720952,-0.0008519096975720952,-0.0393298310379101,-0.0028519096975720953,True,False,False,False,,,,,,股性偏强,5,0,0.0,5,0,0.0,0.003727808696010593,0.05545766180986358,0.0,0,0,,,0.003727808696010593,0.05545766180986358,,5,0.6,0.4,0.003727808696010593,0.00902755780804565,0.05545766180986358,-0.0014812311715139749,,,3.35,7.9,2.43,炸板样本：不直接判错，单独看炸板质量；大环境：情绪上升，允许适度提高进攻仓位；指数环境：指数下跌；首次封板偏晚，需要板块发酵、股性或大环境确认；首板/低板位溢价弹性需依赖题材和封板质量；炸板次数2次，可接受但需看承接；换手处于可承接区间；题材/行业热度一般：自动化设；板块内封板排序第1，属于日内前排；炸板后收盘距涨停价较近，仍有反包观察价值；今日涨停家数尚可；今日炸板率不高，封板环境较好；三年股性偏强：涨停样本5，次日开盘有溢价率60.0%，均值0.4%,,炸板样本：不直接判错，单独看炸板质量；大环境：情绪上升，允许适度提高进攻仓位；指数环境：指数下跌；首次封板偏晚，需要板块发酵、股性或大环境确认；首板/低板位溢价弹性需依赖题材和封板质量；炸板次数2次，可接受但需看承接；换手处于可承接区间；题材/行业热度一般：自动化设；板块内封板排序第1，属于日内前排；炸板后收盘距涨停价较近，仍有反包观察价值；今日涨停家数尚可；今日炸板率不高，封板环境较好；三年股性偏强：涨停样本5，次日开盘有溢价率60.0%，均值0.4%,前一交易日本行业涨停样本缺失；龙虎榜未上榜或未匹配；仅可作为盘后缺失项,AKShare/Eastmoney pools + local technical screener + local stock_personality_history/history detail + Eastmoney LHB
2026-09-07,2026-09-08,301529,福赛科技,炸板,0,17.47663688659668,125.7,128.4,761860592.0,9.71263313293457,10:30:57,,2,-0.0210280373831776,汽车零部,7,9,指数下跌,情绪上升,,,0,7,1,-1,-1,可打但炸板/反包观察,可打但炸板/反包观察,低/可控,实际有溢价,126.31,130.49,126.55,D:\codex\outputs\a_share_technical_screener\2026-09-08\raw_spot_sina.csv,0.004852824184566451,0.038106603023070784,0.00676213206046139,0.002852824184566451,False,True,False,True,63499714.43,28432791.929999992,,0.2644237634851903,0.18602181912578472,样本不足,1,0,0.0,1,0,0.0,0.0,0.042013311148086485,0.0,0,0,,,0.0,0.042013311148086485,,1,0.0,1.0,0.0,0.0,0.042013311148086485,0.0296381031613977,,,9.26,9.09,10.17,炸板样本：不直接判错，单独看炸板质量；大环境：情绪上升，允许适度提高进攻仓位；指数环境：指数下跌；首次封板偏晚，需要板块发酵、股性或大环境确认；首板/低板位溢价弹性需依赖题材和封板质量；炸板次数2次，可接受但需看承接；换手处于可承接区间；所属行业在今日涨停/炸板热度前排：汽车零部；板块内封板排序第7，情绪上升期可按后排套利处理；炸板后收盘距涨停价较近，仍有反包观察价值；今日涨停家数尚可；今日炸板率不高，封板环境较好,盘后龙虎榜净买入0.63亿，可改善次日风险；机构净买入0.28亿,炸板样本：不直接判错，单独看炸板质量；大环境：情绪上升，允许适度提高进攻仓位；指数环境：指数下跌；首次封板偏晚，需要板块发酵、股性或大环境确认；首板/低板位溢价弹性需依赖题材和封板质量；炸板次数2次，可接受但需看承接；换手处于可承接区间；所属行业在今日涨停/炸板热度前排：汽车零部；板块内封板排序第7，情绪上升期可按后排套利处理；炸板后收盘距涨停价较近，仍有反包观察价值；今日涨停家数尚可；今日炸板率不高，封板环境较好,前一交易日本行业涨停样本缺失；同股历史涨停溢价样本不足,AKShare/Eastmoney pools + local technical screener + local stock_personality_history/history detail + Eastmoney LHB
2026-09-07,2026-09-08,002516,旷达科技,炸板,0,8.687615394592285,5.88,5.95,454881440.0,5.3493242263793945,11:21:00,,7,-0.01176470588235301,汽车零部,9,9,指数下跌,情绪上升,,,0,5,3,3,3,炸板可接受/反包观察,炸板可接受/反包观察,中：需看集合竞价承接,实际有溢价,6.18,6.25,6.1,D:\codex\outputs\a_share_technical_screener\2026-09-08\raw_spot_sina.csv,0.05102040816326525,0.06292517006802734,0.03741496598639449,0.04902040816326525,False,True,False,False,,,,,,样本不足,,,,,,,,,,,,,,,,,,,,,,,,,,6.02,7.44,7.89,炸板样本：不直接判错，单独看炸板质量；大环境：情绪上升，允许适度提高进攻仓位；指数环境：指数下跌；首次封板偏晚，需要板块发酵、股性或大环境确认；首板/低板位溢价弹性需依赖题材和封板质量；炸板次数7次，封板分歧大；换手处于可承接区间；所属行业在今日涨停/炸板热度前排：汽车零部；板块内封板排序第9，情绪上升期可按后排套利处理；炸板后收盘距涨停价较近，仍有反包观察价值；今日涨停家数尚可；今日炸板率不高，封板环境较好,,炸板样本：不直接判错，单独看炸板质量；大环境：情绪上升，允许适度提高进攻仓位；指数环境：指数下跌；首次封板偏晚，需要板块发酵、股性或大环境确认；首板/低板位溢价弹性需依赖题材和封板质量；炸板次数7次，封板分歧大；换手处于可承接区间；所属行业在今日涨停/炸板热度前排：汽车零部；板块内封板排序第9，情绪上升期可按后排套利处理；炸板后收盘距涨停价较近，仍有反包观察价值；今日涨停家数尚可；今日炸板率不高，封板环境较好,前一交易日本行业涨停样本缺失；同股历史涨停溢价样本不足；龙虎榜未上榜或未匹配；仅可作为盘后缺失项,AKShare/Eastmoney pools + local technical screener + local stock_personality_history/history detail + Eastmoney LHB
2026-09-07,2026-09-08,002885,京泉华,炸板,0,8.294266700744629,30.03,30.5,1047606080.0,14.971383094787598,13:06:42,,1,-0.015409836065573779,其他电子,1,1,指数下跌,情绪上升,,,0,7,1,1,1,可打但炸板/反包观察,可打但炸板/反包观察,低/可控,实际无溢价,30.03,30.18,28.39,D:\codex\outputs\a_share_technical_screener\2026-09-08\raw_spot_sina.csv,0.0,0.004995004995004937,-0.05461205461205465,-0.002,False,False,False,False,,,,,,样本不足,1,0,0.0,1,0,0.0,0.001566906925728695,0.0028204324663114733,0.0,0,0,,,0.001566906925728695,0.0028204324663114733,,1,1.0,0.0,0.001566906925728695,0.001566906925728695,0.0028204324663114733,-0.047633970542149795,,,6.74,6.35,4.85,炸板样本：不直接判错，单独看炸板质量；大环境：情绪上升，允许适度提高进攻仓位；指数环境：指数下跌；首次封板偏晚，需要板块发酵、股性或大环境确认；首板/低板位溢价弹性需依赖题材和封板质量；炸板次数1次，可接受但需看承接；换手处于可承接区间；题材/行业热度一般：其他电子；板块内封板排序第1，属于日内前排；炸板后收盘距涨停价较近，仍有反包观察价值；今日涨停家数尚可；今日炸板率不高，封板环境较好,,炸板样本：不直接判错，单独看炸板质量；大环境：情绪上升，允许适度提高进攻仓位；指数环境：指数下跌；首次封板偏晚，需要板块发酵、股性或大环境确认；首板/低板位溢价弹性需依赖题材和封板质量；炸板次数1次，可接受但需看承接；换手处于可承接区间；题材/行业热度一般：其他电子；板块内封板排序第1，属于日内前排；炸板后收盘距涨停价较近，仍有反包观察价值；今日涨停家数尚可；今日炸板率不高，封板环境较好,前一交易日本行业涨停样本缺失；同股历史涨停溢价样本不足；龙虎榜未上榜或未匹配；仅可作为盘后缺失项,AKShare/Eastmoney pools + local technical screener + local stock_personality_history/history detail + Eastmoney LHB
2026-09-07,2026-09-08,603536,惠发食品,炸板,0,5.876494407653809,10.63,11.04,257801664.0,10.10107421875,13:13:43,,2,-0.03713768115942018,食品加工,3,3,指数下跌,情绪上升,,,0,7,1,1,1,可打但炸板/反包观察,可打但炸板/反包观察,低/可控,实际无溢价,10.62,10.67,10.59,D:\codex\outputs\a_share_technical_screener\2026-09-08\raw_spot_sina.csv,-0.0009407337723426057,0.0037629350893695346,-0.0037629350893697566,-0.0029407337723426057,True,False,False,False,,,,,,样本不足,,,,,,,,,,,,,,,,,,,,,,,,是,4.1815643310546875,6.49,8.82,10.27,炸板样本：不直接判错，单独看炸板质量；大环境：情绪上升，允许适度提高进攻仓位；指数环境：指数下跌；首次封板偏晚，需要板块发酵、股性或大环境确认；首板/低板位溢价弹性需依赖题材和封板质量；炸板次数2次，可接受但需看承接；换手处于可承接区间；题材/行业热度一般：食品加工；板块内封板排序第3，属于日内前排；图形新高或强势池新高；今日涨停家数尚可；今日炸板率不高，封板环境较好,,炸板样本：不直接判错，单独看炸板质量；大环境：情绪上升，允许适度提高进攻仓位；指数环境：指数下跌；首次封板偏晚，需要板块发酵、股性或大环境确认；首板/低板位溢价弹性需依赖题材和封板质量；炸板次数2次，可接受但需看承接；换手处于可承接区间；题材/行业热度一般：食品加工；板块内封板排序第3，属于日内前排；图形新高或强势池新高；今日涨停家数尚可；今日炸板率不高，封板环境较好,前一交易日本行业涨停样本缺失；同股历史涨停溢价样本不足；龙虎榜未上榜或未匹配；仅可作为盘后缺失项,AKShare/Eastmoney pools + local technical screener + local stock_personality_history/history detail + Eastmoney LHB
2026-09-07,2026-09-08,301595,太力科技,炸板,0,16.7342529296875,43.18,44.39,214792067.0,12.446906089782715,13:29:09,,3,-0.027258391529623838,家居用品,1,1,指数下跌,情绪上升,,,0,6,2,2,2,可打但炸板/反包观察,可打但炸板/反包观察,中：需看集合竞价承接,实际有溢价,44.7,44.96,41.91,D:\codex\outputs\a_share_technical_screener\2026-09-08\raw_spot_sina.csv,0.03520148216767027,0.041222788327929694,-0.02941176470588247,0.03320148216767027,False,True,False,False,,,,,,样本不足,,,,,,,,,,,,,,,,,,,,,,,,,,11.31,10.0,9.23,炸板样本：不直接判错，单独看炸板质量；大环境：情绪上升，允许适度提高进攻仓位；指数环境：指数下跌；首次封板偏晚，需要板块发酵、股性或大环境确认；首板/低板位溢价弹性需依赖题材和封板质量；炸板次数3次，封板稳定性一般；换手处于可承接区间；题材/行业热度一般：家居用品；板块内封板排序第1，属于日内前排；炸板后收盘距涨停价较近，仍有反包观察价值；今日涨停家数尚可；今日炸板率不高，封板环境较好,,炸板样本：不直接判错，单独看炸板质量；大环境：情绪上升，允许适度提高进攻仓位；指数环境：指数下跌；首次封板偏晚，需要板块发酵、股性或大环境确认；首板/低板位溢价弹性需依赖题材和封板质量；炸板次数3次，封板稳定性一般；换手处于可承接区间；题材/行业热度一般：家居用品；板块内封板排序第1，属于日内前排；炸板后收盘距涨停价较近，仍有反包观察价值；今日涨停家数尚可；今日炸板率不高，封板环境较好,前一交易日本行业涨停样本缺失；同股历史涨停溢价样本不足；龙虎榜未上榜或未匹配；仅可作为盘后缺失项,AKShare/Eastmoney pools + local technical screener + local stock_personality_history/history detail + Eastmoney LHB
2026-09-07,2026-09-08,605580,恒盛能源,炸板,3,8.633733749389648,24.41,24.72,908780912.0,13.75733470916748,13:29:32,,4,-0.012540453074433633,电力,2,2,指数下跌,情绪上升,,,0,9,1,1,1,可打但炸板/反包观察,可打但炸板/反包观察,低/可控,实际无溢价,24.02,25.61,25.05,D:\codex\outputs\a_share_technical_screener\2026-09-08\raw_spot_sina.csv,-0.015977058582548165,0.04916018025399427,0.026218762802130202,-0.017977058582548167,True,True,False,False,,,,,,样本不足,2,1,0.5,2,1,0.5,0.07551625368332515,0.0999933342351721,0.5,1,0,0.0,0.0,0.07551625368332515,0.0999933342351721,,2,1.0,0.0,0.07551625368332515,0.07551625368332515,0.0999933342351721,0.09309524789783341,否,6.7818803787231445,17.6,26.62,37.91,炸板样本：不直接判错，单独看炸板质量；大环境：情绪上升，允许适度提高进攻仓位；指数环境：指数下跌；首次封板偏晚，需要板块发酵、股性或大环境确认；3板以上有辨识度；炸板次数4次，封板稳定性一般；换手处于可承接区间；题材/行业热度一般：电力；板块内封板排序第2，属于日内前排；5日涨幅过高，次日兑现风险；炸板后收盘距涨停价较近，仍有反包观察价值；今日涨停家数尚可；今日炸板率不高，封板环境较好,,炸板样本：不直接判错，单独看炸板质量；大环境：情绪上升，允许适度提高进攻仓位；指数环境：指数下跌；首次封板偏晚，需要板块发酵、股性或大环境确认；3板以上有辨识度；炸板次数4次，封板稳定性一般；换手处于可承接区间；题材/行业热度一般：电力；板块内封板排序第2，属于日内前排；5日涨幅过高，次日兑现风险；炸板后收盘距涨停价较近，仍有反包观察价值；今日涨停家数尚可；今日炸板率不高，封板环境较好,前一交易日本行业涨停样本缺失；同股历史涨停溢价样本不足；龙虎榜未上榜或未匹配；仅可作为盘后缺失项,AKShare/Eastmoney pools + local technical screener + local stock_personality_history/history detail + Eastmoney LHB
2026-09-07,2026-09-08,603002,宏昌电子,炸板,0,8.007941246032715,16.32,16.62,1592122816.0,8.745150566101074,13:30:34,,1,-0.018050541516245522,电子化学,2,3,指数下跌,情绪上升,,,0,7,1,1,1,可打但炸板/反包观察,可打但炸板/反包观察,低/可控,实际无溢价,16.16,16.96,16.42,D:\codex\outputs\a_share_technical_screener\2026-09-08\raw_spot_sina.csv,-0.009803921568627416,0.03921568627450989,0.006127450980392135,-0.011803921568627416,True,True,False,False,,,,,,样本不足,1,0,0.0,1,0,0.0,0.028976936723831948,0.09166173861620353,0.0,0,0,,,0.028976936723831948,0.09166173861620353,,1,1.0,0.0,0.028976936723831948,0.028976936723831948,0.09166173861620353,0.04494382022471921,,,1.25,-0.24,-6.96,炸板样本：不直接判错，单独看炸板质量；大环境：情绪上升，允许适度提高进攻仓位；指数环境：指数下跌；首次封板偏晚，需要板块发酵、股性或大环境确认；首板/低板位溢价弹性需依赖题材和封板质量；炸板次数1次，可接受但需看承接；换手处于可承接区间；题材/行业热度一般：电子化学；板块内封板排序第2，属于日内前排；炸板后收盘距涨停价较近，仍有反包观察价值；今日涨停家数尚可；今日炸板率不高，封板环境较好,,炸板样本：不直接判错，单独看炸板质量；大环境：情绪上升，允许适度提高进攻仓位；指数环境：指数下跌；首次封板偏晚，需要板块发酵、股性或大环境确认；首板/低板位溢价弹性需依赖题材和封板质量；炸板次数1次，可接受但需看承接；换手处于可承接区间；题材/行业热度一般：电子化学；板块内封板排序第2，属于日内前排；炸板后收盘距涨停价较近，仍有反包观察价值；今日涨停家数尚可；今日炸板率不高，封板环境较好,前一交易日本行业涨停样本缺失；同股历史涨停溢价样本不足；龙虎榜未上榜或未匹配；仅可作为盘后缺失项,AKShare/Eastmoney pools + local technical screener + local stock_personality_history/history detail + Eastmoney LHB
2026-09-07,2026-09-08,603011,合锻智能,炸板,0,8.801652908325195,26.33,26.62,1736962832.0,13.657654762268066,13:34:51,,2,-0.010894064613072962,专用设备,3,4,指数下跌,情绪上升,,,0,8,1,1,1,可打但炸板/反包观察,可打但炸板/反包观察,低/可控,实际有溢价,26.5,27.2,26.25,D:\codex\outputs\a_share_technical_screener\2026-09-08\raw_spot_sina.csv,0.0064565134827194726,0.033042157235093184,-0.0030383592859855035,0.0044565134827194725,False,True,False,False,,,,,,股性偏强,4,3,0.75,4,3,0.75,0.01991969698279858,0.06471065538786913,0.75,3,0,0.0,0.0,0.01991969698279858,0.06471065538786913,,4,0.75,0.25,0.01991969698279858,0.017991312144056804,0.06471065538786913,0.04256431087695403,,,3.41,4.26,-1.75,炸板样本：不直接判错，单独看炸板质量；大环境：情绪上升，允许适度提高进攻仓位；指数环境：指数下跌；首次封板偏晚，需要板块发酵、股性或大环境确认；首板/低板位溢价弹性需依赖题材和封板质量；炸板次数2次，可接受但需看承接；换手处于可承接区间；题材/行业热度一般：专用设备；板块内封板排序第3，属于日内前排；炸板后收盘距涨停价较近，仍有反包观察价值；今日涨停家数尚可；今日炸板率不高，封板环境较好；三年股性偏强：涨停样本4，次日开盘有溢价率75.0%，均值2.0%；历史封板稳定性一般：涨停/炸板样本中未封住比例75.0%,,炸板样本：不直接判错，单独看炸板质量；大环境：情绪上升，允许适度提高进攻仓位；指数环境：指数下跌；首次封板偏晚，需要板块发酵、股性或大环境确认；首板/低板位溢价弹性需依赖题材和封板质量；炸板次数2次，可接受但需看承接；换手处于可承接区间；题材/行业热度一般：专用设备；板块内封板排序第3，属于日内前排；炸板后收盘距涨停价较近，仍有反包观察价值；今日涨停家数尚可；今日炸板率不高，封板环境较好；三年股性偏强：涨停样本4，次日开盘有溢价率75.0%，均值2.0%；历史封板稳定性一般：涨停/炸板样本中未封住比例75.0%,前一交易日本行业涨停样本缺失；龙虎榜未上榜或未匹配；仅可作为盘后缺失项,AKShare/Eastmoney pools + local technical screener + local stock_personality_history/history detail + Eastmoney LHB
2026-09-07,2026-09-08,300684,中石科技,炸板,0,17.39032554626465,104.36,106.68,4516204800.0,22.38352394104004,13:35:36,,1,-0.021747281589801326,电子化学,3,3,指数下跌,情绪上升,,,0,8,1,-1,-1,可打但炸板/反包观察,可打但炸板/反包观察,低/可控,实际无溢价,96.0,97.0,88.23,D:\codex\outputs\a_share_technical_screener\2026-09-08\raw_spot_sina.csv,-0.08010732081257188,-0.07052510540436951,-0.1545611345343043,-0.08210732081257188,True,False,False,True,134730485.73,88492191.81,,0.15233210332455477,0.12662305681549463,样本不足,,,,,,,,,,,,,,,,,,,,,,,,是,1.727170467376709,11.82,13.92,10.43,炸板样本：不直接判错，单独看炸板质量；大环境：情绪上升，允许适度提高进攻仓位；指数环境：指数下跌；首次封板偏晚，需要板块发酵、股性或大环境确认；首板/低板位溢价弹性需依赖题材和封板质量；炸板次数1次，可接受但需看承接；成交额较大，具备市场辨识度；题材/行业热度一般：电子化学；板块内封板排序第3，属于日内前排；图形新高或强势池新高；炸板后收盘距涨停价较近，仍有反包观察价值；今日涨停家数尚可；今日炸板率不高，封板环境较好,盘后龙虎榜净买入1.35亿，可改善次日风险；机构净买入0.88亿,炸板样本：不直接判错，单独看炸板质量；大环境：情绪上升，允许适度提高进攻仓位；指数环境：指数下跌；首次封板偏晚，需要板块发酵、股性或大环境确认；首板/低板位溢价弹性需依赖题材和封板质量；炸板次数1次，可接受但需看承接；成交额较大，具备市场辨识度；题材/行业热度一般：电子化学；板块内封板排序第3，属于日内前排；图形新高或强势池新高；炸板后收盘距涨停价较近，仍有反包观察价值；今日涨停家数尚可；今日炸板率不高，封板环境较好,前一交易日本行业涨停样本缺失；同股历史涨停溢价样本不足,AKShare/Eastmoney pools + local technical screener + local stock_personality_history/history detail + Eastmoney LHB
