trade_date,next_trade_date,code,name,pool_type,board,pct_chg,close,limit_price,amount,turnover,first_seal_time,last_seal_time,break_count,close_vs_limit,industry,industry_board_rank,industry_limitup_count_today,market_index_trend,emotion_stage,prev_industry_open_good_rate,prev_industry_close_good_rate,prev_industry_sample_count,action_score,signal_risk_score,postclose_risk_score,risk_score,board_action_quality,broken_board_quality,next_day_premium_risk,realized_label,next_open,next_high,next_close,outcome_source,open_premium,high_premium,close_return,net_open_return,low_open,rushed_high,continued_limit_up,lhb_listed,lhb_net_buy,institution_net,tracked_seats,buy_concentration,sell_concentration,stock_personality_tag,hist_limitup_count_3y,hist_failed_seal_count_3y,hist_failed_seal_rate_3y,hist_limitup_count_1y,hist_failed_seal_count_1y,hist_broken_board_rate_1y,hist_open_premium_mean_1y,hist_high_premium_mean_1y,hist_broken_board_rate_3y,hist_broken_sample_count_3y,hist_broken_a_kill_count_3y,hist_broken_a_kill_rate_3y,hist_a_kill_bloodline_index,hist_open_premium_mean_3y,hist_high_premium_mean_3y,personality_forced_downgrade,hist_n,hist_open_win_rate,hist_no_premium_rate,hist_avg_open,hist_median_open,hist_avg_high,hist_avg_close,strong_is_new_high,strong_volume_ratio,tech_ma5_dev,tech_ma10_dev,tech_gain5,signal_decision_reason,postclose_risk_reason,decision_reason,data_gaps,data_lineage
2026-09-21,2026-09-22,000504,南华生物,涨停,3,9.990009307861328,11.01,,58783810.0,1.6222320795059204,09:25:00,09:25:00,0,,医疗服务,1,5,指数上涨,情绪上升,,,0,13,-3,-3,-3,可以打板,,低/可控,待验证/行情缺失,,,,,,,,,,,,False,,,,,,样本不足,2,2,1.0,2,2,1.0,0.08621378621378617,0.09995004995004997,1.0,2,0,0.0,0.0,0.08621378621378617,0.09995004995004997,,2,1.0,0.0,0.08621378621378617,0.08621378621378617,0.09995004995004997,0.09995004995004997,是,0.6158305406570435,,,,收盘封住涨停；大环境：情绪上升，允许适度提高进攻仓位；指数环境：指数上涨；首次封板在10:30前，只作为前排证据之一；3板以上有辨识度；未炸板；成交额过低，容量和滑点风险高；所属行业在今日涨停/炸板热度前排：医疗服务；板块内封板排序第1，属于日内前排；图形新高或强势池新高；今日涨停家数尚可；今日炸板率不高，封板环境较好,,收盘封住涨停；大环境：情绪上升，允许适度提高进攻仓位；指数环境：指数上涨；首次封板在10:30前，只作为前排证据之一；3板以上有辨识度；未炸板；成交额过低，容量和滑点风险高；所属行业在今日涨停/炸板热度前排：医疗服务；板块内封板排序第1，属于日内前排；图形新高或强势池新高；今日涨停家数尚可；今日炸板率不高，封板环境较好,前一交易日本行业涨停样本缺失；技术筛选图形缺失；同股历史涨停溢价样本不足；龙虎榜未上榜或未匹配；仅可作为盘后缺失项；T+1行情缺失或未收盘：2026-09-22,AKShare/Eastmoney pools + local technical screener + local stock_personality_history/history detail + Eastmoney LHB
2026-09-21,2026-09-22,000607,华媒控股,涨停,1,9.951457023620605,4.53,,104619589.0,2.6094021797180176,09:25:00,09:25:00,0,,广告营销,1,1,指数上涨,情绪上升,,,0,10,-1,-1,-1,可以打板,,低/可控,待验证/行情缺失,,,,,,,,,,,,False,,,,,,样本不足,,,,,,,,,,,,,,,,,,,,,,,,是,0.6448227167129517,,,,收盘封住涨停；大环境：情绪上升，允许适度提高进攻仓位；指数环境：指数上涨；首次封板在10:30前，只作为前排证据之一；首板/低板位溢价弹性需依赖题材和封板质量；未炸板；题材/行业热度一般：广告营销；板块内封板排序第1，属于日内前排；图形新高或强势池新高；今日涨停家数尚可；今日炸板率不高，封板环境较好,,收盘封住涨停；大环境：情绪上升，允许适度提高进攻仓位；指数环境：指数上涨；首次封板在10:30前，只作为前排证据之一；首板/低板位溢价弹性需依赖题材和封板质量；未炸板；题材/行业热度一般：广告营销；板块内封板排序第1，属于日内前排；图形新高或强势池新高；今日涨停家数尚可；今日炸板率不高，封板环境较好,前一交易日本行业涨停样本缺失；技术筛选图形缺失；同股历史涨停溢价样本不足；龙虎榜未上榜或未匹配；仅可作为盘后缺失项；T+1行情缺失或未收盘：2026-09-22,AKShare/Eastmoney pools + local technical screener + local stock_personality_history/history detail + Eastmoney LHB
2026-09-21,2026-09-22,001216,华瓷股份,涨停,5,10.013717651367188,24.06,,51219505.0,0.8624439835548401,09:25:00,09:25:00,0,,家居用品,1,4,指数上涨,情绪上升,,,0,12,-2,-2,-2,可以打板,,低/可控,待验证/行情缺失,,,,,,,,,,,,False,,,,,,股性偏强,4,1,0.25,4,1,0.25,0.07801748445977978,0.10013459962076965,0.25,1,0,0.0,0.0,0.07801748445977978,0.10013459962076965,,3,1.0,0.0,0.07801748445977978,0.07858328721638075,0.10013459962076965,0.10013459962076965,是,0.17221586406230927,,,,收盘封住涨停；大环境：情绪上升，允许适度提高进攻仓位；指数环境：指数上涨；首次封板在10:30前，只作为前排证据之一；3板以上有辨识度；未炸板；换手过低，成交验证不足；成交额过低，容量和滑点风险高；题材/行业热度一般：家居用品；板块内封板排序第1，属于日内前排；图形新高或强势池新高；今日涨停家数尚可；今日炸板率不高，封板环境较好；三年股性偏强：涨停样本4，次日开盘有溢价率100.0%，均值7.8%,,收盘封住涨停；大环境：情绪上升，允许适度提高进攻仓位；指数环境：指数上涨；首次封板在10:30前，只作为前排证据之一；3板以上有辨识度；未炸板；换手过低，成交验证不足；成交额过低，容量和滑点风险高；题材/行业热度一般：家居用品；板块内封板排序第1，属于日内前排；图形新高或强势池新高；今日涨停家数尚可；今日炸板率不高，封板环境较好；三年股性偏强：涨停样本4，次日开盘有溢价率100.0%，均值7.8%,前一交易日本行业涨停样本缺失；技术筛选图形缺失；龙虎榜未上榜或未匹配；仅可作为盘后缺失项；T+1行情缺失或未收盘：2026-09-22,AKShare/Eastmoney pools + local technical screener + local stock_personality_history/history detail + Eastmoney LHB
2026-09-21,2026-09-22,600743,华远控股,涨停,1,9.905660629272461,2.33,,38187388.0,0.6985819339752197,09:25:00,09:25:00,0,,房地产服,1,3,指数上涨,情绪上升,,,0,7,1,1,1,谨慎可打,,低/可控,待验证/行情缺失,,,,,,,,,,,,False,,,,,,样本不足,,,,,,,,,,,,,,,,,,,,,,,,,,,,,收盘封住涨停；大环境：情绪上升，允许适度提高进攻仓位；指数环境：指数上涨；首次封板在10:30前，只作为前排证据之一；首板/低板位溢价弹性需依赖题材和封板质量；未炸板；换手过低，成交验证不足；成交额过低，容量和滑点风险高；题材/行业热度一般：房地产服；板块内封板排序第1，属于日内前排；今日涨停家数尚可；今日炸板率不高，封板环境较好,,收盘封住涨停；大环境：情绪上升，允许适度提高进攻仓位；指数环境：指数上涨；首次封板在10:30前，只作为前排证据之一；首板/低板位溢价弹性需依赖题材和封板质量；未炸板；换手过低，成交验证不足；成交额过低，容量和滑点风险高；题材/行业热度一般：房地产服；板块内封板排序第1，属于日内前排；今日涨停家数尚可；今日炸板率不高，封板环境较好,前一交易日本行业涨停样本缺失；技术筛选图形缺失；同股历史涨停溢价样本不足；龙虎榜未上榜或未匹配；仅可作为盘后缺失项；T+1行情缺失或未收盘：2026-09-22,AKShare/Eastmoney pools + local technical screener + local stock_personality_history/history detail + Eastmoney LHB
2026-09-21,2026-09-22,600630,龙头股份,涨停,3,10.012063026428223,9.12,,418014128.0,10.797085762023926,09:25:01,11:01:55,1,,服装家纺,1,4,指数上涨,情绪上升,,,0,11,-2,-2,-2,可以打板,,低/可控,待验证/行情缺失,,,,,,,,,,,,False,,,,,,样本不足,2,2,1.0,2,2,1.0,0.0805642924107215,0.09979506164149066,1.0,2,0,0.0,0.0,0.0805642924107215,0.09979506164149066,,2,1.0,0.0,0.0805642924107215,0.0805642924107215,0.09979506164149066,0.09979506164149066,否,2.152965784072876,,,,收盘封住涨停；大环境：情绪上升，允许适度提高进攻仓位；指数环境：指数上涨；首次封板在10:30前，只作为前排证据之一；3板以上有辨识度；炸板次数1次，可接受但需看承接；换手处于可承接区间；题材/行业热度一般：服装家纺；板块内封板排序第1，属于日内前排；今日涨停家数尚可；今日炸板率不高，封板环境较好,,收盘封住涨停；大环境：情绪上升，允许适度提高进攻仓位；指数环境：指数上涨；首次封板在10:30前，只作为前排证据之一；3板以上有辨识度；炸板次数1次，可接受但需看承接；换手处于可承接区间；题材/行业热度一般：服装家纺；板块内封板排序第1，属于日内前排；今日涨停家数尚可；今日炸板率不高，封板环境较好,前一交易日本行业涨停样本缺失；技术筛选图形缺失；同股历史涨停溢价样本不足；龙虎榜未上榜或未匹配；仅可作为盘后缺失项；T+1行情缺失或未收盘：2026-09-22,AKShare/Eastmoney pools + local technical screener + local stock_personality_history/history detail + Eastmoney LHB
2026-09-21,2026-09-22,600301,华锡有色,涨停,1,9.993396759033203,49.97,,286094576.0,2.0795295238494873,09:25:02,09:31:02,1,,小金属,1,2,指数上涨,情绪上升,,,0,7,0,0,0,谨慎可打,,低/可控,待验证/行情缺失,,,,,,,,,,,,False,,,,,,样本不足,,,,,,,,,,,,,,,,,,,,,,,,,,,,,收盘封住涨停；大环境：情绪上升，允许适度提高进攻仓位；指数环境：指数上涨；首次封板在10:30前，只作为前排证据之一；首板/低板位溢价弹性需依赖题材和封板质量；炸板次数1次，可接受但需看承接；题材/行业热度一般：小金属；板块内封板排序第1，属于日内前排；今日涨停家数尚可；今日炸板率不高，封板环境较好,,收盘封住涨停；大环境：情绪上升，允许适度提高进攻仓位；指数环境：指数上涨；首次封板在10:30前，只作为前排证据之一；首板/低板位溢价弹性需依赖题材和封板质量；炸板次数1次，可接受但需看承接；题材/行业热度一般：小金属；板块内封板排序第1，属于日内前排；今日涨停家数尚可；今日炸板率不高，封板环境较好,前一交易日本行业涨停样本缺失；技术筛选图形缺失；同股历史涨停溢价样本不足；龙虎榜未上榜或未匹配；仅可作为盘后缺失项；T+1行情缺失或未收盘：2026-09-22,AKShare/Eastmoney pools + local technical screener + local stock_personality_history/history detail + Eastmoney LHB
2026-09-21,2026-09-22,600825,新华传媒,涨停,1,9.98116683959961,5.84,,14523846.0,0.2380121499300003,09:25:02,09:25:02,0,,出版,1,3,指数上涨,情绪上升,,,0,8,1,1,1,可以打板,,低/可控,待验证/行情缺失,,,,,,,,,,,,False,,,,,,样本不足,,,,,,,,,,,,,,,,,,,,,,,,是,0.15841607749462128,,,,收盘封住涨停；大环境：情绪上升，允许适度提高进攻仓位；指数环境：指数上涨；首次封板在10:30前，只作为前排证据之一；首板/低板位溢价弹性需依赖题材和封板质量；未炸板；换手过低，成交验证不足；成交额过低，容量和滑点风险高；题材/行业热度一般：出版；板块内封板排序第1，属于日内前排；图形新高或强势池新高；今日涨停家数尚可；今日炸板率不高，封板环境较好,,收盘封住涨停；大环境：情绪上升，允许适度提高进攻仓位；指数环境：指数上涨；首次封板在10:30前，只作为前排证据之一；首板/低板位溢价弹性需依赖题材和封板质量；未炸板；换手过低，成交验证不足；成交额过低，容量和滑点风险高；题材/行业热度一般：出版；板块内封板排序第1，属于日内前排；图形新高或强势池新高；今日涨停家数尚可；今日炸板率不高，封板环境较好,前一交易日本行业涨停样本缺失；技术筛选图形缺失；同股历史涨停溢价样本不足；龙虎榜未上榜或未匹配；仅可作为盘后缺失项；T+1行情缺失或未收盘：2026-09-22,AKShare/Eastmoney pools + local technical screener + local stock_personality_history/history detail + Eastmoney LHB
2026-09-21,2026-09-22,603230,内蒙新华,涨停,4,10.014836311340332,14.83,,557005248.0,10.628140449523926,09:25:02,09:37:11,3,,出版,2,3,指数上涨,情绪上升,,,0,12,-1,-1,-1,可以打板,,低/可控,待验证/行情缺失,,,,,,,,,,,,False,,,,,,股性偏强,5,3,0.6,5,3,0.6,0.060877755326394875,0.07115234500871695,0.6,3,0,0.0,0.0,0.060877755326394875,0.07115234500871695,,5,0.8,0.2,0.060877755326394875,0.09964093357271087,0.07115234500871695,0.05753449863792295,是,1.7125579118728638,,,,收盘封住涨停；大环境：情绪上升，允许适度提高进攻仓位；指数环境：指数上涨；首次封板在10:30前，只作为前排证据之一；3板以上有辨识度；炸板次数3次，封板稳定性一般；换手处于可承接区间；题材/行业热度一般：出版；板块内封板排序第2，属于日内前排；图形新高或强势池新高；今日涨停家数尚可；今日炸板率不高，封板环境较好；三年股性偏强：涨停样本5，次日开盘有溢价率80.0%，均值6.1%；历史封板稳定性一般：涨停/炸板样本中未封住比例60.0%,,收盘封住涨停；大环境：情绪上升，允许适度提高进攻仓位；指数环境：指数上涨；首次封板在10:30前，只作为前排证据之一；3板以上有辨识度；炸板次数3次，封板稳定性一般；换手处于可承接区间；题材/行业热度一般：出版；板块内封板排序第2，属于日内前排；图形新高或强势池新高；今日涨停家数尚可；今日炸板率不高，封板环境较好；三年股性偏强：涨停样本5，次日开盘有溢价率80.0%，均值6.1%；历史封板稳定性一般：涨停/炸板样本中未封住比例60.0%,前一交易日本行业涨停样本缺失；技术筛选图形缺失；龙虎榜未上榜或未匹配；仅可作为盘后缺失项；T+1行情缺失或未收盘：2026-09-22,AKShare/Eastmoney pools + local technical screener + local stock_personality_history/history detail + Eastmoney LHB
2026-09-21,2026-09-22,002453,华软科技,涨停,3,9.925093650817871,5.87,,252961325.0,6.707918643951416,09:30:00,09:30:00,0,,化学制品,1,6,指数上涨,情绪上升,,,0,15,-4,-4,-4,可以打板,,低/可控,待验证/行情缺失,,,,,,,,,,,,False,,,,,,样本不足,2,1,0.5,2,1,0.5,0.09826827290628981,0.10014093208231989,0.5,1,0,0.0,0.0,0.09826827290628981,0.10014093208231989,,2,1.0,0.0,0.09826827290628981,0.09826827290628981,0.10014093208231989,0.10014093208231989,是,1.6728788614273071,,,,收盘封住涨停；大环境：情绪上升，允许适度提高进攻仓位；指数环境：指数上涨；首次封板在10:30前，只作为前排证据之一；3板以上有辨识度；未炸板；换手处于可承接区间；所属行业在今日涨停/炸板热度前排：化学制品；板块内封板排序第1，属于日内前排；图形新高或强势池新高；今日涨停家数尚可；今日炸板率不高，封板环境较好,,收盘封住涨停；大环境：情绪上升，允许适度提高进攻仓位；指数环境：指数上涨；首次封板在10:30前，只作为前排证据之一；3板以上有辨识度；未炸板；换手处于可承接区间；所属行业在今日涨停/炸板热度前排：化学制品；板块内封板排序第1，属于日内前排；图形新高或强势池新高；今日涨停家数尚可；今日炸板率不高，封板环境较好,前一交易日本行业涨停样本缺失；技术筛选图形缺失；同股历史涨停溢价样本不足；龙虎榜未上榜或未匹配；仅可作为盘后缺失项；T+1行情缺失或未收盘：2026-09-22,AKShare/Eastmoney pools + local technical screener + local stock_personality_history/history detail + Eastmoney LHB
2026-09-21,2026-09-22,002614,奥佳华,涨停,1,10.035211563110352,6.25,,68855612.0,2.4998083114624023,09:30:00,09:30:00,0,,其他家电,1,1,指数上涨,情绪上升,,,0,9,0,0,0,可以打板,,低/可控,待验证/行情缺失,,,,,,,,,,,,False,,,,,,样本不足,,,,,,,,,,,,,,,,,,,,,,,,是,1.3995366096496582,,,,收盘封住涨停；大环境：情绪上升，允许适度提高进攻仓位；指数环境：指数上涨；首次封板在10:30前，只作为前排证据之一；首板/低板位溢价弹性需依赖题材和封板质量；未炸板；成交额过低，容量和滑点风险高；题材/行业热度一般：其他家电；板块内封板排序第1，属于日内前排；图形新高或强势池新高；今日涨停家数尚可；今日炸板率不高，封板环境较好,,收盘封住涨停；大环境：情绪上升，允许适度提高进攻仓位；指数环境：指数上涨；首次封板在10:30前，只作为前排证据之一；首板/低板位溢价弹性需依赖题材和封板质量；未炸板；成交额过低，容量和滑点风险高；题材/行业热度一般：其他家电；板块内封板排序第1，属于日内前排；图形新高或强势池新高；今日涨停家数尚可；今日炸板率不高，封板环境较好,前一交易日本行业涨停样本缺失；技术筛选图形缺失；同股历史涨停溢价样本不足；龙虎榜未上榜或未匹配；仅可作为盘后缺失项；T+1行情缺失或未收盘：2026-09-22,AKShare/Eastmoney pools + local technical screener + local stock_personality_history/history detail + Eastmoney LHB
2026-09-21,2026-09-22,002172,澳洋健康,涨停,1,10.03787899017334,5.81,,667881088.0,15.074483871459961,09:30:03,09:33:06,2,,医疗服务,2,5,指数上涨,情绪上升,,,0,11,-1,-1,-1,可以打板,,低/可控,待验证/行情缺失,,,,,,,,,,,,False,,,,,,股性偏强,11,9,0.8181818181818182,11,9,0.8181818181818182,0.05025603241122238,0.07932912567351874,0.8181818181818182,9,0,0.0,0.0,0.05025603241122238,0.07932912567351874,,11,0.6363636363636364,0.36363636363636365,0.05025603241122238,0.03603603603603589,0.07932912567351874,0.03961891135083926,是,0.5181121826171875,,,,收盘封住涨停；大环境：情绪上升，允许适度提高进攻仓位；指数环境：指数上涨；首次封板在10:30前，只作为前排证据之一；首板/低板位溢价弹性需依赖题材和封板质量；炸板次数2次，可接受但需看承接；换手处于可承接区间；所属行业在今日涨停/炸板热度前排：医疗服务；板块内封板排序第2，属于日内前排；图形新高或强势池新高；今日涨停家数尚可；今日炸板率不高，封板环境较好；三年股性偏强：涨停样本11，次日开盘有溢价率63.6%，均值5.0%；历史封板稳定性一般：涨停/炸板样本中未封住比例81.8%,,收盘封住涨停；大环境：情绪上升，允许适度提高进攻仓位；指数环境：指数上涨；首次封板在10:30前，只作为前排证据之一；首板/低板位溢价弹性需依赖题材和封板质量；炸板次数2次，可接受但需看承接；换手处于可承接区间；所属行业在今日涨停/炸板热度前排：医疗服务；板块内封板排序第2，属于日内前排；图形新高或强势池新高；今日涨停家数尚可；今日炸板率不高，封板环境较好；三年股性偏强：涨停样本11，次日开盘有溢价率63.6%，均值5.0%；历史封板稳定性一般：涨停/炸板样本中未封住比例81.8%,前一交易日本行业涨停样本缺失；技术筛选图形缺失；龙虎榜未上榜或未匹配；仅可作为盘后缺失项；T+1行情缺失或未收盘：2026-09-22,AKShare/Eastmoney pools + local technical screener + local stock_personality_history/history detail + Eastmoney LHB
2026-09-21,2026-09-22,601123,马矿股份,涨停,2,10.011248588562012,19.56,,295928272.0,15.859630584716797,09:30:03,09:30:03,0,,冶钢原料,1,1,指数上涨,情绪上升,,,0,12,-2,-2,-2,可以打板,,低/可控,待验证/行情缺失,,,,,,,,,,,,False,,,,,,样本不足,2,1,0.5,2,1,0.5,0.05523552036638646,0.07387994755569194,0.5,1,0,0.0,0.0,0.05523552036638646,0.07387994755569194,,2,1.0,0.0,0.05523552036638646,0.05523552036638646,0.07387994755569194,0.049162854047651416,否,0.6006101965904236,,,,收盘封住涨停；大环境：情绪上升，允许适度提高进攻仓位；指数环境：指数上涨；首次封板在10:30前，只作为前排证据之一；2板承接优于普通首板；未炸板；换手处于可承接区间；题材/行业热度一般：冶钢原料；板块内封板排序第1，属于日内前排；今日涨停家数尚可；今日炸板率不高，封板环境较好,,收盘封住涨停；大环境：情绪上升，允许适度提高进攻仓位；指数环境：指数上涨；首次封板在10:30前，只作为前排证据之一；2板承接优于普通首板；未炸板；换手处于可承接区间；题材/行业热度一般：冶钢原料；板块内封板排序第1，属于日内前排；今日涨停家数尚可；今日炸板率不高，封板环境较好,前一交易日本行业涨停样本缺失；技术筛选图形缺失；同股历史涨停溢价样本不足；龙虎榜未上榜或未匹配；仅可作为盘后缺失项；T+1行情缺失或未收盘：2026-09-22,AKShare/Eastmoney pools + local technical screener + local stock_personality_history/history detail + Eastmoney LHB
2026-09-21,2026-09-22,000910,大亚圣象,涨停,2,10.017574310302734,6.26,,302079824.0,9.089484214782715,09:30:06,14:11:15,2,,家居用品,2,4,指数上涨,情绪上升,,,0,11,-1,-1,-1,可以打板,,低/可控,待验证/行情缺失,,,,,,,,,,,,False,,,,,,样本不足,1,1,1.0,1,1,1.0,0.054481546572934914,0.10017574692442865,1.0,1,0,0.0,0.0,0.054481546572934914,0.10017574692442865,,1,1.0,0.0,0.054481546572934914,0.054481546572934914,0.10017574692442865,0.10017574692442865,是,8.916008949279785,,,,收盘封住涨停；大环境：情绪上升，允许适度提高进攻仓位；指数环境：指数上涨；首次封板在10:30前，只作为前排证据之一；2板承接优于普通首板；炸板次数2次，可接受但需看承接；换手处于可承接区间；题材/行业热度一般：家居用品；板块内封板排序第2，属于日内前排；图形新高或强势池新高；今日涨停家数尚可；今日炸板率不高，封板环境较好,,收盘封住涨停；大环境：情绪上升，允许适度提高进攻仓位；指数环境：指数上涨；首次封板在10:30前，只作为前排证据之一；2板承接优于普通首板；炸板次数2次，可接受但需看承接；换手处于可承接区间；题材/行业热度一般：家居用品；板块内封板排序第2，属于日内前排；图形新高或强势池新高；今日涨停家数尚可；今日炸板率不高，封板环境较好,前一交易日本行业涨停样本缺失；技术筛选图形缺失；同股历史涨停溢价样本不足；龙虎榜未上榜或未匹配；仅可作为盘后缺失项；T+1行情缺失或未收盘：2026-09-22,AKShare/Eastmoney pools + local technical screener + local stock_personality_history/history detail + Eastmoney LHB
2026-09-21,2026-09-22,002303,美盈森,涨停,1,10.0,6.27,,213746074.0,3.210078477859497,09:30:15,09:30:15,0,,包装印刷,1,1,指数上涨,情绪上升,,,0,11,2,2,2,谨慎可打,,中：需看集合竞价承接,待验证/行情缺失,,,,,,,,,,,,False,,,,,,股性偏弱,4,3,0.75,4,3,0.75,0.005058756918201013,0.03194987593958054,0.75,3,0,0.0,0.0,0.005058756918201013,0.03194987593958054,,4,0.25,0.75,0.005058756918201013,-0.0061511423550087985,0.03194987593958054,0.0066680940775961095,是,0.4098760187625885,,,,收盘封住涨停；大环境：情绪上升，允许适度提高进攻仓位；指数环境：指数上涨；首次封板在10:30前，只作为前排证据之一；首板/低板位溢价弹性需依赖题材和封板质量；未炸板；换手处于可承接区间；题材/行业热度一般：包装印刷；板块内封板排序第1，属于日内前排；图形新高或强势池新高；今日涨停家数尚可；今日炸板率不高，封板环境较好；三年股性偏弱：涨停样本4，次日开盘有溢价率25.0%，均值0.5%；历史封板稳定性一般：涨停/炸板样本中未封住比例75.0%；三年股性偏弱，不进入严格可以打板名单,,收盘封住涨停；大环境：情绪上升，允许适度提高进攻仓位；指数环境：指数上涨；首次封板在10:30前，只作为前排证据之一；首板/低板位溢价弹性需依赖题材和封板质量；未炸板；换手处于可承接区间；题材/行业热度一般：包装印刷；板块内封板排序第1，属于日内前排；图形新高或强势池新高；今日涨停家数尚可；今日炸板率不高，封板环境较好；三年股性偏弱：涨停样本4，次日开盘有溢价率25.0%，均值0.5%；历史封板稳定性一般：涨停/炸板样本中未封住比例75.0%；三年股性偏弱，不进入严格可以打板名单,前一交易日本行业涨停样本缺失；技术筛选图形缺失；龙虎榜未上榜或未匹配；仅可作为盘后缺失项；T+1行情缺失或未收盘：2026-09-22,AKShare/Eastmoney pools + local technical screener + local stock_personality_history/history detail + Eastmoney LHB
2026-09-21,2026-09-22,603316,诚邦股份,涨停,2,10.00599193572998,18.36,,415880176.0,8.689749717712402,09:30:17,09:33:08,2,,半导体,1,2,指数上涨,情绪上升,,,0,10,0,0,0,可以打板,,低/可控,待验证/行情缺失,,,,,,,,,,,,False,,,,,,股性中性,4,3,0.75,4,3,0.75,0.0005861347448563592,0.026232419671513102,0.75,3,0,0.0,0.0,0.0005861347448563592,0.026232419671513102,,4,0.5,0.5,0.0005861347448563592,-0.005992127834948735,0.026232419671513102,0.004262370676234223,否,0.7147884964942932,,,,收盘封住涨停；大环境：情绪上升，允许适度提高进攻仓位；指数环境：指数上涨；首次封板在10:30前，只作为前排证据之一；2板承接优于普通首板；炸板次数2次，可接受但需看承接；换手处于可承接区间；题材/行业热度一般：半导体；板块内封板排序第1，属于日内前排；今日涨停家数尚可；今日炸板率不高，封板环境较好；三年股性中性：涨停样本4，次日开盘有溢价率50.0%；历史封板稳定性一般：涨停/炸板样本中未封住比例75.0%,,收盘封住涨停；大环境：情绪上升，允许适度提高进攻仓位；指数环境：指数上涨；首次封板在10:30前，只作为前排证据之一；2板承接优于普通首板；炸板次数2次，可接受但需看承接；换手处于可承接区间；题材/行业热度一般：半导体；板块内封板排序第1，属于日内前排；今日涨停家数尚可；今日炸板率不高，封板环境较好；三年股性中性：涨停样本4，次日开盘有溢价率50.0%；历史封板稳定性一般：涨停/炸板样本中未封住比例75.0%,前一交易日本行业涨停样本缺失；技术筛选图形缺失；龙虎榜未上榜或未匹配；仅可作为盘后缺失项；T+1行情缺失或未收盘：2026-09-22,AKShare/Eastmoney pools + local technical screener + local stock_personality_history/history detail + Eastmoney LHB
2026-09-21,2026-09-22,601811,新华文轩,涨停,2,10.0,15.29,,643302608.0,5.403228282928467,09:30:21,10:10:48,6,,出版,3,3,指数上涨,情绪上升,,,0,9,1,1,1,可以打板,,低/可控,待验证/行情缺失,,,,,,,,,,,,False,,,,,,样本不足,1,1,1.0,1,1,1.0,0.043165467625899234,0.09999999999999987,1.0,1,0,0.0,0.0,0.043165467625899234,0.09999999999999987,,1,1.0,0.0,0.043165467625899234,0.043165467625899234,0.09999999999999987,0.09999999999999987,是,3.582681179046631,,,,收盘封住涨停；大环境：情绪上升，允许适度提高进攻仓位；指数环境：指数上涨；首次封板在10:30前，只作为前排证据之一；2板承接优于普通首板；炸板次数6次，封板分歧大；换手处于可承接区间；题材/行业热度一般：出版；板块内封板排序第3，属于日内前排；图形新高或强势池新高；今日涨停家数尚可；今日炸板率不高，封板环境较好,,收盘封住涨停；大环境：情绪上升，允许适度提高进攻仓位；指数环境：指数上涨；首次封板在10:30前，只作为前排证据之一；2板承接优于普通首板；炸板次数6次，封板分歧大；换手处于可承接区间；题材/行业热度一般：出版；板块内封板排序第3，属于日内前排；图形新高或强势池新高；今日涨停家数尚可；今日炸板率不高，封板环境较好,前一交易日本行业涨停样本缺失；技术筛选图形缺失；同股历史涨停溢价样本不足；龙虎榜未上榜或未匹配；仅可作为盘后缺失项；T+1行情缺失或未收盘：2026-09-22,AKShare/Eastmoney pools + local technical screener + local stock_personality_history/history detail + Eastmoney LHB
2026-09-21,2026-09-22,000756,新华制药,涨停,1,9.970015525817871,14.67,,309278672.0,4.259877681732178,09:30:51,09:30:51,0,,化学制药,1,10,指数上涨,情绪上升,,,0,11,-2,-2,-2,可以打板,,低/可控,待验证/行情缺失,,,,,,,,,,,,False,,,,,,样本不足,,,,,,,,,,,,,,,,,,,,,,,,,,,,,收盘封住涨停；大环境：情绪上升，允许适度提高进攻仓位；指数环境：指数上涨；首次封板在10:30前，只作为前排证据之一；首板/低板位溢价弹性需依赖题材和封板质量；未炸板；换手处于可承接区间；所属行业在今日涨停/炸板热度前排：化学制药；板块内封板排序第1，属于日内前排；今日涨停家数尚可；今日炸板率不高，封板环境较好,,收盘封住涨停；大环境：情绪上升，允许适度提高进攻仓位；指数环境：指数上涨；首次封板在10:30前，只作为前排证据之一；首板/低板位溢价弹性需依赖题材和封板质量；未炸板；换手处于可承接区间；所属行业在今日涨停/炸板热度前排：化学制药；板块内封板排序第1，属于日内前排；今日涨停家数尚可；今日炸板率不高，封板环境较好,前一交易日本行业涨停样本缺失；技术筛选图形缺失；同股历史涨停溢价样本不足；龙虎榜未上榜或未匹配；仅可作为盘后缺失项；T+1行情缺失或未收盘：2026-09-22,AKShare/Eastmoney pools + local technical screener + local stock_personality_history/history detail + Eastmoney LHB
2026-09-21,2026-09-22,600448,华纺股份,涨停,3,9.887005805969238,3.89,,938093856.0,39.33420181274414,09:31:00,14:06:33,3,,纺织制造,1,2,指数上涨,情绪上升,,,0,10,0,0,0,可以打板,,低/可控,待验证/行情缺失,,,,,,,,,,,,False,,,,,,样本不足,2,1,0.5,2,1,0.5,0.08641260483559665,0.09912446924237639,0.5,1,0,0.0,0.0,0.08641260483559665,0.09912446924237639,,2,1.0,0.0,0.08641260483559665,0.08641260483559665,0.09912446924237639,0.09912446924237639,是,7.2568039894104,,,,收盘封住涨停；大环境：情绪上升，允许适度提高进攻仓位；指数环境：指数上涨；首次封板在10:30前，只作为前排证据之一；3板以上有辨识度；炸板次数3次，封板稳定性一般；换手过高，次日抛压风险上升；题材/行业热度一般：纺织制造；板块内封板排序第1，属于日内前排；图形新高或强势池新高；今日涨停家数尚可；今日炸板率不高，封板环境较好,,收盘封住涨停；大环境：情绪上升，允许适度提高进攻仓位；指数环境：指数上涨；首次封板在10:30前，只作为前排证据之一；3板以上有辨识度；炸板次数3次，封板稳定性一般；换手过高，次日抛压风险上升；题材/行业热度一般：纺织制造；板块内封板排序第1，属于日内前排；图形新高或强势池新高；今日涨停家数尚可；今日炸板率不高，封板环境较好,前一交易日本行业涨停样本缺失；技术筛选图形缺失；同股历史涨停溢价样本不足；龙虎榜未上榜或未匹配；仅可作为盘后缺失项；T+1行情缺失或未收盘：2026-09-22,AKShare/Eastmoney pools + local technical screener + local stock_personality_history/history detail + Eastmoney LHB
2026-09-21,2026-09-22,600664,哈药股份,涨停,1,10.0,8.25,,1573224096.0,7.700949192047119,09:31:05,09:32:20,1,,化学制药,2,10,指数上涨,情绪上升,,,0,10,-1,-1,-1,可以打板,,低/可控,待验证/行情缺失,,,,,,,,,,,,False,,,,,,股性偏强,3,2,0.6666666666666666,3,2,0.6666666666666666,0.043776699431794595,0.09419444879504042,0.6666666666666666,2,0,0.0,0.0,0.043776699431794595,0.09419444879504042,,3,0.6666666666666666,0.3333333333333333,0.043776699431794595,0.03191489361702127,0.09419444879504042,0.08814849958101378,,,,,,收盘封住涨停；大环境：情绪上升，允许适度提高进攻仓位；指数环境：指数上涨；首次封板在10:30前，只作为前排证据之一；首板/低板位溢价弹性需依赖题材和封板质量；炸板次数1次，可接受但需看承接；换手处于可承接区间；所属行业在今日涨停/炸板热度前排：化学制药；板块内封板排序第2，属于日内前排；今日涨停家数尚可；今日炸板率不高，封板环境较好；三年股性偏强：涨停样本3，次日开盘有溢价率66.7%，均值4.4%；历史封板稳定性一般：涨停/炸板样本中未封住比例66.7%,,收盘封住涨停；大环境：情绪上升，允许适度提高进攻仓位；指数环境：指数上涨；首次封板在10:30前，只作为前排证据之一；首板/低板位溢价弹性需依赖题材和封板质量；炸板次数1次，可接受但需看承接；换手处于可承接区间；所属行业在今日涨停/炸板热度前排：化学制药；板块内封板排序第2，属于日内前排；今日涨停家数尚可；今日炸板率不高，封板环境较好；三年股性偏强：涨停样本3，次日开盘有溢价率66.7%，均值4.4%；历史封板稳定性一般：涨停/炸板样本中未封住比例66.7%,前一交易日本行业涨停样本缺失；技术筛选图形缺失；龙虎榜未上榜或未匹配；仅可作为盘后缺失项；T+1行情缺失或未收盘：2026-09-22,AKShare/Eastmoney pools + local technical screener + local stock_personality_history/history detail + Eastmoney LHB
2026-09-21,2026-09-22,603580,艾艾精工,涨停,1,9.995387077331543,71.53,,524072896.0,5.668410301208496,09:31:25,09:42:31,1,,塑料,1,2,指数上涨,情绪上升,,,0,8,1,1,1,可以打板,,低/可控,待验证/行情缺失,,,,,,,,,,,,False,,,,,,股性中性,7,4,0.5714285714285714,7,4,0.5714285714285714,-0.00031634281927487136,0.07026495534103895,0.5714285714285714,4,1,0.25,0.25,-0.00031634281927487136,0.07026495534103895,,7,0.5714285714285714,0.42857142857142855,-0.00031634281927487136,0.00018590816136820898,0.07026495534103895,0.010865697343828362,,,,,,收盘封住涨停；大环境：情绪上升，允许适度提高进攻仓位；指数环境：指数上涨；首次封板在10:30前，只作为前排证据之一；首板/低板位溢价弹性需依赖题材和封板质量；炸板次数1次，可接受但需看承接；换手处于可承接区间；题材/行业热度一般：塑料；板块内封板排序第1，属于日内前排；今日涨停家数尚可；今日炸板率不高，封板环境较好；三年股性中性：涨停样本7，次日开盘有溢价率57.1%；历史封板稳定性一般：涨停/炸板样本中未封住比例57.1%,,收盘封住涨停；大环境：情绪上升，允许适度提高进攻仓位；指数环境：指数上涨；首次封板在10:30前，只作为前排证据之一；首板/低板位溢价弹性需依赖题材和封板质量；炸板次数1次，可接受但需看承接；换手处于可承接区间；题材/行业热度一般：塑料；板块内封板排序第1，属于日内前排；今日涨停家数尚可；今日炸板率不高，封板环境较好；三年股性中性：涨停样本7，次日开盘有溢价率57.1%；历史封板稳定性一般：涨停/炸板样本中未封住比例57.1%,前一交易日本行业涨停样本缺失；技术筛选图形缺失；龙虎榜未上榜或未匹配；仅可作为盘后缺失项；T+1行情缺失或未收盘：2026-09-22,AKShare/Eastmoney pools + local technical screener + local stock_personality_history/history detail + Eastmoney LHB
2026-09-21,2026-09-22,002860,星帅尔,涨停,1,9.988038063049316,18.39,,451465536.0,7.130138874053955,09:31:54,09:48:24,6,,家电零部,1,2,指数上涨,情绪上升,,,0,6,2,2,2,谨慎可打,,中：需看集合竞价承接,待验证/行情缺失,,,,,,,,,,,,False,,,,,,样本不足,1,1,1.0,1,1,1.0,0.017919075144508634,0.040462427745664664,1.0,1,0,0.0,0.0,0.017919075144508634,0.040462427745664664,,1,1.0,0.0,0.017919075144508634,0.017919075144508634,0.040462427745664664,0.019075144508670316,,,,,,收盘封住涨停；大环境：情绪上升，允许适度提高进攻仓位；指数环境：指数上涨；首次封板在10:30前，只作为前排证据之一；首板/低板位溢价弹性需依赖题材和封板质量；炸板次数6次，封板分歧大；换手处于可承接区间；题材/行业热度一般：家电零部；板块内封板排序第1，属于日内前排；今日涨停家数尚可；今日炸板率不高，封板环境较好,,收盘封住涨停；大环境：情绪上升，允许适度提高进攻仓位；指数环境：指数上涨；首次封板在10:30前，只作为前排证据之一；首板/低板位溢价弹性需依赖题材和封板质量；炸板次数6次，封板分歧大；换手处于可承接区间；题材/行业热度一般：家电零部；板块内封板排序第1，属于日内前排；今日涨停家数尚可；今日炸板率不高，封板环境较好,前一交易日本行业涨停样本缺失；技术筛选图形缺失；同股历史涨停溢价样本不足；龙虎榜未上榜或未匹配；仅可作为盘后缺失项；T+1行情缺失或未收盘：2026-09-22,AKShare/Eastmoney pools + local technical screener + local stock_personality_history/history detail + Eastmoney LHB
2026-09-21,2026-09-22,001376,百通能源,涨停,2,10.031596183776855,13.93,,227033640.0,7.714442729949951,09:32:12,09:32:12,0,,电力,1,1,指数上涨,情绪上升,,,0,13,-2,-2,-2,可以打板,,低/可控,待验证/行情缺失,,,,,,,,,,,,False,,,,,,股性中性,4,1,0.25,4,1,0.25,0.02219093524998883,0.04038043326703941,0.25,1,0,0.0,0.0,0.02219093524998883,0.04038043326703941,,4,0.5,0.5,0.02219093524998883,0.0057345868191748806,0.04038043326703941,0.022918201803958343,是,1.2624791860580444,,,,收盘封住涨停；大环境：情绪上升，允许适度提高进攻仓位；指数环境：指数上涨；首次封板在10:30前，只作为前排证据之一；2板承接优于普通首板；未炸板；换手处于可承接区间；题材/行业热度一般：电力；板块内封板排序第1，属于日内前排；图形新高或强势池新高；今日涨停家数尚可；今日炸板率不高，封板环境较好；三年股性中性：涨停样本4，次日开盘有溢价率50.0%,,收盘封住涨停；大环境：情绪上升，允许适度提高进攻仓位；指数环境：指数上涨；首次封板在10:30前，只作为前排证据之一；2板承接优于普通首板；未炸板；换手处于可承接区间；题材/行业热度一般：电力；板块内封板排序第1，属于日内前排；图形新高或强势池新高；今日涨停家数尚可；今日炸板率不高，封板环境较好；三年股性中性：涨停样本4，次日开盘有溢价率50.0%,前一交易日本行业涨停样本缺失；技术筛选图形缺失；龙虎榜未上榜或未匹配；仅可作为盘后缺失项；T+1行情缺失或未收盘：2026-09-22,AKShare/Eastmoney pools + local technical screener + local stock_personality_history/history detail + Eastmoney LHB
2026-09-21,2026-09-22,688315,诺禾致源,涨停,1,20.0,18.18,,320788160.0,4.300349235534668,09:32:27,09:38:24,1,,医疗服务,3,5,指数上涨,情绪上升,,,0,10,-1,-1,-1,可以打板,,低/可控,待验证/行情缺失,,,,,,,,,,,,False,,,,,,样本不足,,,,,,,,,,,,,,,,,,,,,,,,是,2.305314779281616,,,,收盘封住涨停；大环境：情绪上升，允许适度提高进攻仓位；指数环境：指数上涨；首次封板在10:30前，只作为前排证据之一；首板/低板位溢价弹性需依赖题材和封板质量；炸板次数1次，可接受但需看承接；换手处于可承接区间；所属行业在今日涨停/炸板热度前排：医疗服务；板块内封板排序第3，属于日内前排；图形新高或强势池新高；今日涨停家数尚可；今日炸板率不高，封板环境较好,,收盘封住涨停；大环境：情绪上升，允许适度提高进攻仓位；指数环境：指数上涨；首次封板在10:30前，只作为前排证据之一；首板/低板位溢价弹性需依赖题材和封板质量；炸板次数1次，可接受但需看承接；换手处于可承接区间；所属行业在今日涨停/炸板热度前排：医疗服务；板块内封板排序第3，属于日内前排；图形新高或强势池新高；今日涨停家数尚可；今日炸板率不高，封板环境较好,前一交易日本行业涨停样本缺失；技术筛选图形缺失；同股历史涨停溢价样本不足；龙虎榜未上榜或未匹配；仅可作为盘后缺失项；T+1行情缺失或未收盘：2026-09-22,AKShare/Eastmoney pools + local technical screener + local stock_personality_history/history detail + Eastmoney LHB
2026-09-21,2026-09-22,002178,延华智能,涨停,1,9.956709861755371,5.08,,237639734.0,6.604944705963135,09:33:48,09:33:48,0,,软件开发,1,1,指数上涨,情绪上升,,,0,10,-1,-1,-1,可以打板,,低/可控,待验证/行情缺失,,,,,,,,,,,,False,,,,,,样本不足,2,0,0.0,2,0,0.0,-0.028487229862475427,-0.01571709233791746,0.0,0,0,,,-0.028487229862475427,-0.01571709233791746,,2,0.0,1.0,-0.028487229862475427,-0.028487229862475427,-0.01571709233791746,-0.06679764243614927,,,,,,收盘封住涨停；大环境：情绪上升，允许适度提高进攻仓位；指数环境：指数上涨；首次封板在10:30前，只作为前排证据之一；首板/低板位溢价弹性需依赖题材和封板质量；未炸板；换手处于可承接区间；题材/行业热度一般：软件开发；板块内封板排序第1，属于日内前排；今日涨停家数尚可；今日炸板率不高，封板环境较好,,收盘封住涨停；大环境：情绪上升，允许适度提高进攻仓位；指数环境：指数上涨；首次封板在10:30前，只作为前排证据之一；首板/低板位溢价弹性需依赖题材和封板质量；未炸板；换手处于可承接区间；题材/行业热度一般：软件开发；板块内封板排序第1，属于日内前排；今日涨停家数尚可；今日炸板率不高，封板环境较好,前一交易日本行业涨停样本缺失；技术筛选图形缺失；同股历史涨停溢价样本不足；龙虎榜未上榜或未匹配；仅可作为盘后缺失项；T+1行情缺失或未收盘：2026-09-22,AKShare/Eastmoney pools + local technical screener + local stock_personality_history/history detail + Eastmoney LHB
2026-09-21,2026-09-22,603068,博通集成,涨停,2,9.997488021850586,43.79,,901143552.0,13.706850051879883,09:34:21,13:08:06,10,,半导体,2,2,指数上涨,情绪上升,,,0,8,5,5,5,不能打板,,高：次日无溢价风险高,待验证/行情缺失,,,,,,,,,,,,False,,,,,,A杀血统高,4,3,0.75,4,3,0.75,0.008303483030710768,0.03729355278184099,0.75,3,1,0.3333333333333333,0.3333333333333333,0.008303483030710768,0.03729355278184099,禁止打板,4,0.5,0.5,0.008303483030710768,0.012308465209746267,0.03729355278184099,-0.00017991321756025136,否,2.858907699584961,,,,收盘封住涨停；大环境：情绪上升，允许适度提高进攻仓位；指数环境：指数上涨；首次封板在10:30前，只作为前排证据之一；2板承接优于普通首板；炸板次数10次，封板分歧大；换手处于可承接区间；题材/行业热度一般：半导体；板块内封板排序第2，属于日内前排；今日涨停家数尚可；今日炸板率不高，封板环境较好；三年股性中性：涨停样本4，次日开盘有溢价率50.0%；历史封板稳定性一般：涨停/炸板样本中未封住比例75.0%；A杀血统指数偏高：历史炸板样本3，炸板后A杀率33.3%；历史炸板A杀率>30%，按股性记忆强制禁止打板,,收盘封住涨停；大环境：情绪上升，允许适度提高进攻仓位；指数环境：指数上涨；首次封板在10:30前，只作为前排证据之一；2板承接优于普通首板；炸板次数10次，封板分歧大；换手处于可承接区间；题材/行业热度一般：半导体；板块内封板排序第2，属于日内前排；今日涨停家数尚可；今日炸板率不高，封板环境较好；三年股性中性：涨停样本4，次日开盘有溢价率50.0%；历史封板稳定性一般：涨停/炸板样本中未封住比例75.0%；A杀血统指数偏高：历史炸板样本3，炸板后A杀率33.3%；历史炸板A杀率>30%，按股性记忆强制禁止打板,前一交易日本行业涨停样本缺失；技术筛选图形缺失；龙虎榜未上榜或未匹配；仅可作为盘后缺失项；T+1行情缺失或未收盘：2026-09-22,AKShare/Eastmoney pools + local technical screener + local stock_personality_history/history detail + Eastmoney LHB
2026-09-21,2026-09-22,002367,康力电梯,涨停,1,9.982486724853516,6.28,,173780026.0,3.552574396133423,09:34:36,09:35:33,1,,专用设备,1,3,指数上涨,情绪上升,,,0,8,0,0,0,可以打板,,低/可控,待验证/行情缺失,,,,,,,,,,,,False,,,,,,样本不足,,,,,,,,,,,,,,,,,,,,,,,,,,,,,收盘封住涨停；大环境：情绪上升，允许适度提高进攻仓位；指数环境：指数上涨；首次封板在10:30前，只作为前排证据之一；首板/低板位溢价弹性需依赖题材和封板质量；炸板次数1次，可接受但需看承接；换手处于可承接区间；题材/行业热度一般：专用设备；板块内封板排序第1，属于日内前排；今日涨停家数尚可；今日炸板率不高，封板环境较好,,收盘封住涨停；大环境：情绪上升，允许适度提高进攻仓位；指数环境：指数上涨；首次封板在10:30前，只作为前排证据之一；首板/低板位溢价弹性需依赖题材和封板质量；炸板次数1次，可接受但需看承接；换手处于可承接区间；题材/行业热度一般：专用设备；板块内封板排序第1，属于日内前排；今日涨停家数尚可；今日炸板率不高，封板环境较好,前一交易日本行业涨停样本缺失；技术筛选图形缺失；同股历史涨停溢价样本不足；龙虎榜未上榜或未匹配；仅可作为盘后缺失项；T+1行情缺失或未收盘：2026-09-22,AKShare/Eastmoney pools + local technical screener + local stock_personality_history/history detail + Eastmoney LHB
2026-09-21,2026-09-22,001389,广合科技,涨停,1,9.998225212097168,185.93,,2569046592.0,9.167903900146484,09:34:39,13:48:39,1,,元件,1,4,指数上涨,情绪上升,,,0,9,0,0,0,可以打板,,低/可控,待验证/行情缺失,,,,,,,,,,,,False,,,,,,样本不足,1,0,0.0,1,0,0.0,0.0007147962830593713,0.02751965689778424,0.0,0,0,,,0.0007147962830593713,0.02751965689778424,,1,1.0,0.0,0.0007147962830593713,0.0007147962830593713,0.02751965689778424,0.0078031927567310255,,,,,,收盘封住涨停；大环境：情绪上升，允许适度提高进攻仓位；指数环境：指数上涨；首次封板在10:30前，只作为前排证据之一；首板/低板位溢价弹性需依赖题材和封板质量；炸板次数1次，可接受但需看承接；换手处于可承接区间；成交额较大，具备市场辨识度；题材/行业热度一般：元件；板块内封板排序第1，属于日内前排；今日涨停家数尚可；今日炸板率不高，封板环境较好,,收盘封住涨停；大环境：情绪上升，允许适度提高进攻仓位；指数环境：指数上涨；首次封板在10:30前，只作为前排证据之一；首板/低板位溢价弹性需依赖题材和封板质量；炸板次数1次，可接受但需看承接；换手处于可承接区间；成交额较大，具备市场辨识度；题材/行业热度一般：元件；板块内封板排序第1，属于日内前排；今日涨停家数尚可；今日炸板率不高，封板环境较好,前一交易日本行业涨停样本缺失；技术筛选图形缺失；同股历史涨停溢价样本不足；龙虎榜未上榜或未匹配；仅可作为盘后缺失项；T+1行情缺失或未收盘：2026-09-22,AKShare/Eastmoney pools + local technical screener + local stock_personality_history/history detail + Eastmoney LHB
2026-09-21,2026-09-22,603636,南威软件,涨停,1,9.969788551330566,7.28,,399876784.0,9.618610382080078,09:34:54,14:17:39,3,,IT服务Ⅱ,1,1,指数上涨,情绪上升,,,0,7,1,1,1,谨慎可打,,低/可控,待验证/行情缺失,,,,,,,,,,,,False,,,,,,样本不足,,,,,,,,,,,,,,,,,,,,,,,,,,,,,收盘封住涨停；大环境：情绪上升，允许适度提高进攻仓位；指数环境：指数上涨；首次封板在10:30前，只作为前排证据之一；首板/低板位溢价弹性需依赖题材和封板质量；炸板次数3次，封板稳定性一般；换手处于可承接区间；题材/行业热度一般：IT服务Ⅱ；板块内封板排序第1，属于日内前排；今日涨停家数尚可；今日炸板率不高，封板环境较好,,收盘封住涨停；大环境：情绪上升，允许适度提高进攻仓位；指数环境：指数上涨；首次封板在10:30前，只作为前排证据之一；首板/低板位溢价弹性需依赖题材和封板质量；炸板次数3次，封板稳定性一般；换手处于可承接区间；题材/行业热度一般：IT服务Ⅱ；板块内封板排序第1，属于日内前排；今日涨停家数尚可；今日炸板率不高，封板环境较好,前一交易日本行业涨停样本缺失；技术筛选图形缺失；同股历史涨停溢价样本不足；龙虎榜未上榜或未匹配；仅可作为盘后缺失项；T+1行情缺失或未收盘：2026-09-22,AKShare/Eastmoney pools + local technical screener + local stock_personality_history/history detail + Eastmoney LHB
2026-09-21,2026-09-22,002589,瑞康医药,涨停,2,10.091742515563965,3.6,,684959264.0,14.229517936706543,09:35:18,09:45:27,2,,医药商业,1,1,指数上涨,情绪上升,,,0,10,0,0,0,可以打板,,低/可控,待验证/行情缺失,,,,,,,,,,,,False,,,,,,股性中性,6,3,0.5,6,3,0.5,0.005545318796801276,0.058553309198571345,0.5,3,0,0.0,0.0,0.005545318796801276,0.058553309198571345,,6,0.5,0.5,0.005545318796801276,0.005613682092555361,0.058553309198571345,0.02673164066441225,否,2.927943706512451,,,,收盘封住涨停；大环境：情绪上升，允许适度提高进攻仓位；指数环境：指数上涨；首次封板在10:30前，只作为前排证据之一；2板承接优于普通首板；炸板次数2次，可接受但需看承接；换手处于可承接区间；题材/行业热度一般：医药商业；板块内封板排序第1，属于日内前排；今日涨停家数尚可；今日炸板率不高，封板环境较好；三年股性中性：涨停样本6，次日开盘有溢价率50.0%；历史封板稳定性一般：涨停/炸板样本中未封住比例50.0%,,收盘封住涨停；大环境：情绪上升，允许适度提高进攻仓位；指数环境：指数上涨；首次封板在10:30前，只作为前排证据之一；2板承接优于普通首板；炸板次数2次，可接受但需看承接；换手处于可承接区间；题材/行业热度一般：医药商业；板块内封板排序第1，属于日内前排；今日涨停家数尚可；今日炸板率不高，封板环境较好；三年股性中性：涨停样本6，次日开盘有溢价率50.0%；历史封板稳定性一般：涨停/炸板样本中未封住比例50.0%,前一交易日本行业涨停样本缺失；技术筛选图形缺失；龙虎榜未上榜或未匹配；仅可作为盘后缺失项；T+1行情缺失或未收盘：2026-09-22,AKShare/Eastmoney pools + local technical screener + local stock_personality_history/history detail + Eastmoney LHB
2026-09-21,2026-09-22,603663,三祥新材,涨停,1,10.00220775604248,49.82,,1157005264.0,3.967477321624756,09:35:22,13:28:04,2,,化学原料,1,2,指数上涨,情绪上升,,,0,8,0,0,0,可以打板,,低/可控,待验证/行情缺失,,,,,,,,,,,,False,,,,,,样本不足,2,1,0.5,2,1,0.5,-0.002012242370568962,0.05589130799626563,0.5,1,0,0.0,0.0,-0.002012242370568962,0.05589130799626563,,2,0.5,0.5,-0.002012242370568962,-0.002012242370568962,0.05589130799626563,0.04241518882466355,,,,,,收盘封住涨停；大环境：情绪上升，允许适度提高进攻仓位；指数环境：指数上涨；首次封板在10:30前，只作为前排证据之一；首板/低板位溢价弹性需依赖题材和封板质量；炸板次数2次，可接受但需看承接；换手处于可承接区间；题材/行业热度一般：化学原料；板块内封板排序第1，属于日内前排；今日涨停家数尚可；今日炸板率不高，封板环境较好,,收盘封住涨停；大环境：情绪上升，允许适度提高进攻仓位；指数环境：指数上涨；首次封板在10:30前，只作为前排证据之一；首板/低板位溢价弹性需依赖题材和封板质量；炸板次数2次，可接受但需看承接；换手处于可承接区间；题材/行业热度一般：化学原料；板块内封板排序第1，属于日内前排；今日涨停家数尚可；今日炸板率不高，封板环境较好,前一交易日本行业涨停样本缺失；技术筛选图形缺失；同股历史涨停溢价样本不足；龙虎榜未上榜或未匹配；仅可作为盘后缺失项；T+1行情缺失或未收盘：2026-09-22,AKShare/Eastmoney pools + local technical screener + local stock_personality_history/history detail + Eastmoney LHB
2026-09-21,2026-09-22,601086,国芳集团,涨停,2,10.024907112121582,17.67,,1094392256.0,9.47368335723877,09:36:54,09:47:27,3,,一般零售,1,4,指数上涨,情绪上升,,,0,10,0,0,0,可以打板,,低/可控,待验证/行情缺失,,,,,,,,,,,,False,,,,,,股性偏强,9,5,0.5555555555555556,9,5,0.5555555555555556,0.04156647143872475,0.08393879494629135,0.5555555555555556,5,0,0.0,0.0,0.04156647143872475,0.08393879494629135,,9,0.6666666666666666,0.3333333333333333,0.04156647143872475,0.03175591531755928,0.08393879494629135,0.06071032485118918,否,0.7235249280929565,,,,收盘封住涨停；大环境：情绪上升，允许适度提高进攻仓位；指数环境：指数上涨；首次封板在10:30前，只作为前排证据之一；2板承接优于普通首板；炸板次数3次，封板稳定性一般；换手处于可承接区间；题材/行业热度一般：一般零售；板块内封板排序第1，属于日内前排；今日涨停家数尚可；今日炸板率不高，封板环境较好；三年股性偏强：涨停样本9，次日开盘有溢价率66.7%，均值4.2%；历史封板稳定性一般：涨停/炸板样本中未封住比例55.6%,,收盘封住涨停；大环境：情绪上升，允许适度提高进攻仓位；指数环境：指数上涨；首次封板在10:30前，只作为前排证据之一；2板承接优于普通首板；炸板次数3次，封板稳定性一般；换手处于可承接区间；题材/行业热度一般：一般零售；板块内封板排序第1，属于日内前排；今日涨停家数尚可；今日炸板率不高，封板环境较好；三年股性偏强：涨停样本9，次日开盘有溢价率66.7%，均值4.2%；历史封板稳定性一般：涨停/炸板样本中未封住比例55.6%,前一交易日本行业涨停样本缺失；技术筛选图形缺失；龙虎榜未上榜或未匹配；仅可作为盘后缺失项；T+1行情缺失或未收盘：2026-09-22,AKShare/Eastmoney pools + local technical screener + local stock_personality_history/history detail + Eastmoney LHB
2026-09-21,2026-09-22,603001,奥康国际,涨停,2,9.971237182617188,11.47,,322960944.0,7.12280797958374,09:36:56,15:00:00,6,,服装家纺,2,4,指数上涨,情绪上升,,,0,9,1,1,1,可以打板,,低/可控,待验证/行情缺失,,,,,,,,,,,,False,,,,,,股性偏强,3,2,0.6666666666666666,3,2,0.6666666666666666,0.021218535802289606,0.057051188301159815,0.6666666666666666,2,0,0.0,0.0,0.021218535802289606,0.057051188301159815,,3,1.0,0.0,0.021218535802289606,0.02062975027144409,0.057051188301159815,0.023726392079613284,否,2.353405237197876,,,,收盘封住涨停；大环境：情绪上升，允许适度提高进攻仓位；指数环境：指数上涨；首次封板在10:30前，只作为前排证据之一；2板承接优于普通首板；炸板次数6次，封板分歧大；换手处于可承接区间；题材/行业热度一般：服装家纺；板块内封板排序第2，属于日内前排；今日涨停家数尚可；今日炸板率不高，封板环境较好；三年股性偏强：涨停样本3，次日开盘有溢价率100.0%，均值2.1%；历史封板稳定性一般：涨停/炸板样本中未封住比例66.7%,,收盘封住涨停；大环境：情绪上升，允许适度提高进攻仓位；指数环境：指数上涨；首次封板在10:30前，只作为前排证据之一；2板承接优于普通首板；炸板次数6次，封板分歧大；换手处于可承接区间；题材/行业热度一般：服装家纺；板块内封板排序第2，属于日内前排；今日涨停家数尚可；今日炸板率不高，封板环境较好；三年股性偏强：涨停样本3，次日开盘有溢价率100.0%，均值2.1%；历史封板稳定性一般：涨停/炸板样本中未封住比例66.7%,前一交易日本行业涨停样本缺失；技术筛选图形缺失；龙虎榜未上榜或未匹配；仅可作为盘后缺失项；T+1行情缺失或未收盘：2026-09-22,AKShare/Eastmoney pools + local technical screener + local stock_personality_history/history detail + Eastmoney LHB
2026-09-21,2026-09-22,600218,全柴动力,涨停,1,9.973404884338379,8.27,,310227856.0,8.716850280761719,09:37:02,13:38:05,4,,汽车零部,1,6,指数上涨,情绪上升,,,0,9,0,0,0,可以打板,,低/可控,待验证/行情缺失,,,,,,,,,,,,False,,,,,,样本不足,,,,,,,,,,,,,,,,,,,,,,,,是,10.752421379089355,,,,收盘封住涨停；大环境：情绪上升，允许适度提高进攻仓位；指数环境：指数上涨；首次封板在10:30前，只作为前排证据之一；首板/低板位溢价弹性需依赖题材和封板质量；炸板次数4次，封板稳定性一般；换手处于可承接区间；所属行业在今日涨停/炸板热度前排：汽车零部；板块内封板排序第1，属于日内前排；图形新高或强势池新高；今日涨停家数尚可；今日炸板率不高，封板环境较好,,收盘封住涨停；大环境：情绪上升，允许适度提高进攻仓位；指数环境：指数上涨；首次封板在10:30前，只作为前排证据之一；首板/低板位溢价弹性需依赖题材和封板质量；炸板次数4次，封板稳定性一般；换手处于可承接区间；所属行业在今日涨停/炸板热度前排：汽车零部；板块内封板排序第1，属于日内前排；图形新高或强势池新高；今日涨停家数尚可；今日炸板率不高，封板环境较好,前一交易日本行业涨停样本缺失；技术筛选图形缺失；同股历史涨停溢价样本不足；龙虎榜未上榜或未匹配；仅可作为盘后缺失项；T+1行情缺失或未收盘：2026-09-22,AKShare/Eastmoney pools + local technical screener + local stock_personality_history/history detail + Eastmoney LHB
2026-09-21,2026-09-22,688112,鼎阳科技,涨停,1,20.002614974975586,91.79,,942813904.0,6.571447372436523,09:38:13,14:54:07,15,,通用设备,1,3,指数上涨,情绪上升,,,0,7,2,2,2,谨慎可打,,中：需看集合竞价承接,待验证/行情缺失,,,,,,,,,,,,False,,,,,,样本不足,,,,,,,,,,,,,,,,,,,,,,,,是,2.880014181137085,,,,收盘封住涨停；大环境：情绪上升，允许适度提高进攻仓位；指数环境：指数上涨；首次封板在10:30前，只作为前排证据之一；首板/低板位溢价弹性需依赖题材和封板质量；炸板次数15次，封板分歧大；换手处于可承接区间；题材/行业热度一般：通用设备；板块内封板排序第1，属于日内前排；图形新高或强势池新高；今日涨停家数尚可；今日炸板率不高，封板环境较好,,收盘封住涨停；大环境：情绪上升，允许适度提高进攻仓位；指数环境：指数上涨；首次封板在10:30前，只作为前排证据之一；首板/低板位溢价弹性需依赖题材和封板质量；炸板次数15次，封板分歧大；换手处于可承接区间；题材/行业热度一般：通用设备；板块内封板排序第1，属于日内前排；图形新高或强势池新高；今日涨停家数尚可；今日炸板率不高，封板环境较好,前一交易日本行业涨停样本缺失；技术筛选图形缺失；同股历史涨停溢价样本不足；龙虎榜未上榜或未匹配；仅可作为盘后缺失项；T+1行情缺失或未收盘：2026-09-22,AKShare/Eastmoney pools + local technical screener + local stock_personality_history/history detail + Eastmoney LHB
2026-09-21,2026-09-22,002585,双星新材,涨停,1,10.043290138244629,12.71,,1570497648.0,14.332657814025879,09:39:48,09:39:48,0,,塑料,2,2,指数上涨,情绪上升,,,0,11,-1,-1,-1,可以打板,,低/可控,待验证/行情缺失,,,,,,,,,,,,False,,,,,,股性偏强,5,4,0.8,5,4,0.8,0.06381030160057272,0.09693259120861775,0.8,4,0,0.0,0.0,0.06381030160057272,0.09693259120861775,,4,1.0,0.0,0.06381030160057272,0.06096629865469483,0.09693259120861775,0.07667699096625524,否,0.695667028427124,,,,收盘封住涨停；大环境：情绪上升，允许适度提高进攻仓位；指数环境：指数上涨；首次封板在10:30前，只作为前排证据之一；首板/低板位溢价弹性需依赖题材和封板质量；未炸板；换手处于可承接区间；题材/行业热度一般：塑料；板块内封板排序第2，属于日内前排；今日涨停家数尚可；今日炸板率不高，封板环境较好；三年股性偏强：涨停样本5，次日开盘有溢价率100.0%，均值6.4%；历史封板稳定性一般：涨停/炸板样本中未封住比例80.0%,,收盘封住涨停；大环境：情绪上升，允许适度提高进攻仓位；指数环境：指数上涨；首次封板在10:30前，只作为前排证据之一；首板/低板位溢价弹性需依赖题材和封板质量；未炸板；换手处于可承接区间；题材/行业热度一般：塑料；板块内封板排序第2，属于日内前排；今日涨停家数尚可；今日炸板率不高，封板环境较好；三年股性偏强：涨停样本5，次日开盘有溢价率100.0%，均值6.4%；历史封板稳定性一般：涨停/炸板样本中未封住比例80.0%,前一交易日本行业涨停样本缺失；技术筛选图形缺失；龙虎榜未上榜或未匹配；仅可作为盘后缺失项；T+1行情缺失或未收盘：2026-09-22,AKShare/Eastmoney pools + local technical screener + local stock_personality_history/history detail + Eastmoney LHB
2026-09-21,2026-09-22,600613,神奇制药,涨停,1,9.98810863494873,9.25,,809651088.0,18.593297958374023,09:40:25,09:45:25,2,,化学制药,3,10,指数上涨,情绪上升,,,0,8,2,2,2,谨慎可打,,中：需看集合竞价承接,待验证/行情缺失,,,,,,,,,,,,False,,,,,,股性偏弱,3,3,1.0,3,3,1.0,-0.001763943497327632,0.05234435624574137,1.0,3,0,0.0,0.0,-0.001763943497327632,0.05234435624574137,,3,0.3333333333333333,0.6666666666666666,-0.001763943497327632,-0.03535353535353536,0.05234435624574137,0.030065347971053907,,,,,,收盘封住涨停；大环境：情绪上升，允许适度提高进攻仓位；指数环境：指数上涨；首次封板在10:30前，只作为前排证据之一；首板/低板位溢价弹性需依赖题材和封板质量；炸板次数2次，可接受但需看承接；所属行业在今日涨停/炸板热度前排：化学制药；板块内封板排序第3，属于日内前排；今日涨停家数尚可；今日炸板率不高，封板环境较好；三年股性偏弱：涨停样本3，次日开盘有溢价率33.3%，均值-0.2%；历史封板稳定性一般：涨停/炸板样本中未封住比例100.0%；三年股性偏弱，不进入严格可以打板名单,,收盘封住涨停；大环境：情绪上升，允许适度提高进攻仓位；指数环境：指数上涨；首次封板在10:30前，只作为前排证据之一；首板/低板位溢价弹性需依赖题材和封板质量；炸板次数2次，可接受但需看承接；所属行业在今日涨停/炸板热度前排：化学制药；板块内封板排序第3，属于日内前排；今日涨停家数尚可；今日炸板率不高，封板环境较好；三年股性偏弱：涨停样本3，次日开盘有溢价率33.3%，均值-0.2%；历史封板稳定性一般：涨停/炸板样本中未封住比例100.0%；三年股性偏弱，不进入严格可以打板名单,前一交易日本行业涨停样本缺失；技术筛选图形缺失；龙虎榜未上榜或未匹配；仅可作为盘后缺失项；T+1行情缺失或未收盘：2026-09-22,AKShare/Eastmoney pools + local technical screener + local stock_personality_history/history detail + Eastmoney LHB
2026-09-21,2026-09-22,600281,华阳新材,涨停,1,9.933774948120117,4.98,,72599427.0,2.9042956829071045,09:41:39,09:41:39,0,,小金属,2,2,指数上涨,情绪上升,,,0,8,0,0,0,可以打板,,低/可控,待验证/行情缺失,,,,,,,,,,,,False,,,,,,样本不足,1,1,1.0,1,1,1.0,-0.035643564356435564,-0.003960396039603853,1.0,1,0,0.0,0.0,-0.035643564356435564,-0.003960396039603853,,1,0.0,1.0,-0.035643564356435564,-0.035643564356435564,-0.003960396039603853,-0.02970297029702962,,,,,,收盘封住涨停；大环境：情绪上升，允许适度提高进攻仓位；指数环境：指数上涨；首次封板在10:30前，只作为前排证据之一；首板/低板位溢价弹性需依赖题材和封板质量；未炸板；成交额过低，容量和滑点风险高；题材/行业热度一般：小金属；板块内封板排序第2，属于日内前排；今日涨停家数尚可；今日炸板率不高，封板环境较好,,收盘封住涨停；大环境：情绪上升，允许适度提高进攻仓位；指数环境：指数上涨；首次封板在10:30前，只作为前排证据之一；首板/低板位溢价弹性需依赖题材和封板质量；未炸板；成交额过低，容量和滑点风险高；题材/行业热度一般：小金属；板块内封板排序第2，属于日内前排；今日涨停家数尚可；今日炸板率不高，封板环境较好,前一交易日本行业涨停样本缺失；技术筛选图形缺失；同股历史涨停溢价样本不足；龙虎榜未上榜或未匹配；仅可作为盘后缺失项；T+1行情缺失或未收盘：2026-09-22,AKShare/Eastmoney pools + local technical screener + local stock_personality_history/history detail + Eastmoney LHB
2026-09-21,2026-09-22,603319,美湖股份,涨停,1,10.017093658447266,32.18,,968570048.0,8.943132400512695,09:42:46,13:04:43,5,,汽车零部,3,6,指数上涨,情绪上升,,,0,8,0,0,0,可以打板,,低/可控,待验证/行情缺失,,,,,,,,,,,,False,,,,,,样本不足,1,0,0.0,1,0,0.0,-0.015280135823429464,-0.012903225806451535,0.0,0,0,,,-0.015280135823429464,-0.012903225806451535,,1,0.0,1.0,-0.015280135823429464,-0.015280135823429464,-0.012903225806451535,-0.0998302207130729,,,,,,收盘封住涨停；大环境：情绪上升，允许适度提高进攻仓位；指数环境：指数上涨；首次封板在10:30前，只作为前排证据之一；首板/低板位溢价弹性需依赖题材和封板质量；炸板次数5次，封板稳定性一般；换手处于可承接区间；所属行业在今日涨停/炸板热度前排：汽车零部；板块内封板排序第3，属于日内前排；今日涨停家数尚可；今日炸板率不高，封板环境较好,,收盘封住涨停；大环境：情绪上升，允许适度提高进攻仓位；指数环境：指数上涨；首次封板在10:30前，只作为前排证据之一；首板/低板位溢价弹性需依赖题材和封板质量；炸板次数5次，封板稳定性一般；换手处于可承接区间；所属行业在今日涨停/炸板热度前排：汽车零部；板块内封板排序第3，属于日内前排；今日涨停家数尚可；今日炸板率不高，封板环境较好,前一交易日本行业涨停样本缺失；技术筛选图形缺失；同股历史涨停溢价样本不足；龙虎榜未上榜或未匹配；仅可作为盘后缺失项；T+1行情缺失或未收盘：2026-09-22,AKShare/Eastmoney pools + local technical screener + local stock_personality_history/history detail + Eastmoney LHB
2026-09-21,2026-09-22,002869,金溢科技,涨停,1,10.00645637512207,17.04,,129065234.0,4.835866451263428,09:44:00,09:52:48,1,,计算机设,1,2,指数上涨,情绪上升,,,0,8,0,0,0,可以打板,,低/可控,待验证/行情缺失,,,,,,,,,,,,False,,,,,,样本不足,1,0,0.0,1,0,0.0,-0.0006341154090043766,-0.0006341154090043766,0.0,0,0,,,-0.0006341154090043766,-0.0006341154090043766,,1,0.0,1.0,-0.0006341154090043766,-0.0006341154090043766,-0.0006341154090043766,-0.006341154090044321,,,,,,收盘封住涨停；大环境：情绪上升，允许适度提高进攻仓位；指数环境：指数上涨；首次封板在10:30前，只作为前排证据之一；首板/低板位溢价弹性需依赖题材和封板质量；炸板次数1次，可接受但需看承接；换手处于可承接区间；题材/行业热度一般：计算机设；板块内封板排序第1，属于日内前排；今日涨停家数尚可；今日炸板率不高，封板环境较好,,收盘封住涨停；大环境：情绪上升，允许适度提高进攻仓位；指数环境：指数上涨；首次封板在10:30前，只作为前排证据之一；首板/低板位溢价弹性需依赖题材和封板质量；炸板次数1次，可接受但需看承接；换手处于可承接区间；题材/行业热度一般：计算机设；板块内封板排序第1，属于日内前排；今日涨停家数尚可；今日炸板率不高，封板环境较好,前一交易日本行业涨停样本缺失；技术筛选图形缺失；同股历史涨停溢价样本不足；龙虎榜未上榜或未匹配；仅可作为盘后缺失项；T+1行情缺失或未收盘：2026-09-22,AKShare/Eastmoney pools + local technical screener + local stock_personality_history/history detail + Eastmoney LHB
2026-09-21,2026-09-22,603258,电魂网络,涨停,1,10.0,14.19,,65391130.0,1.9618676900863647,09:45:10,09:45:10,0,,游戏Ⅱ,1,1,指数上涨,情绪上升,,,0,8,0,0,0,可以打板,,低/可控,待验证/行情缺失,,,,,,,,,,,,False,,,,,,样本不足,1,0,0.0,1,0,0.0,0.020602218700475516,0.04120443740095103,0.0,0,0,,,0.020602218700475516,0.04120443740095103,,1,1.0,0.0,0.020602218700475516,0.020602218700475516,0.04120443740095103,-0.009508716323296307,,,,,,收盘封住涨停；大环境：情绪上升，允许适度提高进攻仓位；指数环境：指数上涨；首次封板在10:30前，只作为前排证据之一；首板/低板位溢价弹性需依赖题材和封板质量；未炸板；成交额过低，容量和滑点风险高；题材/行业热度一般：游戏Ⅱ；板块内封板排序第1，属于日内前排；今日涨停家数尚可；今日炸板率不高，封板环境较好,,收盘封住涨停；大环境：情绪上升，允许适度提高进攻仓位；指数环境：指数上涨；首次封板在10:30前，只作为前排证据之一；首板/低板位溢价弹性需依赖题材和封板质量；未炸板；成交额过低，容量和滑点风险高；题材/行业热度一般：游戏Ⅱ；板块内封板排序第1，属于日内前排；今日涨停家数尚可；今日炸板率不高，封板环境较好,前一交易日本行业涨停样本缺失；技术筛选图形缺失；同股历史涨停溢价样本不足；龙虎榜未上榜或未匹配；仅可作为盘后缺失项；T+1行情缺失或未收盘：2026-09-22,AKShare/Eastmoney pools + local technical screener + local stock_personality_history/history detail + Eastmoney LHB
2026-09-21,2026-09-22,002084,海鸥住工,涨停,1,10.071942329406738,6.12,,330942288.0,8.623808860778809,09:48:09,09:48:09,0,,家居用品,3,4,指数上涨,情绪上升,,,0,11,-2,-2,-2,可以打板,,低/可控,待验证/行情缺失,,,,,,,,,,,,False,,,,,,股性偏强,7,0,0.0,7,0,0.0,0.08743625206746741,0.09700076163197699,0.0,0,0,,,0.08743625206746741,0.09700076163197699,,7,1.0,0.0,0.08743625206746741,0.10031347962382431,0.09700076163197699,0.08825025288146825,,,,,,收盘封住涨停；大环境：情绪上升，允许适度提高进攻仓位；指数环境：指数上涨；首次封板在10:30前，只作为前排证据之一；首板/低板位溢价弹性需依赖题材和封板质量；未炸板；换手处于可承接区间；题材/行业热度一般：家居用品；板块内封板排序第3，属于日内前排；今日涨停家数尚可；今日炸板率不高，封板环境较好；三年股性偏强：涨停样本7，次日开盘有溢价率100.0%，均值8.7%,,收盘封住涨停；大环境：情绪上升，允许适度提高进攻仓位；指数环境：指数上涨；首次封板在10:30前，只作为前排证据之一；首板/低板位溢价弹性需依赖题材和封板质量；未炸板；换手处于可承接区间；题材/行业热度一般：家居用品；板块内封板排序第3，属于日内前排；今日涨停家数尚可；今日炸板率不高，封板环境较好；三年股性偏强：涨停样本7，次日开盘有溢价率100.0%，均值8.7%,前一交易日本行业涨停样本缺失；技术筛选图形缺失；龙虎榜未上榜或未匹配；仅可作为盘后缺失项；T+1行情缺失或未收盘：2026-09-22,AKShare/Eastmoney pools + local technical screener + local stock_personality_history/history detail + Eastmoney LHB
2026-09-21,2026-09-22,600894,广日股份,涨停,1,10.0,7.92,,144019157.0,2.1976258754730225,09:49:09,10:07:51,1,,专用设备,2,3,指数上涨,情绪上升,,,0,7,0,0,0,谨慎可打,,低/可控,待验证/行情缺失,,,,,,,,,,,,False,,,,,,样本不足,,,,,,,,,,,,,,,,,,,,,,,,,,,,,收盘封住涨停；大环境：情绪上升，允许适度提高进攻仓位；指数环境：指数上涨；首次封板在10:30前，只作为前排证据之一；首板/低板位溢价弹性需依赖题材和封板质量；炸板次数1次，可接受但需看承接；题材/行业热度一般：专用设备；板块内封板排序第2，属于日内前排；今日涨停家数尚可；今日炸板率不高，封板环境较好,,收盘封住涨停；大环境：情绪上升，允许适度提高进攻仓位；指数环境：指数上涨；首次封板在10:30前，只作为前排证据之一；首板/低板位溢价弹性需依赖题材和封板质量；炸板次数1次，可接受但需看承接；题材/行业热度一般：专用设备；板块内封板排序第2，属于日内前排；今日涨停家数尚可；今日炸板率不高，封板环境较好,前一交易日本行业涨停样本缺失；技术筛选图形缺失；同股历史涨停溢价样本不足；龙虎榜未上榜或未匹配；仅可作为盘后缺失项；T+1行情缺失或未收盘：2026-09-22,AKShare/Eastmoney pools + local technical screener + local stock_personality_history/history detail + Eastmoney LHB
2026-09-21,2026-09-22,603042,华脉科技,涨停,1,10.0,19.03,,701683328.0,18.158140182495117,09:49:20,10:14:50,2,,通信设备,2,4,指数上涨,情绪上升,,,0,9,-1,-1,-1,可以打板,,低/可控,待验证/行情缺失,,,,,,,,,,,,False,,,,,,股性偏强,4,0,0.0,4,0,0.0,0.05370418626986667,0.06917493450039003,0.0,0,0,,,0.05370418626986667,0.06917493450039003,,4,0.75,0.25,0.05370418626986667,0.062140549016764135,0.06917493450039003,0.03267686285234517,是,0.87192702293396,,,,收盘封住涨停；大环境：情绪上升，允许适度提高进攻仓位；指数环境：指数上涨；首次封板在10:30前，只作为前排证据之一；首板/低板位溢价弹性需依赖题材和封板质量；炸板次数2次，可接受但需看承接；题材/行业热度一般：通信设备；板块内封板排序第2，属于日内前排；图形新高或强势池新高；今日涨停家数尚可；今日炸板率不高，封板环境较好；三年股性偏强：涨停样本4，次日开盘有溢价率75.0%，均值5.4%,,收盘封住涨停；大环境：情绪上升，允许适度提高进攻仓位；指数环境：指数上涨；首次封板在10:30前，只作为前排证据之一；首板/低板位溢价弹性需依赖题材和封板质量；炸板次数2次，可接受但需看承接；题材/行业热度一般：通信设备；板块内封板排序第2，属于日内前排；图形新高或强势池新高；今日涨停家数尚可；今日炸板率不高，封板环境较好；三年股性偏强：涨停样本4，次日开盘有溢价率75.0%，均值5.4%,前一交易日本行业涨停样本缺失；技术筛选图形缺失；龙虎榜未上榜或未匹配；仅可作为盘后缺失项；T+1行情缺失或未收盘：2026-09-22,AKShare/Eastmoney pools + local technical screener + local stock_personality_history/history detail + Eastmoney LHB
2026-09-21,2026-09-22,001373,翔腾新材,涨停,1,10.00339126586914,32.44,,84743413.0,6.374006748199463,09:49:24,09:49:24,0,,光学光电,2,3,指数上涨,情绪上升,,,0,10,0,0,0,可以打板,,低/可控,待验证/行情缺失,,,,,,,,,,,,False,,,,,,样本不足,,,,,,,,,,,,,,,,,,,,,,,,是,1.4662576913833618,,,,收盘封住涨停；大环境：情绪上升，允许适度提高进攻仓位；指数环境：指数上涨；首次封板在10:30前，只作为前排证据之一；首板/低板位溢价弹性需依赖题材和封板质量；未炸板；换手处于可承接区间；成交额过低，容量和滑点风险高；题材/行业热度一般：光学光电；板块内封板排序第2，属于日内前排；图形新高或强势池新高；今日涨停家数尚可；今日炸板率不高，封板环境较好,,收盘封住涨停；大环境：情绪上升，允许适度提高进攻仓位；指数环境：指数上涨；首次封板在10:30前，只作为前排证据之一；首板/低板位溢价弹性需依赖题材和封板质量；未炸板；换手处于可承接区间；成交额过低，容量和滑点风险高；题材/行业热度一般：光学光电；板块内封板排序第2，属于日内前排；图形新高或强势池新高；今日涨停家数尚可；今日炸板率不高，封板环境较好,前一交易日本行业涨停样本缺失；技术筛选图形缺失；同股历史涨停溢价样本不足；龙虎榜未上榜或未匹配；仅可作为盘后缺失项；T+1行情缺失或未收盘：2026-09-22,AKShare/Eastmoney pools + local technical screener + local stock_personality_history/history detail + Eastmoney LHB
2026-09-21,2026-09-22,603289,泰瑞机器,涨停,1,10.052355766296387,10.51,,182383943.0,5.967064380645752,09:50:01,13:22:52,6,,专用设备,3,3,指数上涨,情绪上升,,,0,7,2,2,2,谨慎可打,,中：需看集合竞价承接,待验证/行情缺失,,,,,,,,,,,,False,,,,,,样本不足,2,0,0.0,2,0,0.0,-0.031049250535331918,-0.010706638115631661,0.0,0,0,,,-0.031049250535331918,-0.010706638115631661,,2,0.0,1.0,-0.031049250535331918,-0.031049250535331918,-0.010706638115631661,-0.044967880085653056,是,4.366975784301758,,,,收盘封住涨停；大环境：情绪上升，允许适度提高进攻仓位；指数环境：指数上涨；首次封板在10:30前，只作为前排证据之一；首板/低板位溢价弹性需依赖题材和封板质量；炸板次数6次，封板分歧大；换手处于可承接区间；题材/行业热度一般：专用设备；板块内封板排序第3，属于日内前排；图形新高或强势池新高；今日涨停家数尚可；今日炸板率不高，封板环境较好,,收盘封住涨停；大环境：情绪上升，允许适度提高进攻仓位；指数环境：指数上涨；首次封板在10:30前，只作为前排证据之一；首板/低板位溢价弹性需依赖题材和封板质量；炸板次数6次，封板分歧大；换手处于可承接区间；题材/行业热度一般：专用设备；板块内封板排序第3，属于日内前排；图形新高或强势池新高；今日涨停家数尚可；今日炸板率不高，封板环境较好,前一交易日本行业涨停样本缺失；技术筛选图形缺失；同股历史涨停溢价样本不足；龙虎榜未上榜或未匹配；仅可作为盘后缺失项；T+1行情缺失或未收盘：2026-09-22,AKShare/Eastmoney pools + local technical screener + local stock_personality_history/history detail + Eastmoney LHB
2026-09-21,2026-09-22,600593,大连圣亚,涨停,1,10.011324882507324,48.57,,735519424.0,12.058444023132324,09:51:05,14:30:53,27,,旅游及景,1,1,指数上涨,情绪上升,,,0,7,2,2,2,谨慎可打,,中：需看集合竞价承接,待验证/行情缺失,,,,,,,,,,,,False,,,,,,样本不足,1,0,0.0,1,0,0.0,0.0,0.06742091895636104,0.0,0,0,,,0.0,0.06742091895636104,,1,0.0,1.0,0.0,0.0,0.06742091895636104,0.019395058877857307,是,1.7930800914764404,,,,收盘封住涨停；大环境：情绪上升，允许适度提高进攻仓位；指数环境：指数上涨；首次封板在10:30前，只作为前排证据之一；首板/低板位溢价弹性需依赖题材和封板质量；炸板次数27次，封板分歧大；换手处于可承接区间；题材/行业热度一般：旅游及景；板块内封板排序第1，属于日内前排；图形新高或强势池新高；今日涨停家数尚可；今日炸板率不高，封板环境较好,,收盘封住涨停；大环境：情绪上升，允许适度提高进攻仓位；指数环境：指数上涨；首次封板在10:30前，只作为前排证据之一；首板/低板位溢价弹性需依赖题材和封板质量；炸板次数27次，封板分歧大；换手处于可承接区间；题材/行业热度一般：旅游及景；板块内封板排序第1，属于日内前排；图形新高或强势池新高；今日涨停家数尚可；今日炸板率不高，封板环境较好,前一交易日本行业涨停样本缺失；技术筛选图形缺失；同股历史涨停溢价样本不足；龙虎榜未上榜或未匹配；仅可作为盘后缺失项；T+1行情缺失或未收盘：2026-09-22,AKShare/Eastmoney pools + local technical screener + local stock_personality_history/history detail + Eastmoney LHB
2026-09-21,2026-09-22,600785,新华百货,涨停,1,9.980620384216309,11.35,,310131440.0,8.872333526611328,09:53:10,09:53:10,0,,一般零售,2,4,指数上涨,情绪上升,,,0,11,-1,-1,-1,可以打板,,低/可控,待验证/行情缺失,,,,,,,,,,,,False,,,,,,股性偏强,5,4,0.8,5,4,0.8,0.018607897654901694,0.05656333335942474,0.8,4,0,0.0,0.0,0.018607897654901694,0.05656333335942474,,5,0.8,0.2,0.018607897654901694,0.006535947712418055,0.05656333335942474,0.020307616444867626,,,,,,收盘封住涨停；大环境：情绪上升，允许适度提高进攻仓位；指数环境：指数上涨；首次封板在10:30前，只作为前排证据之一；首板/低板位溢价弹性需依赖题材和封板质量；未炸板；换手处于可承接区间；题材/行业热度一般：一般零售；板块内封板排序第2，属于日内前排；今日涨停家数尚可；今日炸板率不高，封板环境较好；三年股性偏强：涨停样本5，次日开盘有溢价率80.0%，均值1.9%；历史封板稳定性一般：涨停/炸板样本中未封住比例80.0%,,收盘封住涨停；大环境：情绪上升，允许适度提高进攻仓位；指数环境：指数上涨；首次封板在10:30前，只作为前排证据之一；首板/低板位溢价弹性需依赖题材和封板质量；未炸板；换手处于可承接区间；题材/行业热度一般：一般零售；板块内封板排序第2，属于日内前排；今日涨停家数尚可；今日炸板率不高，封板环境较好；三年股性偏强：涨停样本5，次日开盘有溢价率80.0%，均值1.9%；历史封板稳定性一般：涨停/炸板样本中未封住比例80.0%,前一交易日本行业涨停样本缺失；技术筛选图形缺失；龙虎榜未上榜或未匹配；仅可作为盘后缺失项；T+1行情缺失或未收盘：2026-09-22,AKShare/Eastmoney pools + local technical screener + local stock_personality_history/history detail + Eastmoney LHB
2026-09-21,2026-09-22,920478,峆一药业,涨停,1,29.905561447143555,12.38,,241912643.0,30.505292892456055,09:55:51,10:21:00,2,,化学制药,4,10,指数上涨,情绪上升,,,0,7,1,1,1,谨慎可打,,低/可控,待验证/行情缺失,,,,,,,,,,,,False,,,,,,样本不足,,,,,,,,,,,,,,,,,,,,,,,,,,,,,收盘封住涨停；大环境：情绪上升，允许适度提高进攻仓位；指数环境：指数上涨；首次封板在10:30前，只作为前排证据之一；首板/低板位溢价弹性需依赖题材和封板质量；炸板次数2次，可接受但需看承接；换手过高，次日抛压风险上升；所属行业在今日涨停/炸板热度前排：化学制药；板块内封板排序第4，情绪上升期可按后排套利处理；今日涨停家数尚可；今日炸板率不高，封板环境较好,,收盘封住涨停；大环境：情绪上升，允许适度提高进攻仓位；指数环境：指数上涨；首次封板在10:30前，只作为前排证据之一；首板/低板位溢价弹性需依赖题材和封板质量；炸板次数2次，可接受但需看承接；换手过高，次日抛压风险上升；所属行业在今日涨停/炸板热度前排：化学制药；板块内封板排序第4，情绪上升期可按后排套利处理；今日涨停家数尚可；今日炸板率不高，封板环境较好,前一交易日本行业涨停样本缺失；技术筛选图形缺失；同股历史涨停溢价样本不足；龙虎榜未上榜或未匹配；仅可作为盘后缺失项；T+1行情缺失或未收盘：2026-09-22,AKShare/Eastmoney pools + local technical screener + local stock_personality_history/history detail + Eastmoney LHB
2026-09-21,2026-09-22,002349,精华制药,涨停,1,9.974746704101562,8.71,,724683280.0,10.446798324584961,09:56:06,09:56:06,0,,中药Ⅱ,1,2,指数上涨,情绪上升,,,0,10,3,3,3,谨慎可打,,中：需看集合竞价承接,待验证/行情缺失,,,,,,,,,,,,False,,,,,,A杀血统高,5,2,0.4,5,2,0.4,0.006073999690343302,0.024746970705031023,0.4,2,1,0.5,0.5,0.006073999690343302,0.024746970705031023,谨慎可打,5,0.4,0.6,0.006073999690343302,-0.0023923444976076125,0.024746970705031023,-0.02264594924988279,,,,,,收盘封住涨停；大环境：情绪上升，允许适度提高进攻仓位；指数环境：指数上涨；首次封板在10:30前，只作为前排证据之一；首板/低板位溢价弹性需依赖题材和封板质量；未炸板；换手处于可承接区间；题材/行业热度一般：中药Ⅱ；板块内封板排序第1，属于日内前排；今日涨停家数尚可；今日炸板率不高，封板环境较好；三年股性中性：涨停样本5，次日开盘有溢价率40.0%；A杀血统指数偏高：历史炸板样本2，炸板后A杀率50.0%；A杀血统样本较少，强制退出严格可以打板名单；A杀血统指数>30%，样本较少但强制降档为谨慎可打,,收盘封住涨停；大环境：情绪上升，允许适度提高进攻仓位；指数环境：指数上涨；首次封板在10:30前，只作为前排证据之一；首板/低板位溢价弹性需依赖题材和封板质量；未炸板；换手处于可承接区间；题材/行业热度一般：中药Ⅱ；板块内封板排序第1，属于日内前排；今日涨停家数尚可；今日炸板率不高，封板环境较好；三年股性中性：涨停样本5，次日开盘有溢价率40.0%；A杀血统指数偏高：历史炸板样本2，炸板后A杀率50.0%；A杀血统样本较少，强制退出严格可以打板名单；A杀血统指数>30%，样本较少但强制降档为谨慎可打,前一交易日本行业涨停样本缺失；技术筛选图形缺失；龙虎榜未上榜或未匹配；仅可作为盘后缺失项；T+1行情缺失或未收盘：2026-09-22,AKShare/Eastmoney pools + local technical screener + local stock_personality_history/history detail + Eastmoney LHB
2026-09-21,2026-09-22,002388,新亚制程,涨停,1,9.95850658416748,7.95,,408627840.0,10.425138473510742,09:58:18,10:17:54,1,,其他电子,1,1,指数上涨,情绪上升,,,0,10,0,0,0,可以打板,,低/可控,待验证/行情缺失,,,,,,,,,,,,False,,,,,,股性偏强,5,4,0.8,5,4,0.8,0.01644317659012795,0.06506763421516873,0.8,4,1,0.25,0.25,0.01644317659012795,0.06506763421516873,,5,0.6,0.4,0.01644317659012795,0.02752293577981657,0.06506763421516873,0.03920894635291947,是,1.3582936525344849,,,,收盘封住涨停；大环境：情绪上升，允许适度提高进攻仓位；指数环境：指数上涨；首次封板在10:30前，只作为前排证据之一；首板/低板位溢价弹性需依赖题材和封板质量；炸板次数1次，可接受但需看承接；换手处于可承接区间；题材/行业热度一般：其他电子；板块内封板排序第1，属于日内前排；图形新高或强势池新高；今日涨停家数尚可；今日炸板率不高，封板环境较好；三年股性偏强：涨停样本5，次日开盘有溢价率60.0%，均值1.6%；历史封板稳定性一般：涨停/炸板样本中未封住比例80.0%,,收盘封住涨停；大环境：情绪上升，允许适度提高进攻仓位；指数环境：指数上涨；首次封板在10:30前，只作为前排证据之一；首板/低板位溢价弹性需依赖题材和封板质量；炸板次数1次，可接受但需看承接；换手处于可承接区间；题材/行业热度一般：其他电子；板块内封板排序第1，属于日内前排；图形新高或强势池新高；今日涨停家数尚可；今日炸板率不高，封板环境较好；三年股性偏强：涨停样本5，次日开盘有溢价率60.0%，均值1.6%；历史封板稳定性一般：涨停/炸板样本中未封住比例80.0%,前一交易日本行业涨停样本缺失；技术筛选图形缺失；龙虎榜未上榜或未匹配；仅可作为盘后缺失项；T+1行情缺失或未收盘：2026-09-22,AKShare/Eastmoney pools + local technical screener + local stock_personality_history/history detail + Eastmoney LHB
2026-09-21,2026-09-22,002724,海洋王,涨停,1,9.957924842834473,7.84,,294527360.0,6.8791584968566895,10:01:18,10:11:27,1,,照明设备,1,1,指数上涨,情绪上升,,,0,8,1,1,1,可以打板,,低/可控,待验证/行情缺失,,,,,,,,,,,,False,,,,,,样本不足,2,1,0.5,2,1,0.5,-0.004018512552305287,0.049789621318373056,0.5,1,0,0.0,0.0,-0.004018512552305287,0.049789621318373056,,2,0.5,0.5,-0.004018512552305287,-0.004018512552305287,0.049789621318373056,0.019528273312871047,是,1.413398265838623,,,,收盘封住涨停；大环境：情绪上升，允许适度提高进攻仓位；指数环境：指数上涨；首次封板偏晚，需要板块发酵、股性或大环境确认；首板/低板位溢价弹性需依赖题材和封板质量；炸板次数1次，可接受但需看承接；换手处于可承接区间；题材/行业热度一般：照明设备；板块内封板排序第1，属于日内前排；图形新高或强势池新高；今日涨停家数尚可；今日炸板率不高，封板环境较好,,收盘封住涨停；大环境：情绪上升，允许适度提高进攻仓位；指数环境：指数上涨；首次封板偏晚，需要板块发酵、股性或大环境确认；首板/低板位溢价弹性需依赖题材和封板质量；炸板次数1次，可接受但需看承接；换手处于可承接区间；题材/行业热度一般：照明设备；板块内封板排序第1，属于日内前排；图形新高或强势池新高；今日涨停家数尚可；今日炸板率不高，封板环境较好,前一交易日本行业涨停样本缺失；技术筛选图形缺失；同股历史涨停溢价样本不足；龙虎榜未上榜或未匹配；仅可作为盘后缺失项；T+1行情缺失或未收盘：2026-09-22,AKShare/Eastmoney pools + local technical screener + local stock_personality_history/history detail + Eastmoney LHB
2026-09-21,2026-09-22,600721,百花医药,涨停,1,10.041841506958008,13.15,,1415415488.0,29.022350311279297,10:02:07,10:02:07,0,,医疗服务,4,5,指数上涨,情绪上升,,,0,9,1,1,1,可以打板,,低/可控,待验证/行情缺失,,,,,,,,,,,,False,,,,,,股性偏强,10,7,0.7,10,7,0.7,0.04182066555330975,0.07725495352558445,0.7,7,1,0.14285714285714285,0.14285714285714285,0.04182066555330975,0.07725495352558445,,10,0.6,0.4,0.04182066555330975,0.05967456711285768,0.07725495352558445,0.05501584756105097,否,1.1920337677001953,,,,收盘封住涨停；大环境：情绪上升，允许适度提高进攻仓位；指数环境：指数上涨；首次封板偏晚，需要板块发酵、股性或大环境确认；首板/低板位溢价弹性需依赖题材和封板质量；未炸板；换手过高，次日抛压风险上升；所属行业在今日涨停/炸板热度前排：医疗服务；板块内封板排序第4，情绪上升期可按后排套利处理；今日涨停家数尚可；今日炸板率不高，封板环境较好；三年股性偏强：涨停样本10，次日开盘有溢价率60.0%，均值4.2%；历史封板稳定性一般：涨停/炸板样本中未封住比例70.0%,,收盘封住涨停；大环境：情绪上升，允许适度提高进攻仓位；指数环境：指数上涨；首次封板偏晚，需要板块发酵、股性或大环境确认；首板/低板位溢价弹性需依赖题材和封板质量；未炸板；换手过高，次日抛压风险上升；所属行业在今日涨停/炸板热度前排：医疗服务；板块内封板排序第4，情绪上升期可按后排套利处理；今日涨停家数尚可；今日炸板率不高，封板环境较好；三年股性偏强：涨停样本10，次日开盘有溢价率60.0%，均值4.2%；历史封板稳定性一般：涨停/炸板样本中未封住比例70.0%,前一交易日本行业涨停样本缺失；技术筛选图形缺失；龙虎榜未上榜或未匹配；仅可作为盘后缺失项；T+1行情缺失或未收盘：2026-09-22,AKShare/Eastmoney pools + local technical screener + local stock_personality_history/history detail + Eastmoney LHB
2026-09-21,2026-09-22,688026,洁特生物,涨停,1,19.98097038269043,25.22,,398048992.0,11.478110313415527,10:02:49,10:43:43,7,,医疗器械,1,4,指数上涨,情绪上升,,,0,6,3,3,3,谨慎可打,,中：需看集合竞价承接,待验证/行情缺失,,,,,,,,,,,,False,,,,,,样本不足,,,,,,,,,,,,,,,,,,,,,,,,是,3.6570937633514404,,,,收盘封住涨停；大环境：情绪上升，允许适度提高进攻仓位；指数环境：指数上涨；首次封板偏晚，需要板块发酵、股性或大环境确认；首板/低板位溢价弹性需依赖题材和封板质量；炸板次数7次，封板分歧大；换手处于可承接区间；题材/行业热度一般：医疗器械；板块内封板排序第1，属于日内前排；图形新高或强势池新高；今日涨停家数尚可；今日炸板率不高，封板环境较好,,收盘封住涨停；大环境：情绪上升，允许适度提高进攻仓位；指数环境：指数上涨；首次封板偏晚，需要板块发酵、股性或大环境确认；首板/低板位溢价弹性需依赖题材和封板质量；炸板次数7次，封板分歧大；换手处于可承接区间；题材/行业热度一般：医疗器械；板块内封板排序第1，属于日内前排；图形新高或强势池新高；今日涨停家数尚可；今日炸板率不高，封板环境较好,前一交易日本行业涨停样本缺失；技术筛选图形缺失；同股历史涨停溢价样本不足；龙虎榜未上榜或未匹配；仅可作为盘后缺失项；T+1行情缺失或未收盘：2026-09-22,AKShare/Eastmoney pools + local technical screener + local stock_personality_history/history detail + Eastmoney LHB
2026-09-21,2026-09-22,001234,泰慕士,涨停,1,10.012412071228027,26.59,,87861883.0,3.6783316135406494,10:05:12,10:05:12,0,,服装家纺,3,4,指数上涨,情绪上升,,,0,9,1,1,1,可以打板,,低/可控,待验证/行情缺失,,,,,,,,,,,,False,,,,,,样本不足,,,,,,,,,,,,,,,,,,,,,,,,是,2.015490770339966,,,,收盘封住涨停；大环境：情绪上升，允许适度提高进攻仓位；指数环境：指数上涨；首次封板偏晚，需要板块发酵、股性或大环境确认；首板/低板位溢价弹性需依赖题材和封板质量；未炸板；换手处于可承接区间；成交额过低，容量和滑点风险高；题材/行业热度一般：服装家纺；板块内封板排序第3，属于日内前排；图形新高或强势池新高；今日涨停家数尚可；今日炸板率不高，封板环境较好,,收盘封住涨停；大环境：情绪上升，允许适度提高进攻仓位；指数环境：指数上涨；首次封板偏晚，需要板块发酵、股性或大环境确认；首板/低板位溢价弹性需依赖题材和封板质量；未炸板；换手处于可承接区间；成交额过低，容量和滑点风险高；题材/行业热度一般：服装家纺；板块内封板排序第3，属于日内前排；图形新高或强势池新高；今日涨停家数尚可；今日炸板率不高，封板环境较好,前一交易日本行业涨停样本缺失；技术筛选图形缺失；同股历史涨停溢价样本不足；龙虎榜未上榜或未匹配；仅可作为盘后缺失项；T+1行情缺失或未收盘：2026-09-22,AKShare/Eastmoney pools + local technical screener + local stock_personality_history/history detail + Eastmoney LHB
2026-09-21,2026-09-22,600992,贵绳股份,涨停,1,9.989593505859375,10.57,,159855131.0,6.28400993347168,10:07:57,10:07:57,0,,通用设备,2,3,指数上涨,情绪上升,,,0,9,0,0,0,可以打板,,低/可控,待验证/行情缺失,,,,,,,,,,,,False,,,,,,样本不足,,,,,,,,,,,,,,,,,,,,,,,,,,,,,收盘封住涨停；大环境：情绪上升，允许适度提高进攻仓位；指数环境：指数上涨；首次封板偏晚，需要板块发酵、股性或大环境确认；首板/低板位溢价弹性需依赖题材和封板质量；未炸板；换手处于可承接区间；题材/行业热度一般：通用设备；板块内封板排序第2，属于日内前排；今日涨停家数尚可；今日炸板率不高，封板环境较好,,收盘封住涨停；大环境：情绪上升，允许适度提高进攻仓位；指数环境：指数上涨；首次封板偏晚，需要板块发酵、股性或大环境确认；首板/低板位溢价弹性需依赖题材和封板质量；未炸板；换手处于可承接区间；题材/行业热度一般：通用设备；板块内封板排序第2，属于日内前排；今日涨停家数尚可；今日炸板率不高，封板环境较好,前一交易日本行业涨停样本缺失；技术筛选图形缺失；同股历史涨停溢价样本不足；龙虎榜未上榜或未匹配；仅可作为盘后缺失项；T+1行情缺失或未收盘：2026-09-22,AKShare/Eastmoney pools + local technical screener + local stock_personality_history/history detail + Eastmoney LHB
2026-09-21,2026-09-22,002792,通宇通讯,涨停,1,10.0,34.54,,2334817504.0,20.31264305114746,10:12:06,14:16:00,1,,通信设备,3,4,指数上涨,情绪上升,,,0,8,1,1,1,可以打板,,低/可控,待验证/行情缺失,,,,,,,,,,,,False,,,,,,股性偏强,7,4,0.5714285714285714,7,4,0.5714285714285714,0.030401329136765663,0.06454073606833345,0.5714285714285714,4,0,0.0,0.0,0.030401329136765663,0.06454073606833345,,7,0.7142857142857143,0.2857142857142857,0.030401329136765663,0.02398275397466998,0.06454073606833345,0.025342437821516288,,,,,,收盘封住涨停；大环境：情绪上升，允许适度提高进攻仓位；指数环境：指数上涨；首次封板偏晚，需要板块发酵、股性或大环境确认；首板/低板位溢价弹性需依赖题材和封板质量；炸板次数1次，可接受但需看承接；成交额较大，具备市场辨识度；题材/行业热度一般：通信设备；板块内封板排序第3，属于日内前排；今日涨停家数尚可；今日炸板率不高，封板环境较好；三年股性偏强：涨停样本7，次日开盘有溢价率71.4%，均值3.0%；历史封板稳定性一般：涨停/炸板样本中未封住比例57.1%,,收盘封住涨停；大环境：情绪上升，允许适度提高进攻仓位；指数环境：指数上涨；首次封板偏晚，需要板块发酵、股性或大环境确认；首板/低板位溢价弹性需依赖题材和封板质量；炸板次数1次，可接受但需看承接；成交额较大，具备市场辨识度；题材/行业热度一般：通信设备；板块内封板排序第3，属于日内前排；今日涨停家数尚可；今日炸板率不高，封板环境较好；三年股性偏强：涨停样本7，次日开盘有溢价率71.4%，均值3.0%；历史封板稳定性一般：涨停/炸板样本中未封住比例57.1%,前一交易日本行业涨停样本缺失；技术筛选图形缺失；龙虎榜未上榜或未匹配；仅可作为盘后缺失项；T+1行情缺失或未收盘：2026-09-22,AKShare/Eastmoney pools + local technical screener + local stock_personality_history/history detail + Eastmoney LHB
2026-09-21,2026-09-22,002080,中材科技,涨停,1,9.996678352355957,66.24,,8542074368.0,7.941944122314453,10:13:33,14:53:57,3,,玻璃玻纤,1,1,指数上涨,情绪上升,,,0,7,3,3,3,谨慎可打,,中：需看集合竞价承接,待验证/行情缺失,,,,,,,,,,,,False,,,,,,股性中性,5,4,0.8,5,4,0.8,0.011870739954562426,0.06748667033105708,0.8,4,1,0.25,0.25,0.011870739954562426,0.06748667033105708,,5,0.4,0.6,0.011870739954562426,-0.0010243802499488863,0.06748667033105708,0.03634040004210239,,,,,,收盘封住涨停；大环境：情绪上升，允许适度提高进攻仓位；指数环境：指数上涨；首次封板偏晚，需要板块发酵、股性或大环境确认；首板/低板位溢价弹性需依赖题材和封板质量；炸板次数3次，封板稳定性一般；换手处于可承接区间；成交额较大，具备市场辨识度；题材/行业热度一般：玻璃玻纤；板块内封板排序第1，属于日内前排；今日涨停家数尚可；今日炸板率不高，封板环境较好；三年股性中性：涨停样本5，次日开盘有溢价率40.0%；历史封板稳定性一般：涨停/炸板样本中未封住比例80.0%,,收盘封住涨停；大环境：情绪上升，允许适度提高进攻仓位；指数环境：指数上涨；首次封板偏晚，需要板块发酵、股性或大环境确认；首板/低板位溢价弹性需依赖题材和封板质量；炸板次数3次，封板稳定性一般；换手处于可承接区间；成交额较大，具备市场辨识度；题材/行业热度一般：玻璃玻纤；板块内封板排序第1，属于日内前排；今日涨停家数尚可；今日炸板率不高，封板环境较好；三年股性中性：涨停样本5，次日开盘有溢价率40.0%；历史封板稳定性一般：涨停/炸板样本中未封住比例80.0%,前一交易日本行业涨停样本缺失；技术筛选图形缺失；龙虎榜未上榜或未匹配；仅可作为盘后缺失项；T+1行情缺失或未收盘：2026-09-22,AKShare/Eastmoney pools + local technical screener + local stock_personality_history/history detail + Eastmoney LHB
2026-09-21,2026-09-22,600714,金瑞矿业,涨停,1,10.0,19.25,,445630512.0,8.297977447509766,10:14:17,10:14:17,0,,化学原料,2,2,指数上涨,情绪上升,,,0,9,2,2,2,谨慎可打,,中：需看集合竞价承接,待验证/行情缺失,,,,,,,,,,,,False,,,,,,股性偏弱,3,1,0.3333333333333333,3,1,0.3333333333333333,-0.0012849376282244585,0.05010147516661171,0.3333333333333333,1,0,0.0,0.0,-0.0012849376282244585,0.05010147516661171,,3,0.3333333333333333,0.6666666666666666,-0.0012849376282244585,-0.022412970910824948,0.05010147516661171,-0.0010203457114094834,,,,,,收盘封住涨停；大环境：情绪上升，允许适度提高进攻仓位；指数环境：指数上涨；首次封板偏晚，需要板块发酵、股性或大环境确认；首板/低板位溢价弹性需依赖题材和封板质量；未炸板；换手处于可承接区间；题材/行业热度一般：化学原料；板块内封板排序第2，属于日内前排；今日涨停家数尚可；今日炸板率不高，封板环境较好；三年股性偏弱：涨停样本3，次日开盘有溢价率33.3%，均值-0.1%；三年股性偏弱，不进入严格可以打板名单,,收盘封住涨停；大环境：情绪上升，允许适度提高进攻仓位；指数环境：指数上涨；首次封板偏晚，需要板块发酵、股性或大环境确认；首板/低板位溢价弹性需依赖题材和封板质量；未炸板；换手处于可承接区间；题材/行业热度一般：化学原料；板块内封板排序第2，属于日内前排；今日涨停家数尚可；今日炸板率不高，封板环境较好；三年股性偏弱：涨停样本3，次日开盘有溢价率33.3%，均值-0.1%；三年股性偏弱，不进入严格可以打板名单,前一交易日本行业涨停样本缺失；技术筛选图形缺失；龙虎榜未上榜或未匹配；仅可作为盘后缺失项；T+1行情缺失或未收盘：2026-09-22,AKShare/Eastmoney pools + local technical screener + local stock_personality_history/history detail + Eastmoney LHB
2026-09-21,2026-09-22,001317,三羊马,涨停,2,9.99816608428955,59.96,,666207440.0,13.41596794128418,10:14:39,13:13:36,7,,铁路公路,1,1,指数上涨,情绪上升,,,0,8,2,2,2,可以打板,,中：需看集合竞价承接,待验证/行情缺失,,,,,,,,,,,,False,,,,,,样本不足,2,0,0.0,2,0,0.0,0.017706148062057725,0.0806798835378878,0.0,0,0,,,0.017706148062057725,0.0806798835378878,,2,1.0,0.0,0.017706148062057725,0.017706148062057725,0.0806798835378878,0.049218775643658785,是,3.073626756668091,,,,收盘封住涨停；大环境：情绪上升，允许适度提高进攻仓位；指数环境：指数上涨；首次封板偏晚，需要板块发酵、股性或大环境确认；2板承接优于普通首板；炸板次数7次，封板分歧大；换手处于可承接区间；题材/行业热度一般：铁路公路；板块内封板排序第1，属于日内前排；图形新高或强势池新高；今日涨停家数尚可；今日炸板率不高，封板环境较好,,收盘封住涨停；大环境：情绪上升，允许适度提高进攻仓位；指数环境：指数上涨；首次封板偏晚，需要板块发酵、股性或大环境确认；2板承接优于普通首板；炸板次数7次，封板分歧大；换手处于可承接区间；题材/行业热度一般：铁路公路；板块内封板排序第1，属于日内前排；图形新高或强势池新高；今日涨停家数尚可；今日炸板率不高，封板环境较好,前一交易日本行业涨停样本缺失；技术筛选图形缺失；同股历史涨停溢价样本不足；龙虎榜未上榜或未匹配；仅可作为盘后缺失项；T+1行情缺失或未收盘：2026-09-22,AKShare/Eastmoney pools + local technical screener + local stock_personality_history/history detail + Eastmoney LHB
2026-09-21,2026-09-22,600812,华北制药,涨停,1,9.956709861755371,5.08,,441921408.0,5.1860575675964355,10:17:21,10:20:36,3,,化学制药,5,10,指数上涨,情绪上升,,,0,6,2,2,2,谨慎可打,,中：需看集合竞价承接,待验证/行情缺失,,,,,,,,,,,,False,,,,,,样本不足,1,1,1.0,1,1,1.0,-0.0038610038610037423,0.01930501930501949,1.0,1,0,0.0,0.0,-0.0038610038610037423,0.01930501930501949,,1,0.0,1.0,-0.0038610038610037423,-0.0038610038610037423,0.01930501930501949,-0.04633204633204624,,,,,,收盘封住涨停；大环境：情绪上升，允许适度提高进攻仓位；指数环境：指数上涨；首次封板偏晚，需要板块发酵、股性或大环境确认；首板/低板位溢价弹性需依赖题材和封板质量；炸板次数3次，封板稳定性一般；换手处于可承接区间；所属行业在今日涨停/炸板热度前排：化学制药；板块内封板排序第5，情绪上升期可按后排套利处理；今日涨停家数尚可；今日炸板率不高，封板环境较好,,收盘封住涨停；大环境：情绪上升，允许适度提高进攻仓位；指数环境：指数上涨；首次封板偏晚，需要板块发酵、股性或大环境确认；首板/低板位溢价弹性需依赖题材和封板质量；炸板次数3次，封板稳定性一般；换手处于可承接区间；所属行业在今日涨停/炸板热度前排：化学制药；板块内封板排序第5，情绪上升期可按后排套利处理；今日涨停家数尚可；今日炸板率不高，封板环境较好,前一交易日本行业涨停样本缺失；技术筛选图形缺失；同股历史涨停溢价样本不足；龙虎榜未上榜或未匹配；仅可作为盘后缺失项；T+1行情缺失或未收盘：2026-09-22,AKShare/Eastmoney pools + local technical screener + local stock_personality_history/history detail + Eastmoney LHB
2026-09-21,2026-09-22,000829,天音控股,涨停,1,10.022522926330566,9.77,,524072544.0,5.3237199783325195,10:19:09,13:57:42,2,,专业连锁,1,1,指数上涨,情绪上升,,,0,8,1,1,1,可以打板,,低/可控,待验证/行情缺失,,,,,,,,,,,,False,,,,,,样本不足,,,,,,,,,,,,,,,,,,,,,,,,是,4.872039794921875,,,,收盘封住涨停；大环境：情绪上升，允许适度提高进攻仓位；指数环境：指数上涨；首次封板偏晚，需要板块发酵、股性或大环境确认；首板/低板位溢价弹性需依赖题材和封板质量；炸板次数2次，可接受但需看承接；换手处于可承接区间；题材/行业热度一般：专业连锁；板块内封板排序第1，属于日内前排；图形新高或强势池新高；今日涨停家数尚可；今日炸板率不高，封板环境较好,,收盘封住涨停；大环境：情绪上升，允许适度提高进攻仓位；指数环境：指数上涨；首次封板偏晚，需要板块发酵、股性或大环境确认；首板/低板位溢价弹性需依赖题材和封板质量；炸板次数2次，可接受但需看承接；换手处于可承接区间；题材/行业热度一般：专业连锁；板块内封板排序第1，属于日内前排；图形新高或强势池新高；今日涨停家数尚可；今日炸板率不高，封板环境较好,前一交易日本行业涨停样本缺失；技术筛选图形缺失；同股历史涨停溢价样本不足；龙虎榜未上榜或未匹配；仅可作为盘后缺失项；T+1行情缺失或未收盘：2026-09-22,AKShare/Eastmoney pools + local technical screener + local stock_personality_history/history detail + Eastmoney LHB
2026-09-21,2026-09-22,300642,透景生命,涨停,1,19.98820686340332,20.35,,691404672.0,25.735687255859375,10:20:27,10:20:27,0,,医疗器械,2,4,指数上涨,情绪上升,,,0,9,4,4,4,谨慎可打（次日风险高）,,高：次日无溢价风险高,待验证/行情缺失,,,,,,,,,,,,False,,,,,,A杀血统高,2,1,0.5,2,1,0.5,0.01165104498437819,0.07441304941304933,0.5,1,1,1.0,1.0,0.01165104498437819,0.07441304941304933,谨慎可打,2,0.5,0.5,0.01165104498437819,0.01165104498437819,0.07441304941304933,0.00384323717657048,是,1.9907022714614868,,,,收盘封住涨停；大环境：情绪上升，允许适度提高进攻仓位；指数环境：指数上涨；首次封板偏晚，需要板块发酵、股性或大环境确认；首板/低板位溢价弹性需依赖题材和封板质量；未炸板；换手过高，次日抛压风险上升；题材/行业热度一般：医疗器械；板块内封板排序第2，属于日内前排；图形新高或强势池新高；今日涨停家数尚可；今日炸板率不高，封板环境较好；A杀血统指数偏高：历史炸板样本1，炸板后A杀率100.0%；A杀血统样本较少，强制退出严格可以打板名单,,收盘封住涨停；大环境：情绪上升，允许适度提高进攻仓位；指数环境：指数上涨；首次封板偏晚，需要板块发酵、股性或大环境确认；首板/低板位溢价弹性需依赖题材和封板质量；未炸板；换手过高，次日抛压风险上升；题材/行业热度一般：医疗器械；板块内封板排序第2，属于日内前排；图形新高或强势池新高；今日涨停家数尚可；今日炸板率不高，封板环境较好；A杀血统指数偏高：历史炸板样本1，炸板后A杀率100.0%；A杀血统样本较少，强制退出严格可以打板名单,前一交易日本行业涨停样本缺失；技术筛选图形缺失；同股历史涨停溢价样本不足；龙虎榜未上榜或未匹配；仅可作为盘后缺失项；T+1行情缺失或未收盘：2026-09-22,AKShare/Eastmoney pools + local technical screener + local stock_personality_history/history detail + Eastmoney LHB
2026-09-21,2026-09-22,002321,华英农业,涨停,1,10.047846794128418,2.3,,260741049.0,5.556078910827637,10:24:24,10:24:24,0,,养殖业,1,2,指数上涨,情绪上升,,,0,10,0,0,0,可以打板,,低/可控,待验证/行情缺失,,,,,,,,,,,,False,,,,,,样本不足,1,0,0.0,1,0,0.0,-0.03211009174311941,0.0,0.0,0,0,,,-0.03211009174311941,0.0,,1,0.0,1.0,-0.03211009174311941,-0.03211009174311941,0.0,-0.041284403669724856,是,2.2594687938690186,,,,收盘封住涨停；大环境：情绪上升，允许适度提高进攻仓位；指数环境：指数上涨；首次封板偏晚，需要板块发酵、股性或大环境确认；首板/低板位溢价弹性需依赖题材和封板质量；未炸板；换手处于可承接区间；题材/行业热度一般：养殖业；板块内封板排序第1，属于日内前排；图形新高或强势池新高；今日涨停家数尚可；今日炸板率不高，封板环境较好,,收盘封住涨停；大环境：情绪上升，允许适度提高进攻仓位；指数环境：指数上涨；首次封板偏晚，需要板块发酵、股性或大环境确认；首板/低板位溢价弹性需依赖题材和封板质量；未炸板；换手处于可承接区间；题材/行业热度一般：养殖业；板块内封板排序第1，属于日内前排；图形新高或强势池新高；今日涨停家数尚可；今日炸板率不高，封板环境较好,前一交易日本行业涨停样本缺失；技术筛选图形缺失；同股历史涨停溢价样本不足；龙虎榜未上榜或未匹配；仅可作为盘后缺失项；T+1行情缺失或未收盘：2026-09-22,AKShare/Eastmoney pools + local technical screener + local stock_personality_history/history detail + Eastmoney LHB
2026-09-21,2026-09-22,600127,金健米业,涨停,3,9.98603343963623,15.75,,2756484592.0,28.448190689086914,10:24:45,10:50:54,2,,农产品加,1,1,指数上涨,情绪上升,,,0,11,1,1,1,可以打板,,低/可控,待验证/行情缺失,,,,,,,,,,,,False,,,,,,股性中性,8,6,0.75,8,6,0.75,0.0029125931413229583,0.07505811112200919,0.75,6,0,0.0,0.0,0.0029125931413229583,0.07505811112200919,,8,0.5,0.5,0.0029125931413229583,0.0009205442962977317,0.07505811112200919,0.045883300398394875,是,0.7973101735115051,,,,收盘封住涨停；大环境：情绪上升，允许适度提高进攻仓位；指数环境：指数上涨；首次封板偏晚，需要板块发酵、股性或大环境确认；3板以上有辨识度；炸板次数2次，可接受但需看承接；换手过高，次日抛压风险上升；成交额较大，具备市场辨识度；题材/行业热度一般：农产品加；板块内封板排序第1，属于日内前排；图形新高或强势池新高；今日涨停家数尚可；今日炸板率不高，封板环境较好；三年股性中性：涨停样本8，次日开盘有溢价率50.0%；历史封板稳定性一般：涨停/炸板样本中未封住比例75.0%,,收盘封住涨停；大环境：情绪上升，允许适度提高进攻仓位；指数环境：指数上涨；首次封板偏晚，需要板块发酵、股性或大环境确认；3板以上有辨识度；炸板次数2次，可接受但需看承接；换手过高，次日抛压风险上升；成交额较大，具备市场辨识度；题材/行业热度一般：农产品加；板块内封板排序第1，属于日内前排；图形新高或强势池新高；今日涨停家数尚可；今日炸板率不高，封板环境较好；三年股性中性：涨停样本8，次日开盘有溢价率50.0%；历史封板稳定性一般：涨停/炸板样本中未封住比例75.0%,前一交易日本行业涨停样本缺失；技术筛选图形缺失；龙虎榜未上榜或未匹配；仅可作为盘后缺失项；T+1行情缺失或未收盘：2026-09-22,AKShare/Eastmoney pools + local technical screener + local stock_personality_history/history detail + Eastmoney LHB
2026-09-21,2026-09-22,603151,邦基科技,涨停,1,10.011990547180176,18.35,,75680760.0,2.4836678504943848,10:28:33,10:28:33,0,,饲料,1,1,指数上涨,情绪上升,,,0,7,1,1,1,谨慎可打,,低/可控,待验证/行情缺失,,,,,,,,,,,,False,,,,,,样本不足,2,0,0.0,2,0,0.0,0.046318764853770955,0.059774855505329016,0.0,0,0,,,0.046318764853770955,0.059774855505329016,,2,1.0,0.0,0.046318764853770955,0.046318764853770955,0.059774855505329016,0.020272418744697318,,,,,,收盘封住涨停；大环境：情绪上升，允许适度提高进攻仓位；指数环境：指数上涨；首次封板偏晚，需要板块发酵、股性或大环境确认；首板/低板位溢价弹性需依赖题材和封板质量；未炸板；成交额过低，容量和滑点风险高；题材/行业热度一般：饲料；板块内封板排序第1，属于日内前排；今日涨停家数尚可；今日炸板率不高，封板环境较好,,收盘封住涨停；大环境：情绪上升，允许适度提高进攻仓位；指数环境：指数上涨；首次封板偏晚，需要板块发酵、股性或大环境确认；首板/低板位溢价弹性需依赖题材和封板质量；未炸板；成交额过低，容量和滑点风险高；题材/行业热度一般：饲料；板块内封板排序第1，属于日内前排；今日涨停家数尚可；今日炸板率不高，封板环境较好,前一交易日本行业涨停样本缺失；技术筛选图形缺失；同股历史涨停溢价样本不足；龙虎榜未上榜或未匹配；仅可作为盘后缺失项；T+1行情缺失或未收盘：2026-09-22,AKShare/Eastmoney pools + local technical screener + local stock_personality_history/history detail + Eastmoney LHB
2026-09-21,2026-09-22,600587,新华医疗,涨停,1,10.016420364379883,13.4,,326271280.0,4.10907506942749,10:30:28,10:30:28,0,,医疗器械,3,4,指数上涨,情绪上升,,,0,9,0,0,0,可以打板,,低/可控,待验证/行情缺失,,,,,,,,,,,,False,,,,,,样本不足,,,,,,,,,,,,,,,,,,,,,,,,,,,,,收盘封住涨停；大环境：情绪上升，允许适度提高进攻仓位；指数环境：指数上涨；首次封板偏晚，需要板块发酵、股性或大环境确认；首板/低板位溢价弹性需依赖题材和封板质量；未炸板；换手处于可承接区间；题材/行业热度一般：医疗器械；板块内封板排序第3，属于日内前排；今日涨停家数尚可；今日炸板率不高，封板环境较好,,收盘封住涨停；大环境：情绪上升，允许适度提高进攻仓位；指数环境：指数上涨；首次封板偏晚，需要板块发酵、股性或大环境确认；首板/低板位溢价弹性需依赖题材和封板质量；未炸板；换手处于可承接区间；题材/行业热度一般：医疗器械；板块内封板排序第3，属于日内前排；今日涨停家数尚可；今日炸板率不高，封板环境较好,前一交易日本行业涨停样本缺失；技术筛选图形缺失；同股历史涨停溢价样本不足；龙虎榜未上榜或未匹配；仅可作为盘后缺失项；T+1行情缺失或未收盘：2026-09-22,AKShare/Eastmoney pools + local technical screener + local stock_personality_history/history detail + Eastmoney LHB
2026-09-21,2026-09-22,002022,科华生物,涨停,1,9.98217487335205,6.17,,142866176.0,4.600872039794922,10:31:57,10:31:57,0,,医疗器械,4,4,指数上涨,情绪上升,,,0,8,2,2,2,可以打板,,中：需看集合竞价承接,待验证/行情缺失,,,,,,,,,,,,False,,,,,,样本不足,,,,,,,,,,,,,,,,,,,,,,,,是,5.173023700714111,,,,收盘封住涨停；大环境：情绪上升，允许适度提高进攻仓位；指数环境：指数上涨；首次封板偏晚，需要板块发酵、股性或大环境确认；首板/低板位溢价弹性需依赖题材和封板质量；未炸板；换手处于可承接区间；题材/行业热度一般：医疗器械；板块内封板排序第4，不是日内前排；图形新高或强势池新高；今日涨停家数尚可；今日炸板率不高，封板环境较好,,收盘封住涨停；大环境：情绪上升，允许适度提高进攻仓位；指数环境：指数上涨；首次封板偏晚，需要板块发酵、股性或大环境确认；首板/低板位溢价弹性需依赖题材和封板质量；未炸板；换手处于可承接区间；题材/行业热度一般：医疗器械；板块内封板排序第4，不是日内前排；图形新高或强势池新高；今日涨停家数尚可；今日炸板率不高，封板环境较好,前一交易日本行业涨停样本缺失；技术筛选图形缺失；同股历史涨停溢价样本不足；龙虎榜未上榜或未匹配；仅可作为盘后缺失项；T+1行情缺失或未收盘：2026-09-22,AKShare/Eastmoney pools + local technical screener + local stock_personality_history/history detail + Eastmoney LHB
2026-09-21,2026-09-22,002246,北化股份,涨停,1,10.00837516784668,26.27,,949328288.0,6.690306186676025,10:32:21,14:26:33,12,,化学制品,2,6,指数上涨,情绪上升,,,0,7,2,2,2,谨慎可打,,中：需看集合竞价承接,待验证/行情缺失,,,,,,,,,,,,False,,,,,,样本不足,1,0,0.0,1,0,0.0,-0.020026702269692942,-0.007565643079661677,0.0,0,0,,,-0.020026702269692942,-0.007565643079661677,,1,0.0,1.0,-0.020026702269692942,-0.020026702269692942,-0.007565643079661677,-0.018246550956831364,是,2.603395938873291,,,,收盘封住涨停；大环境：情绪上升，允许适度提高进攻仓位；指数环境：指数上涨；首次封板偏晚，需要板块发酵、股性或大环境确认；首板/低板位溢价弹性需依赖题材和封板质量；炸板次数12次，封板分歧大；换手处于可承接区间；所属行业在今日涨停/炸板热度前排：化学制品；板块内封板排序第2，属于日内前排；图形新高或强势池新高；今日涨停家数尚可；今日炸板率不高，封板环境较好,,收盘封住涨停；大环境：情绪上升，允许适度提高进攻仓位；指数环境：指数上涨；首次封板偏晚，需要板块发酵、股性或大环境确认；首板/低板位溢价弹性需依赖题材和封板质量；炸板次数12次，封板分歧大；换手处于可承接区间；所属行业在今日涨停/炸板热度前排：化学制品；板块内封板排序第2，属于日内前排；图形新高或强势池新高；今日涨停家数尚可；今日炸板率不高，封板环境较好,前一交易日本行业涨停样本缺失；技术筛选图形缺失；同股历史涨停溢价样本不足；龙虎榜未上榜或未匹配；仅可作为盘后缺失项；T+1行情缺失或未收盘：2026-09-22,AKShare/Eastmoney pools + local technical screener + local stock_personality_history/history detail + Eastmoney LHB
2026-09-21,2026-09-22,600712,南宁百货,涨停,1,10.09345817565918,5.89,,420821024.0,13.592668533325195,10:33:09,14:30:48,8,,一般零售,3,4,指数上涨,情绪上升,,,0,6,3,3,3,谨慎可打,,中：需看集合竞价承接,待验证/行情缺失,,,,,,,,,,,,False,,,,,,股性偏强,5,4,0.8,5,4,0.8,-0.0032083368852219296,0.04365986664926218,0.8,4,1,0.25,0.25,-0.0032083368852219296,0.04365986664926218,,5,0.6,0.4,-0.0032083368852219296,0.0036231884057971175,0.04365986664926218,0.00029115398005725713,,,,,,收盘封住涨停；大环境：情绪上升，允许适度提高进攻仓位；指数环境：指数上涨；首次封板偏晚，需要板块发酵、股性或大环境确认；首板/低板位溢价弹性需依赖题材和封板质量；炸板次数8次，封板分歧大；换手处于可承接区间；题材/行业热度一般：一般零售；板块内封板排序第3，属于日内前排；今日涨停家数尚可；今日炸板率不高，封板环境较好；三年股性偏强：涨停样本5，次日开盘有溢价率60.0%，均值-0.3%；历史封板稳定性一般：涨停/炸板样本中未封住比例80.0%,,收盘封住涨停；大环境：情绪上升，允许适度提高进攻仓位；指数环境：指数上涨；首次封板偏晚，需要板块发酵、股性或大环境确认；首板/低板位溢价弹性需依赖题材和封板质量；炸板次数8次，封板分歧大；换手处于可承接区间；题材/行业热度一般：一般零售；板块内封板排序第3，属于日内前排；今日涨停家数尚可；今日炸板率不高，封板环境较好；三年股性偏强：涨停样本5，次日开盘有溢价率60.0%，均值-0.3%；历史封板稳定性一般：涨停/炸板样本中未封住比例80.0%,前一交易日本行业涨停样本缺失；技术筛选图形缺失；龙虎榜未上榜或未匹配；仅可作为盘后缺失项；T+1行情缺失或未收盘：2026-09-22,AKShare/Eastmoney pools + local technical screener + local stock_personality_history/history detail + Eastmoney LHB
2026-09-21,2026-09-22,688137,近岸蛋白,涨停,1,20.004037857055664,118.84,,1089562752.0,13.973736763000488,10:33:53,14:38:53,14,,生物制品,1,1,指数上涨,情绪上升,,,0,7,6,6,6,不能打板,,高：次日无溢价风险高,待验证/行情缺失,,,,,,,,,,,,False,,,,,,A杀血统高,5,3,0.6,5,3,0.6,0.0034710144788189013,0.09696819184510805,0.6,3,1,0.3333333333333333,0.3333333333333333,0.0034710144788189013,0.09696819184510805,禁止打板,5,0.6,0.4,0.0034710144788189013,0.011127819548872209,0.09696819184510805,0.022575403590124644,是,0.9822248220443726,,,,收盘封住涨停；大环境：情绪上升，允许适度提高进攻仓位；指数环境：指数上涨；首次封板偏晚，需要板块发酵、股性或大环境确认；首板/低板位溢价弹性需依赖题材和封板质量；炸板次数14次，封板分歧大；换手处于可承接区间；题材/行业热度一般：生物制品；板块内封板排序第1，属于日内前排；图形新高或强势池新高；今日涨停家数尚可；今日炸板率不高，封板环境较好；三年股性偏强：涨停样本5，次日开盘有溢价率60.0%，均值0.3%；历史封板稳定性一般：涨停/炸板样本中未封住比例60.0%；A杀血统指数偏高：历史炸板样本3，炸板后A杀率33.3%；历史炸板A杀率>30%，按股性记忆强制禁止打板,,收盘封住涨停；大环境：情绪上升，允许适度提高进攻仓位；指数环境：指数上涨；首次封板偏晚，需要板块发酵、股性或大环境确认；首板/低板位溢价弹性需依赖题材和封板质量；炸板次数14次，封板分歧大；换手处于可承接区间；题材/行业热度一般：生物制品；板块内封板排序第1，属于日内前排；图形新高或强势池新高；今日涨停家数尚可；今日炸板率不高，封板环境较好；三年股性偏强：涨停样本5，次日开盘有溢价率60.0%，均值0.3%；历史封板稳定性一般：涨停/炸板样本中未封住比例60.0%；A杀血统指数偏高：历史炸板样本3，炸板后A杀率33.3%；历史炸板A杀率>30%，按股性记忆强制禁止打板,前一交易日本行业涨停样本缺失；技术筛选图形缺失；龙虎榜未上榜或未匹配；仅可作为盘后缺失项；T+1行情缺失或未收盘：2026-09-22,AKShare/Eastmoney pools + local technical screener + local stock_personality_history/history detail + Eastmoney LHB
2026-09-21,2026-09-22,002900,哈三联,涨停,1,10.042194366455078,13.04,,313910720.0,12.494973182678223,10:37:15,10:47:30,1,,化学制药,6,10,指数上涨,情绪上升,,,0,7,2,2,2,谨慎可打,,中：需看集合竞价承接,待验证/行情缺失,,,,,,,,,,,,False,,,,,,股性中性,5,3,0.6,5,3,0.6,0.00916522893482028,0.07122437631679057,0.6,3,0,0.0,0.0,0.00916522893482028,0.07122437631679057,,5,0.4,0.6,0.00916522893482028,0.0,0.07122437631679057,0.017105425349040713,,,,,,收盘封住涨停；大环境：情绪上升，允许适度提高进攻仓位；指数环境：指数上涨；首次封板偏晚，需要板块发酵、股性或大环境确认；首板/低板位溢价弹性需依赖题材和封板质量；炸板次数1次，可接受但需看承接；换手处于可承接区间；所属行业在今日涨停/炸板热度前排：化学制药；板块内封板排序第6，情绪上升期可按后排套利处理；今日涨停家数尚可；今日炸板率不高，封板环境较好；三年股性中性：涨停样本5，次日开盘有溢价率40.0%；历史封板稳定性一般：涨停/炸板样本中未封住比例60.0%,,收盘封住涨停；大环境：情绪上升，允许适度提高进攻仓位；指数环境：指数上涨；首次封板偏晚，需要板块发酵、股性或大环境确认；首板/低板位溢价弹性需依赖题材和封板质量；炸板次数1次，可接受但需看承接；换手处于可承接区间；所属行业在今日涨停/炸板热度前排：化学制药；板块内封板排序第6，情绪上升期可按后排套利处理；今日涨停家数尚可；今日炸板率不高，封板环境较好；三年股性中性：涨停样本5，次日开盘有溢价率40.0%；历史封板稳定性一般：涨停/炸板样本中未封住比例60.0%,前一交易日本行业涨停样本缺失；技术筛选图形缺失；龙虎榜未上榜或未匹配；仅可作为盘后缺失项；T+1行情缺失或未收盘：2026-09-22,AKShare/Eastmoney pools + local technical screener + local stock_personality_history/history detail + Eastmoney LHB
2026-09-21,2026-09-22,002907,华森制药,涨停,1,10.028860092163086,15.25,,364810480.0,7.1961469650268555,10:37:30,10:37:30,0,,中药Ⅱ,2,2,指数上涨,情绪上升,,,0,9,0,0,0,可以打板,,低/可控,待验证/行情缺失,,,,,,,,,,,,False,,,,,,样本不足,1,0,0.0,1,0,0.0,0.008894536213468918,0.09911054637865324,0.0,0,0,,,0.008894536213468918,0.09911054637865324,,1,1.0,0.0,0.008894536213468918,0.008894536213468918,0.09911054637865324,0.029224904701397714,,,,,,收盘封住涨停；大环境：情绪上升，允许适度提高进攻仓位；指数环境：指数上涨；首次封板偏晚，需要板块发酵、股性或大环境确认；首板/低板位溢价弹性需依赖题材和封板质量；未炸板；换手处于可承接区间；题材/行业热度一般：中药Ⅱ；板块内封板排序第2，属于日内前排；今日涨停家数尚可；今日炸板率不高，封板环境较好,,收盘封住涨停；大环境：情绪上升，允许适度提高进攻仓位；指数环境：指数上涨；首次封板偏晚，需要板块发酵、股性或大环境确认；首板/低板位溢价弹性需依赖题材和封板质量；未炸板；换手处于可承接区间；题材/行业热度一般：中药Ⅱ；板块内封板排序第2，属于日内前排；今日涨停家数尚可；今日炸板率不高，封板环境较好,前一交易日本行业涨停样本缺失；技术筛选图形缺失；同股历史涨停溢价样本不足；龙虎榜未上榜或未匹配；仅可作为盘后缺失项；T+1行情缺失或未收盘：2026-09-22,AKShare/Eastmoney pools + local technical screener + local stock_personality_history/history detail + Eastmoney LHB
2026-09-21,2026-09-22,300110,华仁药业,涨停,1,20.0729923248291,3.29,,601594896.0,15.888304710388184,10:38:48,13:06:33,3,,化学制药,7,10,指数上涨,情绪上升,,,0,7,2,2,2,谨慎可打,,中：需看集合竞价承接,待验证/行情缺失,,,,,,,,,,,,False,,,,,,样本不足,,,,,,,,,,,,,,,,,,,,,,,,是,9.733654975891113,,,,收盘封住涨停；大环境：情绪上升，允许适度提高进攻仓位；指数环境：指数上涨；首次封板偏晚，需要板块发酵、股性或大环境确认；首板/低板位溢价弹性需依赖题材和封板质量；炸板次数3次，封板稳定性一般；换手处于可承接区间；所属行业在今日涨停/炸板热度前排：化学制药；板块内封板排序第7，情绪上升期可按后排套利处理；图形新高或强势池新高；今日涨停家数尚可；今日炸板率不高，封板环境较好,,收盘封住涨停；大环境：情绪上升，允许适度提高进攻仓位；指数环境：指数上涨；首次封板偏晚，需要板块发酵、股性或大环境确认；首板/低板位溢价弹性需依赖题材和封板质量；炸板次数3次，封板稳定性一般；换手处于可承接区间；所属行业在今日涨停/炸板热度前排：化学制药；板块内封板排序第7，情绪上升期可按后排套利处理；图形新高或强势池新高；今日涨停家数尚可；今日炸板率不高，封板环境较好,前一交易日本行业涨停样本缺失；技术筛选图形缺失；同股历史涨停溢价样本不足；龙虎榜未上榜或未匹配；仅可作为盘后缺失项；T+1行情缺失或未收盘：2026-09-22,AKShare/Eastmoney pools + local technical screener + local stock_personality_history/history detail + Eastmoney LHB
2026-09-21,2026-09-22,002622,皓宸医疗,涨停,1,10.12145709991455,2.72,,119646848.0,5.435541152954102,10:47:15,10:47:15,0,,医疗服务,5,5,指数上涨,情绪上升,,,0,9,0,0,0,可以打板,,低/可控,待验证/行情缺失,,,,,,,,,,,,False,,,,,,样本不足,1,0,0.0,1,0,0.0,0.011450381679389166,0.01526717557251911,0.0,0,0,,,0.011450381679389166,0.01526717557251911,,1,1.0,0.0,0.011450381679389166,0.011450381679389166,0.01526717557251911,-0.038167938931297773,,,,,,收盘封住涨停；大环境：情绪上升，允许适度提高进攻仓位；指数环境：指数上涨；首次封板偏晚，需要板块发酵、股性或大环境确认；首板/低板位溢价弹性需依赖题材和封板质量；未炸板；换手处于可承接区间；所属行业在今日涨停/炸板热度前排：医疗服务；板块内封板排序第5，情绪上升期可按后排套利处理；今日涨停家数尚可；今日炸板率不高，封板环境较好,,收盘封住涨停；大环境：情绪上升，允许适度提高进攻仓位；指数环境：指数上涨；首次封板偏晚，需要板块发酵、股性或大环境确认；首板/低板位溢价弹性需依赖题材和封板质量；未炸板；换手处于可承接区间；所属行业在今日涨停/炸板热度前排：医疗服务；板块内封板排序第5，情绪上升期可按后排套利处理；今日涨停家数尚可；今日炸板率不高，封板环境较好,前一交易日本行业涨停样本缺失；技术筛选图形缺失；同股历史涨停溢价样本不足；龙虎榜未上榜或未匹配；仅可作为盘后缺失项；T+1行情缺失或未收盘：2026-09-22,AKShare/Eastmoney pools + local technical screener + local stock_personality_history/history detail + Eastmoney LHB
2026-09-21,2026-09-22,000566,海南海药,涨停,1,9.978307723999023,5.07,,636278608.0,9.976303100585938,10:54:57,10:54:57,0,,化学制药,8,10,指数上涨,情绪上升,,,0,9,4,4,4,谨慎可打（次日风险高）,,高：次日无溢价风险高,待验证/行情缺失,,,,,,,,,,,,False,,,,,,A杀血统高,4,1,0.25,4,1,0.25,-0.01578477016878793,0.03480226023683222,0.25,1,1,1.0,1.0,-0.01578477016878793,0.03480226023683222,谨慎可打,4,0.25,0.75,-0.01578477016878793,-0.010291595197255587,0.03480226023683222,0.006226304451672243,,,,,,收盘封住涨停；大环境：情绪上升，允许适度提高进攻仓位；指数环境：指数上涨；首次封板偏晚，需要板块发酵、股性或大环境确认；首板/低板位溢价弹性需依赖题材和封板质量；未炸板；换手处于可承接区间；所属行业在今日涨停/炸板热度前排：化学制药；板块内封板排序第8，情绪上升期可按后排套利处理；今日涨停家数尚可；今日炸板率不高，封板环境较好；三年股性偏弱：涨停样本4，次日开盘有溢价率25.0%，均值-1.6%；A杀血统指数偏高：历史炸板样本1，炸板后A杀率100.0%；A杀血统样本较少，强制退出严格可以打板名单,,收盘封住涨停；大环境：情绪上升，允许适度提高进攻仓位；指数环境：指数上涨；首次封板偏晚，需要板块发酵、股性或大环境确认；首板/低板位溢价弹性需依赖题材和封板质量；未炸板；换手处于可承接区间；所属行业在今日涨停/炸板热度前排：化学制药；板块内封板排序第8，情绪上升期可按后排套利处理；今日涨停家数尚可；今日炸板率不高，封板环境较好；三年股性偏弱：涨停样本4，次日开盘有溢价率25.0%，均值-1.6%；A杀血统指数偏高：历史炸板样本1，炸板后A杀率100.0%；A杀血统样本较少，强制退出严格可以打板名单,前一交易日本行业涨停样本缺失；技术筛选图形缺失；龙虎榜未上榜或未匹配；仅可作为盘后缺失项；T+1行情缺失或未收盘：2026-09-22,AKShare/Eastmoney pools + local technical screener + local stock_personality_history/history detail + Eastmoney LHB
2026-09-21,2026-09-22,603819,神力股份,涨停,1,10.031745910644531,17.33,,140336959.0,3.8100054264068604,11:00:35,11:00:35,0,,电机Ⅱ,1,1,指数上涨,情绪上升,,,0,9,0,0,0,可以打板,,低/可控,待验证/行情缺失,,,,,,,,,,,,False,,,,,,样本不足,,,,,,,,,,,,,,,,,,,,,,,,,,,,,收盘封住涨停；大环境：情绪上升，允许适度提高进攻仓位；指数环境：指数上涨；首次封板偏晚，需要板块发酵、股性或大环境确认；首板/低板位溢价弹性需依赖题材和封板质量；未炸板；换手处于可承接区间；题材/行业热度一般：电机Ⅱ；板块内封板排序第1，属于日内前排；今日涨停家数尚可；今日炸板率不高，封板环境较好,,收盘封住涨停；大环境：情绪上升，允许适度提高进攻仓位；指数环境：指数上涨；首次封板偏晚，需要板块发酵、股性或大环境确认；首板/低板位溢价弹性需依赖题材和封板质量；未炸板；换手处于可承接区间；题材/行业热度一般：电机Ⅱ；板块内封板排序第1，属于日内前排；今日涨停家数尚可；今日炸板率不高，封板环境较好,前一交易日本行业涨停样本缺失；技术筛选图形缺失；同股历史涨停溢价样本不足；龙虎榜未上榜或未匹配；仅可作为盘后缺失项；T+1行情缺失或未收盘：2026-09-22,AKShare/Eastmoney pools + local technical screener + local stock_personality_history/history detail + Eastmoney LHB
2026-09-21,2026-09-22,603020,爱普股份,涨停,1,9.973752975463867,12.57,,265544937.0,5.783895015716553,11:05:45,13:08:03,5,,化学制品,3,6,指数上涨,情绪上升,,,0,7,1,1,1,谨慎可打,,低/可控,待验证/行情缺失,,,,,,,,,,,,False,,,,,,样本不足,2,1,0.5,2,1,0.5,0.012981199641898034,0.045996274242427915,0.5,1,0,0.0,0.0,0.012981199641898034,0.045996274242427915,,2,0.5,0.5,0.012981199641898034,0.012981199641898034,0.045996274242427915,-0.037919462814386184,,,,,,收盘封住涨停；大环境：情绪上升，允许适度提高进攻仓位；指数环境：指数上涨；首次封板偏晚，需要板块发酵、股性或大环境确认；首板/低板位溢价弹性需依赖题材和封板质量；炸板次数5次，封板稳定性一般；换手处于可承接区间；所属行业在今日涨停/炸板热度前排：化学制品；板块内封板排序第3，属于日内前排；今日涨停家数尚可；今日炸板率不高，封板环境较好,,收盘封住涨停；大环境：情绪上升，允许适度提高进攻仓位；指数环境：指数上涨；首次封板偏晚，需要板块发酵、股性或大环境确认；首板/低板位溢价弹性需依赖题材和封板质量；炸板次数5次，封板稳定性一般；换手处于可承接区间；所属行业在今日涨停/炸板热度前排：化学制品；板块内封板排序第3，属于日内前排；今日涨停家数尚可；今日炸板率不高，封板环境较好,前一交易日本行业涨停样本缺失；技术筛选图形缺失；同股历史涨停溢价样本不足；龙虎榜未上榜或未匹配；仅可作为盘后缺失项；T+1行情缺失或未收盘：2026-09-22,AKShare/Eastmoney pools + local technical screener + local stock_personality_history/history detail + Eastmoney LHB
2026-09-21,2026-09-22,603395,红四方,涨停,1,10.007819175720215,28.14,,447178208.0,25.368186950683594,11:06:16,13:02:31,2,,农化制品,1,1,指数上涨,情绪上升,,,0,6,7,7,7,不能打板,,高：次日无溢价风险高,待验证/行情缺失,,,,,,,,,,,,False,,,,,,A杀血统高,3,2,0.6666666666666666,3,2,0.6666666666666666,-0.014841218665614645,0.06118220507713216,0.6666666666666666,2,1,0.5,0.5,-0.014841218665614645,0.06118220507713216,谨慎可打,3,0.3333333333333333,0.6666666666666666,-0.014841218665614645,-0.022580645161290325,0.06118220507713216,-0.0039581521719431745,,,,,,收盘封住涨停；大环境：情绪上升，允许适度提高进攻仓位；指数环境：指数上涨；首次封板偏晚，需要板块发酵、股性或大环境确认；首板/低板位溢价弹性需依赖题材和封板质量；炸板次数2次，可接受但需看承接；换手过高，次日抛压风险上升；题材/行业热度一般：农化制品；板块内封板排序第1，属于日内前排；今日涨停家数尚可；今日炸板率不高，封板环境较好；三年股性偏弱：涨停样本3，次日开盘有溢价率33.3%，均值-1.5%；历史封板稳定性一般：涨停/炸板样本中未封住比例66.7%；A杀血统指数偏高：历史炸板样本2，炸板后A杀率50.0%；A杀血统样本较少，强制退出严格可以打板名单,,收盘封住涨停；大环境：情绪上升，允许适度提高进攻仓位；指数环境：指数上涨；首次封板偏晚，需要板块发酵、股性或大环境确认；首板/低板位溢价弹性需依赖题材和封板质量；炸板次数2次，可接受但需看承接；换手过高，次日抛压风险上升；题材/行业热度一般：农化制品；板块内封板排序第1，属于日内前排；今日涨停家数尚可；今日炸板率不高，封板环境较好；三年股性偏弱：涨停样本3，次日开盘有溢价率33.3%，均值-1.5%；历史封板稳定性一般：涨停/炸板样本中未封住比例66.7%；A杀血统指数偏高：历史炸板样本2，炸板后A杀率50.0%；A杀血统样本较少，强制退出严格可以打板名单,前一交易日本行业涨停样本缺失；技术筛选图形缺失；龙虎榜未上榜或未匹配；仅可作为盘后缺失项；T+1行情缺失或未收盘：2026-09-22,AKShare/Eastmoney pools + local technical screener + local stock_personality_history/history detail + Eastmoney LHB
2026-09-21,2026-09-22,002259,升达林业,涨停,1,9.975668907165527,4.52,,217607335.0,6.536505222320557,11:07:03,13:52:33,8,,燃气Ⅱ,1,1,指数上涨,情绪上升,,,0,5,3,3,3,谨慎可打,,中：需看集合竞价承接,待验证/行情缺失,,,,,,,,,,,,False,,,,,,样本不足,1,0,0.0,1,0,0.0,0.004773269689737347,0.01193317422434359,0.0,0,0,,,0.004773269689737347,0.01193317422434359,,1,1.0,0.0,0.004773269689737347,0.004773269689737347,0.01193317422434359,-0.019093078758949944,,,,,,收盘封住涨停；大环境：情绪上升，允许适度提高进攻仓位；指数环境：指数上涨；首次封板偏晚，需要板块发酵、股性或大环境确认；首板/低板位溢价弹性需依赖题材和封板质量；炸板次数8次，封板分歧大；换手处于可承接区间；题材/行业热度一般：燃气Ⅱ；板块内封板排序第1，属于日内前排；今日涨停家数尚可；今日炸板率不高，封板环境较好,,收盘封住涨停；大环境：情绪上升，允许适度提高进攻仓位；指数环境：指数上涨；首次封板偏晚，需要板块发酵、股性或大环境确认；首板/低板位溢价弹性需依赖题材和封板质量；炸板次数8次，封板分歧大；换手处于可承接区间；题材/行业热度一般：燃气Ⅱ；板块内封板排序第1，属于日内前排；今日涨停家数尚可；今日炸板率不高，封板环境较好,前一交易日本行业涨停样本缺失；技术筛选图形缺失；同股历史涨停溢价样本不足；龙虎榜未上榜或未匹配；仅可作为盘后缺失项；T+1行情缺失或未收盘：2026-09-22,AKShare/Eastmoney pools + local technical screener + local stock_personality_history/history detail + Eastmoney LHB
2026-09-21,2026-09-22,600503,华丽家族,涨停,1,9.954751014709473,2.43,,206028592.0,5.490908145904541,11:14:57,11:14:57,0,,房地产开,1,7,指数上涨,情绪上升,,,0,11,-1,-1,-1,可以打板,,低/可控,待验证/行情缺失,,,,,,,,,,,,False,,,,,,样本不足,,,,,,,,,,,,,,,,,,,,,,,,是,3.506533622741699,,,,收盘封住涨停；大环境：情绪上升，允许适度提高进攻仓位；指数环境：指数上涨；首次封板偏晚，需要板块发酵、股性或大环境确认；首板/低板位溢价弹性需依赖题材和封板质量；未炸板；换手处于可承接区间；所属行业在今日涨停/炸板热度前排：房地产开；板块内封板排序第1，属于日内前排；图形新高或强势池新高；今日涨停家数尚可；今日炸板率不高，封板环境较好,,收盘封住涨停；大环境：情绪上升，允许适度提高进攻仓位；指数环境：指数上涨；首次封板偏晚，需要板块发酵、股性或大环境确认；首板/低板位溢价弹性需依赖题材和封板质量；未炸板；换手处于可承接区间；所属行业在今日涨停/炸板热度前排：房地产开；板块内封板排序第1，属于日内前排；图形新高或强势池新高；今日涨停家数尚可；今日炸板率不高，封板环境较好,前一交易日本行业涨停样本缺失；技术筛选图形缺失；同股历史涨停溢价样本不足；龙虎榜未上榜或未匹配；仅可作为盘后缺失项；T+1行情缺失或未收盘：2026-09-22,AKShare/Eastmoney pools + local technical screener + local stock_personality_history/history detail + Eastmoney LHB
2026-09-21,2026-09-22,000020,深华发Ａ,涨停,1,10.030863761901855,14.26,,184250983.0,7.413936138153076,11:17:06,11:17:24,1,,光学光电,3,3,指数上涨,情绪上升,,,0,7,4,4,4,谨慎可打（次日风险高）,,高：次日无溢价风险高,待验证/行情缺失,,,,,,,,,,,,False,,,,,,A杀血统高,2,1,0.5,2,1,0.5,0.00834517219419001,0.03892617449664432,0.5,1,1,1.0,1.0,0.00834517219419001,0.03892617449664432,谨慎可打,2,0.5,0.5,0.00834517219419001,0.00834517219419001,0.03892617449664432,-0.006204379562043727,,,,,,收盘封住涨停；大环境：情绪上升，允许适度提高进攻仓位；指数环境：指数上涨；首次封板偏晚，需要板块发酵、股性或大环境确认；首板/低板位溢价弹性需依赖题材和封板质量；炸板次数1次，可接受但需看承接；换手处于可承接区间；题材/行业热度一般：光学光电；板块内封板排序第3，属于日内前排；今日涨停家数尚可；今日炸板率不高，封板环境较好；A杀血统指数偏高：历史炸板样本1，炸板后A杀率100.0%；A杀血统样本较少，强制退出严格可以打板名单,,收盘封住涨停；大环境：情绪上升，允许适度提高进攻仓位；指数环境：指数上涨；首次封板偏晚，需要板块发酵、股性或大环境确认；首板/低板位溢价弹性需依赖题材和封板质量；炸板次数1次，可接受但需看承接；换手处于可承接区间；题材/行业热度一般：光学光电；板块内封板排序第3，属于日内前排；今日涨停家数尚可；今日炸板率不高，封板环境较好；A杀血统指数偏高：历史炸板样本1，炸板后A杀率100.0%；A杀血统样本较少，强制退出严格可以打板名单,前一交易日本行业涨停样本缺失；技术筛选图形缺失；同股历史涨停溢价样本不足；龙虎榜未上榜或未匹配；仅可作为盘后缺失项；T+1行情缺失或未收盘：2026-09-22,AKShare/Eastmoney pools + local technical screener + local stock_personality_history/history detail + Eastmoney LHB
2026-09-21,2026-09-22,600606,绿地控股,涨停,2,10.344827651977539,1.6,,847489744.0,3.957540273666382,11:18:05,11:18:05,0,,房地产开,2,7,指数上涨,情绪上升,,,0,13,-2,-2,-2,可以打板,,低/可控,待验证/行情缺失,,,,,,,,,,,,False,,,,,,样本不足,1,0,0.0,1,0,0.0,0.0620689655172415,0.10344827586206895,0.0,0,0,,,0.0620689655172415,0.10344827586206895,,1,1.0,0.0,0.0620689655172415,0.0620689655172415,0.10344827586206895,0.10344827586206895,是,3.8027985095977783,,,,收盘封住涨停；大环境：情绪上升，允许适度提高进攻仓位；指数环境：指数上涨；首次封板偏晚，需要板块发酵、股性或大环境确认；2板承接优于普通首板；未炸板；换手处于可承接区间；所属行业在今日涨停/炸板热度前排：房地产开；板块内封板排序第2，属于日内前排；图形新高或强势池新高；今日涨停家数尚可；今日炸板率不高，封板环境较好,,收盘封住涨停；大环境：情绪上升，允许适度提高进攻仓位；指数环境：指数上涨；首次封板偏晚，需要板块发酵、股性或大环境确认；2板承接优于普通首板；未炸板；换手处于可承接区间；所属行业在今日涨停/炸板热度前排：房地产开；板块内封板排序第2，属于日内前排；图形新高或强势池新高；今日涨停家数尚可；今日炸板率不高，封板环境较好,前一交易日本行业涨停样本缺失；技术筛选图形缺失；同股历史涨停溢价样本不足；龙虎榜未上榜或未匹配；仅可作为盘后缺失项；T+1行情缺失或未收盘：2026-09-22,AKShare/Eastmoney pools + local technical screener + local stock_personality_history/history detail + Eastmoney LHB
2026-09-21,2026-09-22,601579,会稽山,涨停,2,9.98781967163086,36.12,,1178539408.0,7.1902995109558105,11:18:48,11:18:48,0,,非白酒,1,1,指数上涨,情绪上升,,,0,13,-1,-1,-1,可以打板,,低/可控,待验证/行情缺失,,,,,,,,,,,,False,,,,,,股性偏强,5,5,1.0,5,5,1.0,0.019137540264701325,0.0795596084071506,1.0,5,0,0.0,0.0,0.019137540264701325,0.0795596084071506,,4,1.0,0.0,0.019137540264701325,0.018773274457821065,0.0795596084071506,0.02406562573684265,是,1.367088794708252,,,,收盘封住涨停；大环境：情绪上升，允许适度提高进攻仓位；指数环境：指数上涨；首次封板偏晚，需要板块发酵、股性或大环境确认；2板承接优于普通首板；未炸板；换手处于可承接区间；题材/行业热度一般：非白酒；板块内封板排序第1，属于日内前排；图形新高或强势池新高；今日涨停家数尚可；今日炸板率不高，封板环境较好；三年股性偏强：涨停样本5，次日开盘有溢价率100.0%，均值1.9%；历史封板稳定性一般：涨停/炸板样本中未封住比例100.0%,,收盘封住涨停；大环境：情绪上升，允许适度提高进攻仓位；指数环境：指数上涨；首次封板偏晚，需要板块发酵、股性或大环境确认；2板承接优于普通首板；未炸板；换手处于可承接区间；题材/行业热度一般：非白酒；板块内封板排序第1，属于日内前排；图形新高或强势池新高；今日涨停家数尚可；今日炸板率不高，封板环境较好；三年股性偏强：涨停样本5，次日开盘有溢价率100.0%，均值1.9%；历史封板稳定性一般：涨停/炸板样本中未封住比例100.0%,前一交易日本行业涨停样本缺失；技术筛选图形缺失；龙虎榜未上榜或未匹配；仅可作为盘后缺失项；T+1行情缺失或未收盘：2026-09-22,AKShare/Eastmoney pools + local technical screener + local stock_personality_history/history detail + Eastmoney LHB
2026-09-21,2026-09-22,300829,金丹科技,涨停,1,20.018665313720703,25.72,,779988896.0,19.393888473510742,13:00:51,13:15:51,1,,化学制品,4,6,指数上涨,情绪上升,,,0,7,1,1,1,谨慎可打,,低/可控,待验证/行情缺失,,,,,,,,,,,,False,,,,,,样本不足,,,,,,,,,,,,,,,,,,,,,,,,是,1.5522992610931396,,,,收盘封住涨停；大环境：情绪上升，允许适度提高进攻仓位；指数环境：指数上涨；首次封板偏晚，需要板块发酵、股性或大环境确认；首板/低板位溢价弹性需依赖题材和封板质量；炸板次数1次，可接受但需看承接；所属行业在今日涨停/炸板热度前排：化学制品；板块内封板排序第4，情绪上升期可按后排套利处理；图形新高或强势池新高；今日涨停家数尚可；今日炸板率不高，封板环境较好,,收盘封住涨停；大环境：情绪上升，允许适度提高进攻仓位；指数环境：指数上涨；首次封板偏晚，需要板块发酵、股性或大环境确认；首板/低板位溢价弹性需依赖题材和封板质量；炸板次数1次，可接受但需看承接；所属行业在今日涨停/炸板热度前排：化学制品；板块内封板排序第4，情绪上升期可按后排套利处理；图形新高或强势池新高；今日涨停家数尚可；今日炸板率不高，封板环境较好,前一交易日本行业涨停样本缺失；技术筛选图形缺失；同股历史涨停溢价样本不足；龙虎榜未上榜或未匹配；仅可作为盘后缺失项；T+1行情缺失或未收盘：2026-09-22,AKShare/Eastmoney pools + local technical screener + local stock_personality_history/history detail + Eastmoney LHB
2026-09-21,2026-09-22,000995,皇台酒业,涨停,1,9.963099479675293,11.92,,130223754.0,6.3530378341674805,13:01:09,13:01:09,0,,白酒Ⅱ,1,1,指数上涨,情绪上升,,,0,9,0,0,0,可以打板,,低/可控,待验证/行情缺失,,,,,,,,,,,,False,,,,,,样本不足,,,,,,,,,,,,,,,,,,,,,,,,,,,,,收盘封住涨停；大环境：情绪上升，允许适度提高进攻仓位；指数环境：指数上涨；首次封板偏晚，需要板块发酵、股性或大环境确认；首板/低板位溢价弹性需依赖题材和封板质量；未炸板；换手处于可承接区间；题材/行业热度一般：白酒Ⅱ；板块内封板排序第1，属于日内前排；今日涨停家数尚可；今日炸板率不高，封板环境较好,,收盘封住涨停；大环境：情绪上升，允许适度提高进攻仓位；指数环境：指数上涨；首次封板偏晚，需要板块发酵、股性或大环境确认；首板/低板位溢价弹性需依赖题材和封板质量；未炸板；换手处于可承接区间；题材/行业热度一般：白酒Ⅱ；板块内封板排序第1，属于日内前排；今日涨停家数尚可；今日炸板率不高，封板环境较好,前一交易日本行业涨停样本缺失；技术筛选图形缺失；同股历史涨停溢价样本不足；龙虎榜未上榜或未匹配；仅可作为盘后缺失项；T+1行情缺失或未收盘：2026-09-22,AKShare/Eastmoney pools + local technical screener + local stock_personality_history/history detail + Eastmoney LHB
2026-09-21,2026-09-22,603958,哈森股份,涨停,1,10.0,18.37,,381515904.0,9.702284812927246,13:04:55,14:04:01,7,,服装家纺,4,4,指数上涨,情绪上升,,,0,3,7,7,7,不能打板,,高：次日无溢价风险高,待验证/行情缺失,,,,,,,,,,,,False,,,,,,股性偏弱,4,2,0.5,4,2,0.5,-0.0077813819794251005,0.03149447243960579,0.5,2,0,0.0,0.0,-0.0077813819794251005,0.03149447243960579,,4,0.25,0.75,-0.0077813819794251005,-0.014601769911504414,0.03149447243960579,-0.013933722038614399,,,,,,收盘封住涨停；大环境：情绪上升，允许适度提高进攻仓位；指数环境：指数上涨；首次封板偏晚，需要板块发酵、股性或大环境确认；首板/低板位溢价弹性需依赖题材和封板质量；炸板次数7次，封板分歧大；换手处于可承接区间；题材/行业热度一般：服装家纺；板块内封板排序第4，不是日内前排；今日涨停家数尚可；今日炸板率不高，封板环境较好；三年股性偏弱：涨停样本4，次日开盘有溢价率25.0%，均值-0.8%；历史封板稳定性一般：涨停/炸板样本中未封住比例50.0%,,收盘封住涨停；大环境：情绪上升，允许适度提高进攻仓位；指数环境：指数上涨；首次封板偏晚，需要板块发酵、股性或大环境确认；首板/低板位溢价弹性需依赖题材和封板质量；炸板次数7次，封板分歧大；换手处于可承接区间；题材/行业热度一般：服装家纺；板块内封板排序第4，不是日内前排；今日涨停家数尚可；今日炸板率不高，封板环境较好；三年股性偏弱：涨停样本4，次日开盘有溢价率25.0%，均值-0.8%；历史封板稳定性一般：涨停/炸板样本中未封住比例50.0%,前一交易日本行业涨停样本缺失；技术筛选图形缺失；龙虎榜未上榜或未匹配；仅可作为盘后缺失项；T+1行情缺失或未收盘：2026-09-22,AKShare/Eastmoney pools + local technical screener + local stock_personality_history/history detail + Eastmoney LHB
2026-09-21,2026-09-22,000560,我爱我家,涨停,1,10.0,3.19,,1304403936.0,18.57851791381836,13:06:30,13:06:30,0,,房地产服,2,3,指数上涨,情绪上升,,,0,8,5,5,5,不能打板,,高：次日无溢价风险高,待验证/行情缺失,,,,,,,,,,,,False,,,,,,A杀血统高,6,3,0.5,6,3,0.5,0.011395318943434393,0.054222871966586615,0.5,3,1,0.3333333333333333,0.3333333333333333,0.011395318943434393,0.054222871966586615,禁止打板,6,0.3333333333333333,0.6666666666666666,0.011395318943434393,-0.006349206349206382,0.054222871966586615,0.016693615083642383,,,,,,收盘封住涨停；大环境：情绪上升，允许适度提高进攻仓位；指数环境：指数上涨；首次封板偏晚，需要板块发酵、股性或大环境确认；首板/低板位溢价弹性需依赖题材和封板质量；未炸板；题材/行业热度一般：房地产服；板块内封板排序第2，属于日内前排；今日涨停家数尚可；今日炸板率不高，封板环境较好；三年股性偏弱：涨停样本6，次日开盘有溢价率33.3%，均值1.1%；历史封板稳定性一般：涨停/炸板样本中未封住比例50.0%；A杀血统指数偏高：历史炸板样本3，炸板后A杀率33.3%；历史炸板A杀率>30%，按股性记忆强制禁止打板,,收盘封住涨停；大环境：情绪上升，允许适度提高进攻仓位；指数环境：指数上涨；首次封板偏晚，需要板块发酵、股性或大环境确认；首板/低板位溢价弹性需依赖题材和封板质量；未炸板；题材/行业热度一般：房地产服；板块内封板排序第2，属于日内前排；今日涨停家数尚可；今日炸板率不高，封板环境较好；三年股性偏弱：涨停样本6，次日开盘有溢价率33.3%，均值1.1%；历史封板稳定性一般：涨停/炸板样本中未封住比例50.0%；A杀血统指数偏高：历史炸板样本3，炸板后A杀率33.3%；历史炸板A杀率>30%，按股性记忆强制禁止打板,前一交易日本行业涨停样本缺失；技术筛选图形缺失；龙虎榜未上榜或未匹配；仅可作为盘后缺失项；T+1行情缺失或未收盘：2026-09-22,AKShare/Eastmoney pools + local technical screener + local stock_personality_history/history detail + Eastmoney LHB
2026-09-21,2026-09-22,002963,豪尔赛,涨停,1,10.019454956054688,22.62,,211362947.0,6.497509956359863,13:07:57,13:07:57,0,,装修装饰,1,2,指数上涨,情绪上升,,,0,10,0,0,0,可以打板,,低/可控,待验证/行情缺失,,,,,,,,,,,,False,,,,,,股性偏强,11,5,0.45454545454545453,11,5,0.45454545454545453,0.03564715562423428,0.07375869694531838,0.45454545454545453,5,0,0.0,0.0,0.03564715562423428,0.07375869694531838,,11,0.8181818181818182,0.18181818181818182,0.03564715562423428,0.03803131991051445,0.07375869694531838,0.026181553236738916,否,1.5628794431686401,,,,收盘封住涨停；大环境：情绪上升，允许适度提高进攻仓位；指数环境：指数上涨；首次封板偏晚，需要板块发酵、股性或大环境确认；首板/低板位溢价弹性需依赖题材和封板质量；未炸板；换手处于可承接区间；题材/行业热度一般：装修装饰；板块内封板排序第1，属于日内前排；今日涨停家数尚可；今日炸板率不高，封板环境较好；三年股性偏强：涨停样本11，次日开盘有溢价率81.8%，均值3.6%；历史封板稳定性一般：涨停/炸板样本中未封住比例45.5%,,收盘封住涨停；大环境：情绪上升，允许适度提高进攻仓位；指数环境：指数上涨；首次封板偏晚，需要板块发酵、股性或大环境确认；首板/低板位溢价弹性需依赖题材和封板质量；未炸板；换手处于可承接区间；题材/行业热度一般：装修装饰；板块内封板排序第1，属于日内前排；今日涨停家数尚可；今日炸板率不高，封板环境较好；三年股性偏强：涨停样本11，次日开盘有溢价率81.8%，均值3.6%；历史封板稳定性一般：涨停/炸板样本中未封住比例45.5%,前一交易日本行业涨停样本缺失；技术筛选图形缺失；龙虎榜未上榜或未匹配；仅可作为盘后缺失项；T+1行情缺失或未收盘：2026-09-22,AKShare/Eastmoney pools + local technical screener + local stock_personality_history/history detail + Eastmoney LHB
2026-09-21,2026-09-22,600857,宁波中百,涨停,1,10.009398460388184,23.41,,185120753.0,3.6823172569274902,13:08:47,13:08:47,0,,一般零售,4,4,指数上涨,情绪上升,,,0,8,2,2,2,可以打板,,中：需看集合竞价承接,待验证/行情缺失,,,,,,,,,,,,False,,,,,,股性偏强,4,4,1.0,4,4,1.0,0.009983277597240242,0.06916518771009372,1.0,4,0,0.0,0.0,0.009983277597240242,0.06916518771009372,,4,0.75,0.25,0.009983277597240242,0.004471944884428702,0.06916518771009372,0.036363883666307606,,,,,,收盘封住涨停；大环境：情绪上升，允许适度提高进攻仓位；指数环境：指数上涨；首次封板偏晚，需要板块发酵、股性或大环境确认；首板/低板位溢价弹性需依赖题材和封板质量；未炸板；换手处于可承接区间；题材/行业热度一般：一般零售；板块内封板排序第4，不是日内前排；今日涨停家数尚可；今日炸板率不高，封板环境较好；三年股性偏强：涨停样本4，次日开盘有溢价率75.0%，均值1.0%；历史封板稳定性一般：涨停/炸板样本中未封住比例100.0%,,收盘封住涨停；大环境：情绪上升，允许适度提高进攻仓位；指数环境：指数上涨；首次封板偏晚，需要板块发酵、股性或大环境确认；首板/低板位溢价弹性需依赖题材和封板质量；未炸板；换手处于可承接区间；题材/行业热度一般：一般零售；板块内封板排序第4，不是日内前排；今日涨停家数尚可；今日炸板率不高，封板环境较好；三年股性偏强：涨停样本4，次日开盘有溢价率75.0%，均值1.0%；历史封板稳定性一般：涨停/炸板样本中未封住比例100.0%,前一交易日本行业涨停样本缺失；技术筛选图形缺失；龙虎榜未上榜或未匹配；仅可作为盘后缺失项；T+1行情缺失或未收盘：2026-09-22,AKShare/Eastmoney pools + local technical screener + local stock_personality_history/history detail + Eastmoney LHB
2026-09-21,2026-09-22,001201,东瑞股份,涨停,1,9.986320495605469,16.08,,260695826.0,7.893470764160156,13:10:33,13:10:33,0,,养殖业,2,2,指数上涨,情绪上升,,,0,10,0,0,0,可以打板,,低/可控,待验证/行情缺失,,,,,,,,,,,,False,,,,,,样本不足,,,,,,,,,,,,,,,,,,,,,,,,是,1.50982666015625,,,,收盘封住涨停；大环境：情绪上升，允许适度提高进攻仓位；指数环境：指数上涨；首次封板偏晚，需要板块发酵、股性或大环境确认；首板/低板位溢价弹性需依赖题材和封板质量；未炸板；换手处于可承接区间；题材/行业热度一般：养殖业；板块内封板排序第2，属于日内前排；图形新高或强势池新高；今日涨停家数尚可；今日炸板率不高，封板环境较好,,收盘封住涨停；大环境：情绪上升，允许适度提高进攻仓位；指数环境：指数上涨；首次封板偏晚，需要板块发酵、股性或大环境确认；首板/低板位溢价弹性需依赖题材和封板质量；未炸板；换手处于可承接区间；题材/行业热度一般：养殖业；板块内封板排序第2，属于日内前排；图形新高或强势池新高；今日涨停家数尚可；今日炸板率不高，封板环境较好,前一交易日本行业涨停样本缺失；技术筛选图形缺失；同股历史涨停溢价样本不足；龙虎榜未上榜或未匹配；仅可作为盘后缺失项；T+1行情缺失或未收盘：2026-09-22,AKShare/Eastmoney pools + local technical screener + local stock_personality_history/history detail + Eastmoney LHB
2026-09-21,2026-09-22,605196,华通线缆,涨停,1,10.009532928466797,34.62,,608717520.0,3.5453031063079834,13:16:49,13:16:49,0,,电网设备,3,3,指数上涨,情绪上升,,,0,9,0,0,0,可以打板,,低/可控,待验证/行情缺失,,,,,,,,,,,,False,,,,,,样本不足,,,,,,,,,,,,,,,,,,,,,,,,,,,,,收盘封住涨停；大环境：情绪上升，允许适度提高进攻仓位；指数环境：指数上涨；首次封板偏晚，需要板块发酵、股性或大环境确认；首板/低板位溢价弹性需依赖题材和封板质量；未炸板；换手处于可承接区间；题材/行业热度一般：电网设备；板块内封板排序第3，属于日内前排；今日涨停家数尚可；今日炸板率不高，封板环境较好,,收盘封住涨停；大环境：情绪上升，允许适度提高进攻仓位；指数环境：指数上涨；首次封板偏晚，需要板块发酵、股性或大环境确认；首板/低板位溢价弹性需依赖题材和封板质量；未炸板；换手处于可承接区间；题材/行业热度一般：电网设备；板块内封板排序第3，属于日内前排；今日涨停家数尚可；今日炸板率不高，封板环境较好,前一交易日本行业涨停样本缺失；技术筛选图形缺失；同股历史涨停溢价样本不足；龙虎榜未上榜或未匹配；仅可作为盘后缺失项；T+1行情缺失或未收盘：2026-09-22,AKShare/Eastmoney pools + local technical screener + local stock_personality_history/history detail + Eastmoney LHB
2026-09-21,2026-09-22,002285,世联行,涨停,4,10.034602165222168,3.18,,859237552.0,14.727672576904297,13:17:06,13:17:06,0,,房地产服,3,3,指数上涨,情绪上升,,,0,13,2,2,2,谨慎可打,,中：需看集合竞价承接,待验证/行情缺失,,,,,,,,,,,,False,,,,,,股性偏弱,6,6,1.0,6,6,1.0,-0.0002657289821975291,0.056118642614161995,1.0,6,1,0.16666666666666666,0.16666666666666666,-0.0002657289821975291,0.056118642614161995,,6,0.16666666666666666,0.8333333333333334,-0.0002657289821975291,-0.009163629665688622,0.056118642614161995,0.037543982772891504,是,2.339503765106201,,,,收盘封住涨停；大环境：情绪上升，允许适度提高进攻仓位；指数环境：指数上涨；首次封板偏晚，需要板块发酵、股性或大环境确认；3板以上有辨识度；未炸板；换手处于可承接区间；题材/行业热度一般：房地产服；板块内封板排序第3，属于日内前排；图形新高或强势池新高；今日涨停家数尚可；今日炸板率不高，封板环境较好；三年股性偏弱：涨停样本6，次日开盘有溢价率16.7%，均值-0.0%；历史封板稳定性一般：涨停/炸板样本中未封住比例100.0%；三年股性偏弱，不进入严格可以打板名单,,收盘封住涨停；大环境：情绪上升，允许适度提高进攻仓位；指数环境：指数上涨；首次封板偏晚，需要板块发酵、股性或大环境确认；3板以上有辨识度；未炸板；换手处于可承接区间；题材/行业热度一般：房地产服；板块内封板排序第3，属于日内前排；图形新高或强势池新高；今日涨停家数尚可；今日炸板率不高，封板环境较好；三年股性偏弱：涨停样本6，次日开盘有溢价率16.7%，均值-0.0%；历史封板稳定性一般：涨停/炸板样本中未封住比例100.0%；三年股性偏弱，不进入严格可以打板名单,前一交易日本行业涨停样本缺失；技术筛选图形缺失；龙虎榜未上榜或未匹配；仅可作为盘后缺失项；T+1行情缺失或未收盘：2026-09-22,AKShare/Eastmoney pools + local technical screener + local stock_personality_history/history detail + Eastmoney LHB
2026-09-21,2026-09-22,600325,华发股份,涨停,1,10.080645561218262,2.73,,418253712.0,5.845544338226318,13:22:07,13:30:46,5,,房地产开,4,7,指数上涨,情绪上升,,,0,7,2,2,2,谨慎可打,,中：需看集合竞价承接,待验证/行情缺失,,,,,,,,,,,,False,,,,,,样本不足,,,,,,,,,,,,,,,,,,,,,,,,是,2.850212574005127,,,,收盘封住涨停；大环境：情绪上升，允许适度提高进攻仓位；指数环境：指数上涨；首次封板偏晚，需要板块发酵、股性或大环境确认；首板/低板位溢价弹性需依赖题材和封板质量；炸板次数5次，封板稳定性一般；换手处于可承接区间；所属行业在今日涨停/炸板热度前排：房地产开；板块内封板排序第4，情绪上升期可按后排套利处理；图形新高或强势池新高；今日涨停家数尚可；今日炸板率不高，封板环境较好,,收盘封住涨停；大环境：情绪上升，允许适度提高进攻仓位；指数环境：指数上涨；首次封板偏晚，需要板块发酵、股性或大环境确认；首板/低板位溢价弹性需依赖题材和封板质量；炸板次数5次，封板稳定性一般；换手处于可承接区间；所属行业在今日涨停/炸板热度前排：房地产开；板块内封板排序第4，情绪上升期可按后排套利处理；图形新高或强势池新高；今日涨停家数尚可；今日炸板率不高，封板环境较好,前一交易日本行业涨停样本缺失；技术筛选图形缺失；同股历史涨停溢价样本不足；龙虎榜未上榜或未匹配；仅可作为盘后缺失项；T+1行情缺失或未收盘：2026-09-22,AKShare/Eastmoney pools + local technical screener + local stock_personality_history/history detail + Eastmoney LHB
2026-09-21,2026-09-22,603175,超颖电子,涨停,1,10.004992485046387,110.17,,359787232.0,7.475667476654053,13:25:17,13:25:17,0,,元件,2,4,指数上涨,情绪上升,,,0,10,0,0,0,可以打板,,低/可控,待验证/行情缺失,,,,,,,,,,,,False,,,,,,样本不足,,,,,,,,,,,,,,,,,,,,,,,,是,2.0075762271881104,,,,收盘封住涨停；大环境：情绪上升，允许适度提高进攻仓位；指数环境：指数上涨；首次封板偏晚，需要板块发酵、股性或大环境确认；首板/低板位溢价弹性需依赖题材和封板质量；未炸板；换手处于可承接区间；题材/行业热度一般：元件；板块内封板排序第2，属于日内前排；图形新高或强势池新高；今日涨停家数尚可；今日炸板率不高，封板环境较好,,收盘封住涨停；大环境：情绪上升，允许适度提高进攻仓位；指数环境：指数上涨；首次封板偏晚，需要板块发酵、股性或大环境确认；首板/低板位溢价弹性需依赖题材和封板质量；未炸板；换手处于可承接区间；题材/行业热度一般：元件；板块内封板排序第2，属于日内前排；图形新高或强势池新高；今日涨停家数尚可；今日炸板率不高，封板环境较好,前一交易日本行业涨停样本缺失；技术筛选图形缺失；同股历史涨停溢价样本不足；龙虎榜未上榜或未匹配；仅可作为盘后缺失项；T+1行情缺失或未收盘：2026-09-22,AKShare/Eastmoney pools + local technical screener + local stock_personality_history/history detail + Eastmoney LHB
2026-09-21,2026-09-22,300691,联合光电,涨停,1,20.0,17.76,,504946000.0,13.562077522277832,13:29:39,13:43:33,4,,计算机设,2,2,指数上涨,情绪上升,,,0,7,2,2,2,谨慎可打,,中：需看集合竞价承接,待验证/行情缺失,,,,,,,,,,,,False,,,,,,样本不足,,,,,,,,,,,,,,,,,,,,,,,,是,10.567773818969727,,,,收盘封住涨停；大环境：情绪上升，允许适度提高进攻仓位；指数环境：指数上涨；首次封板偏晚，需要板块发酵、股性或大环境确认；首板/低板位溢价弹性需依赖题材和封板质量；炸板次数4次，封板稳定性一般；换手处于可承接区间；题材/行业热度一般：计算机设；板块内封板排序第2，属于日内前排；图形新高或强势池新高；今日涨停家数尚可；今日炸板率不高，封板环境较好,,收盘封住涨停；大环境：情绪上升，允许适度提高进攻仓位；指数环境：指数上涨；首次封板偏晚，需要板块发酵、股性或大环境确认；首板/低板位溢价弹性需依赖题材和封板质量；炸板次数4次，封板稳定性一般；换手处于可承接区间；题材/行业热度一般：计算机设；板块内封板排序第2，属于日内前排；图形新高或强势池新高；今日涨停家数尚可；今日炸板率不高，封板环境较好,前一交易日本行业涨停样本缺失；技术筛选图形缺失；同股历史涨停溢价样本不足；龙虎榜未上榜或未匹配；仅可作为盘后缺失项；T+1行情缺失或未收盘：2026-09-22,AKShare/Eastmoney pools + local technical screener + local stock_personality_history/history detail + Eastmoney LHB
2026-09-21,2026-09-22,000402,金 融 街,涨停,1,9.920635223388672,2.77,,445019120.0,5.56489372253418,13:41:15,14:56:42,7,,房地产开,7,7,指数上涨,情绪上升,,,0,5,3,3,3,谨慎可打,,中：需看集合竞价承接,待验证/行情缺失,,,,,,,,,,,,False,,,,,,样本不足,1,1,1.0,1,1,1.0,-0.03831417624521072,-0.003831417624520994,1.0,1,0,0.0,0.0,-0.03831417624521072,-0.003831417624520994,,1,0.0,1.0,-0.03831417624521072,-0.03831417624521072,-0.003831417624520994,-0.019157088122605304,,,,,,收盘封住涨停；大环境：情绪上升，允许适度提高进攻仓位；指数环境：指数上涨；首次封板偏晚，需要板块发酵、股性或大环境确认；首板/低板位溢价弹性需依赖题材和封板质量；炸板次数7次，封板分歧大；换手处于可承接区间；所属行业在今日涨停/炸板热度前排：房地产开；板块内封板排序第7，情绪上升期可按后排套利处理；今日涨停家数尚可；今日炸板率不高，封板环境较好,,收盘封住涨停；大环境：情绪上升，允许适度提高进攻仓位；指数环境：指数上涨；首次封板偏晚，需要板块发酵、股性或大环境确认；首板/低板位溢价弹性需依赖题材和封板质量；炸板次数7次，封板分歧大；换手处于可承接区间；所属行业在今日涨停/炸板热度前排：房地产开；板块内封板排序第7，情绪上升期可按后排套利处理；今日涨停家数尚可；今日炸板率不高，封板环境较好,前一交易日本行业涨停样本缺失；技术筛选图形缺失；同股历史涨停溢价样本不足；龙虎榜未上榜或未匹配；仅可作为盘后缺失项；T+1行情缺失或未收盘：2026-09-22,AKShare/Eastmoney pools + local technical screener + local stock_personality_history/history detail + Eastmoney LHB
2026-09-21,2026-09-22,002795,永和智控,涨停,1,9.986320495605469,8.04,,381138432.0,11.264263153076172,13:44:15,14:55:03,2,,通用设备,3,3,指数上涨,情绪上升,,,0,8,1,1,1,可以打板,,低/可控,待验证/行情缺失,,,,,,,,,,,,False,,,,,,样本不足,1,0,0.0,1,0,0.0,0.01983471074380172,0.04132231404958686,0.0,0,0,,,0.01983471074380172,0.04132231404958686,,1,1.0,0.0,0.01983471074380172,0.01983471074380172,0.04132231404958686,0.0033057851239670644,是,2.192436456680298,,,,收盘封住涨停；大环境：情绪上升，允许适度提高进攻仓位；指数环境：指数上涨；首次封板偏晚，需要板块发酵、股性或大环境确认；首板/低板位溢价弹性需依赖题材和封板质量；炸板次数2次，可接受但需看承接；换手处于可承接区间；题材/行业热度一般：通用设备；板块内封板排序第3，属于日内前排；图形新高或强势池新高；今日涨停家数尚可；今日炸板率不高，封板环境较好,,收盘封住涨停；大环境：情绪上升，允许适度提高进攻仓位；指数环境：指数上涨；首次封板偏晚，需要板块发酵、股性或大环境确认；首板/低板位溢价弹性需依赖题材和封板质量；炸板次数2次，可接受但需看承接；换手处于可承接区间；题材/行业热度一般：通用设备；板块内封板排序第3，属于日内前排；图形新高或强势池新高；今日涨停家数尚可；今日炸板率不高，封板环境较好,前一交易日本行业涨停样本缺失；技术筛选图形缺失；同股历史涨停溢价样本不足；龙虎榜未上榜或未匹配；仅可作为盘后缺失项；T+1行情缺失或未收盘：2026-09-22,AKShare/Eastmoney pools + local technical screener + local stock_personality_history/history detail + Eastmoney LHB
2026-09-21,2026-09-22,920427,华维设计,涨停,1,29.91754913330078,11.03,,120722155.0,23.28386878967285,13:55:57,15:00:00,2,,工程咨询,1,1,指数上涨,情绪上升,,,0,7,1,1,1,谨慎可打,,低/可控,待验证/行情缺失,,,,,,,,,,,,False,,,,,,样本不足,,,,,,,,,,,,,,,,,,,,,,,,是,15.47269058227539,,,,收盘封住涨停；大环境：情绪上升，允许适度提高进攻仓位；指数环境：指数上涨；首次封板偏晚，需要板块发酵、股性或大环境确认；首板/低板位溢价弹性需依赖题材和封板质量；炸板次数2次，可接受但需看承接；题材/行业热度一般：工程咨询；板块内封板排序第1，属于日内前排；图形新高或强势池新高；今日涨停家数尚可；今日炸板率不高，封板环境较好,,收盘封住涨停；大环境：情绪上升，允许适度提高进攻仓位；指数环境：指数上涨；首次封板偏晚，需要板块发酵、股性或大环境确认；首板/低板位溢价弹性需依赖题材和封板质量；炸板次数2次，可接受但需看承接；题材/行业热度一般：工程咨询；板块内封板排序第1，属于日内前排；图形新高或强势池新高；今日涨停家数尚可；今日炸板率不高，封板环境较好,前一交易日本行业涨停样本缺失；技术筛选图形缺失；同股历史涨停溢价样本不足；龙虎榜未上榜或未匹配；仅可作为盘后缺失项；T+1行情缺失或未收盘：2026-09-22,AKShare/Eastmoney pools + local technical screener + local stock_personality_history/history detail + Eastmoney LHB
2026-09-21,2026-09-22,002755,奥赛康,涨停,1,9.982332229614258,12.45,,432119168.0,3.839303731918335,14:05:27,14:41:00,4,,化学制药,10,10,指数上涨,情绪上升,,,0,6,2,2,2,谨慎可打,,中：需看集合竞价承接,待验证/行情缺失,,,,,,,,,,,,False,,,,,,样本不足,,,,,,,,,,,,,,,,,,,,,,,,,,,,,收盘封住涨停；大环境：情绪上升，允许适度提高进攻仓位；指数环境：指数上涨；首次封板偏晚，需要板块发酵、股性或大环境确认；首板/低板位溢价弹性需依赖题材和封板质量；炸板次数4次，封板稳定性一般；换手处于可承接区间；所属行业在今日涨停/炸板热度前排：化学制药；板块内封板排序第10，情绪上升期可按后排套利处理；今日涨停家数尚可；今日炸板率不高，封板环境较好,,收盘封住涨停；大环境：情绪上升，允许适度提高进攻仓位；指数环境：指数上涨；首次封板偏晚，需要板块发酵、股性或大环境确认；首板/低板位溢价弹性需依赖题材和封板质量；炸板次数4次，封板稳定性一般；换手处于可承接区间；所属行业在今日涨停/炸板热度前排：化学制药；板块内封板排序第10，情绪上升期可按后排套利处理；今日涨停家数尚可；今日炸板率不高，封板环境较好,前一交易日本行业涨停样本缺失；技术筛选图形缺失；同股历史涨停溢价样本不足；龙虎榜未上榜或未匹配；仅可作为盘后缺失项；T+1行情缺失或未收盘：2026-09-22,AKShare/Eastmoney pools + local technical screener + local stock_personality_history/history detail + Eastmoney LHB
2026-09-21,2026-09-22,605566,福莱蒽特,涨停,1,10.010842323303223,30.44,,193717957.0,4.944652557373047,14:10:38,14:10:38,0,,化学制品,5,6,指数上涨,情绪上升,,,0,9,0,0,0,可以打板,,低/可控,待验证/行情缺失,,,,,,,,,,,,False,,,,,,样本不足,2,1,0.5,2,1,0.5,-0.003692710902043428,0.05687742605993751,0.5,1,0,0.0,0.0,-0.003692710902043428,0.05687742605993751,,2,0.5,0.5,-0.003692710902043428,-0.003692710902043428,0.05687742605993751,-0.0014662234463996837,否,1.7325177192687988,,,,收盘封住涨停；大环境：情绪上升，允许适度提高进攻仓位；指数环境：指数上涨；首次封板偏晚，需要板块发酵、股性或大环境确认；首板/低板位溢价弹性需依赖题材和封板质量；未炸板；换手处于可承接区间；所属行业在今日涨停/炸板热度前排：化学制品；板块内封板排序第5，情绪上升期可按后排套利处理；今日涨停家数尚可；今日炸板率不高，封板环境较好,,收盘封住涨停；大环境：情绪上升，允许适度提高进攻仓位；指数环境：指数上涨；首次封板偏晚，需要板块发酵、股性或大环境确认；首板/低板位溢价弹性需依赖题材和封板质量；未炸板；换手处于可承接区间；所属行业在今日涨停/炸板热度前排：化学制品；板块内封板排序第5，情绪上升期可按后排套利处理；今日涨停家数尚可；今日炸板率不高，封板环境较好,前一交易日本行业涨停样本缺失；技术筛选图形缺失；同股历史涨停溢价样本不足；龙虎榜未上榜或未匹配；仅可作为盘后缺失项；T+1行情缺失或未收盘：2026-09-22,AKShare/Eastmoney pools + local technical screener + local stock_personality_history/history detail + Eastmoney LHB
2026-09-21,2026-09-22,002042,华孚时尚,涨停,1,9.895833969116211,4.22,,336439600.0,4.893783092498779,14:34:15,14:34:15,0,,纺织制造,2,2,指数上涨,情绪上升,,,0,9,0,0,0,可以打板,,低/可控,待验证/行情缺失,,,,,,,,,,,,False,,,,,,样本不足,,,,,,,,,,,,,,,,,,,,,,,,,,,,,收盘封住涨停；大环境：情绪上升，允许适度提高进攻仓位；指数环境：指数上涨；首次封板偏晚，需要板块发酵、股性或大环境确认；首板/低板位溢价弹性需依赖题材和封板质量；未炸板；换手处于可承接区间；题材/行业热度一般：纺织制造；板块内封板排序第2，属于日内前排；今日涨停家数尚可；今日炸板率不高，封板环境较好,,收盘封住涨停；大环境：情绪上升，允许适度提高进攻仓位；指数环境：指数上涨；首次封板偏晚，需要板块发酵、股性或大环境确认；首板/低板位溢价弹性需依赖题材和封板质量；未炸板；换手处于可承接区间；题材/行业热度一般：纺织制造；板块内封板排序第2，属于日内前排；今日涨停家数尚可；今日炸板率不高，封板环境较好,前一交易日本行业涨停样本缺失；技术筛选图形缺失；同股历史涨停溢价样本不足；龙虎榜未上榜或未匹配；仅可作为盘后缺失项；T+1行情缺失或未收盘：2026-09-22,AKShare/Eastmoney pools + local technical screener + local stock_personality_history/history detail + Eastmoney LHB
2026-09-21,2026-09-22,603093,南华期货,涨停,1,9.98427677154541,13.99,,360255632.0,3.06211519241333,14:37:14,14:37:14,0,,多元金融,2,2,指数上涨,情绪上升,,,0,9,0,0,0,可以打板,,低/可控,待验证/行情缺失,,,,,,,,,,,,False,,,,,,样本不足,2,1,0.5,2,1,0.5,-0.005288852725793269,0.05891642312747658,0.5,1,0,0.0,0.0,-0.005288852725793269,0.05891642312747658,,2,0.0,1.0,-0.005288852725793269,-0.005288852725793269,0.05891642312747658,0.03894600892629313,,,,,,收盘封住涨停；大环境：情绪上升，允许适度提高进攻仓位；指数环境：指数上涨；首次封板偏晚，需要板块发酵、股性或大环境确认；首板/低板位溢价弹性需依赖题材和封板质量；未炸板；换手处于可承接区间；题材/行业热度一般：多元金融；板块内封板排序第2，属于日内前排；今日涨停家数尚可；今日炸板率不高，封板环境较好,,收盘封住涨停；大环境：情绪上升，允许适度提高进攻仓位；指数环境：指数上涨；首次封板偏晚，需要板块发酵、股性或大环境确认；首板/低板位溢价弹性需依赖题材和封板质量；未炸板；换手处于可承接区间；题材/行业热度一般：多元金融；板块内封板排序第2，属于日内前排；今日涨停家数尚可；今日炸板率不高，封板环境较好,前一交易日本行业涨停样本缺失；技术筛选图形缺失；同股历史涨停溢价样本不足；龙虎榜未上榜或未匹配；仅可作为盘后缺失项；T+1行情缺失或未收盘：2026-09-22,AKShare/Eastmoney pools + local technical screener + local stock_personality_history/history detail + Eastmoney LHB
2026-09-21,2026-09-22,000532,华金资本,涨停,2,10.030863761901855,14.26,,743329024.0,16.38212013244629,14:37:48,14:37:48,0,,多元金融,1,2,指数上涨,情绪上升,,,0,12,-1,-1,-1,可以打板,,低/可控,待验证/行情缺失,,,,,,,,,,,,False,,,,,,样本不足,2,1,0.5,2,1,0.5,-0.031103500590963673,0.04613179484123431,0.5,1,0,0.0,0.0,-0.031103500590963673,0.04613179484123431,,2,0.0,1.0,-0.031103500590963673,-0.031103500590963673,0.04613179484123431,0.038488995163036444,是,2.610175848007202,,,,收盘封住涨停；大环境：情绪上升，允许适度提高进攻仓位；指数环境：指数上涨；首次封板偏晚，需要板块发酵、股性或大环境确认；2板承接优于普通首板；未炸板；换手处于可承接区间；题材/行业热度一般：多元金融；板块内封板排序第1，属于日内前排；图形新高或强势池新高；今日涨停家数尚可；今日炸板率不高，封板环境较好,,收盘封住涨停；大环境：情绪上升，允许适度提高进攻仓位；指数环境：指数上涨；首次封板偏晚，需要板块发酵、股性或大环境确认；2板承接优于普通首板；未炸板；换手处于可承接区间；题材/行业热度一般：多元金融；板块内封板排序第1，属于日内前排；图形新高或强势池新高；今日涨停家数尚可；今日炸板率不高，封板环境较好,前一交易日本行业涨停样本缺失；技术筛选图形缺失；同股历史涨停溢价样本不足；龙虎榜未上榜或未匹配；仅可作为盘后缺失项；T+1行情缺失或未收盘：2026-09-22,AKShare/Eastmoney pools + local technical screener + local stock_personality_history/history detail + Eastmoney LHB
2026-09-21,2026-09-22,003040,楚天龙,炸板,0,5.6776556968688965,17.31,18.02,2021491216.0,25.645938873291016,09:30:00,,1,-0.03940066592674807,通信设备,1,4,指数上涨,情绪上升,,,0,7,1,1,1,可打但炸板/反包观察,可打但炸板/反包观察,低/可控,待验证/行情缺失,,,,,,,,,,,,False,,,,,,股性中性,9,4,0.4444444444444444,9,4,0.4444444444444444,0.014027660297072217,0.08836303905654123,0.4444444444444444,4,1,0.25,0.25,0.014027660297072217,0.08836303905654123,,9,0.5555555555555556,0.4444444444444444,0.014027660297072217,0.0010214504596528506,0.08836303905654123,0.057079929732510366,,,,,,炸板样本：不直接判错，单独看炸板质量；大环境：情绪上升，允许适度提高进攻仓位；指数环境：指数上涨；首次封板在10:30前，只作为前排证据之一；首板/低板位溢价弹性需依赖题材和封板质量；炸板次数1次，可接受但需看承接；换手过高，次日抛压风险上升；成交额较大，具备市场辨识度；题材/行业热度一般：通信设备；板块内封板排序第1，属于日内前排；今日涨停家数尚可；今日炸板率不高，封板环境较好；三年股性中性：涨停样本9，次日开盘有溢价率55.6%,,炸板样本：不直接判错，单独看炸板质量；大环境：情绪上升，允许适度提高进攻仓位；指数环境：指数上涨；首次封板在10:30前，只作为前排证据之一；首板/低板位溢价弹性需依赖题材和封板质量；炸板次数1次，可接受但需看承接；换手过高，次日抛压风险上升；成交额较大，具备市场辨识度；题材/行业热度一般：通信设备；板块内封板排序第1，属于日内前排；今日涨停家数尚可；今日炸板率不高，封板环境较好；三年股性中性：涨停样本9，次日开盘有溢价率55.6%,前一交易日本行业涨停样本缺失；技术筛选图形缺失；龙虎榜未上榜或未匹配；仅可作为盘后缺失项；T+1行情缺失或未收盘：2026-09-22,AKShare/Eastmoney pools + local technical screener + local stock_personality_history/history detail + Eastmoney LHB
2026-09-21,2026-09-22,603727,博迈科,炸板,0,6.25,18.7,19.36,112899586.0,2.131505250930786,09:32:29,,1,-0.03409090909090906,油服工程,1,1,指数上涨,情绪上升,,,0,6,0,0,0,可打但炸板/反包观察,可打但炸板/反包观察,低/可控,待验证/行情缺失,,,,,,,,,,,,False,,,,,,样本不足,1,0,0.0,1,0,0.0,0.03325688073394484,0.048738532110091715,0.0,0,0,,,0.03325688073394484,0.048738532110091715,,1,1.0,0.0,0.03325688073394484,0.03325688073394484,0.048738532110091715,-0.0625,,,,,,炸板样本：不直接判错，单独看炸板质量；大环境：情绪上升，允许适度提高进攻仓位；指数环境：指数上涨；首次封板在10:30前，只作为前排证据之一；首板/低板位溢价弹性需依赖题材和封板质量；炸板次数1次，可接受但需看承接；题材/行业热度一般：油服工程；板块内封板排序第1，属于日内前排；今日涨停家数尚可；今日炸板率不高，封板环境较好,,炸板样本：不直接判错，单独看炸板质量；大环境：情绪上升，允许适度提高进攻仓位；指数环境：指数上涨；首次封板在10:30前，只作为前排证据之一；首板/低板位溢价弹性需依赖题材和封板质量；炸板次数1次，可接受但需看承接；题材/行业热度一般：油服工程；板块内封板排序第1，属于日内前排；今日涨停家数尚可；今日炸板率不高，封板环境较好,前一交易日本行业涨停样本缺失；技术筛选图形缺失；同股历史涨停溢价样本不足；龙虎榜未上榜或未匹配；仅可作为盘后缺失项；T+1行情缺失或未收盘：2026-09-22,AKShare/Eastmoney pools + local technical screener + local stock_personality_history/history detail + Eastmoney LHB
2026-09-21,2026-09-22,600707,彩虹股份,炸板,0,6.601731300354004,9.85,10.16,2847814896.0,7.987803936004639,09:38:17,,2,-0.030511811023622104,光学光电,1,3,指数上涨,情绪上升,,,0,8,0,0,0,可打但炸板/反包观察,可打但炸板/反包观察,低/可控,待验证/行情缺失,,,,,,,,,,,,False,,,,,,样本不足,,,,,,,,,,,,,,,,,,,,,,,,,,,,,炸板样本：不直接判错，单独看炸板质量；大环境：情绪上升，允许适度提高进攻仓位；指数环境：指数上涨；首次封板在10:30前，只作为前排证据之一；首板/低板位溢价弹性需依赖题材和封板质量；炸板次数2次，可接受但需看承接；换手处于可承接区间；成交额较大，具备市场辨识度；题材/行业热度一般：光学光电；板块内封板排序第1，属于日内前排；今日涨停家数尚可；今日炸板率不高，封板环境较好,,炸板样本：不直接判错，单独看炸板质量；大环境：情绪上升，允许适度提高进攻仓位；指数环境：指数上涨；首次封板在10:30前，只作为前排证据之一；首板/低板位溢价弹性需依赖题材和封板质量；炸板次数2次，可接受但需看承接；换手处于可承接区间；成交额较大，具备市场辨识度；题材/行业热度一般：光学光电；板块内封板排序第1，属于日内前排；今日涨停家数尚可；今日炸板率不高，封板环境较好,前一交易日本行业涨停样本缺失；技术筛选图形缺失；同股历史涨停溢价样本不足；龙虎榜未上榜或未匹配；仅可作为盘后缺失项；T+1行情缺失或未收盘：2026-09-22,AKShare/Eastmoney pools + local technical screener + local stock_personality_history/history detail + Eastmoney LHB
2026-09-21,2026-09-22,605068,明新旭腾,炸板,0,8.037094116210938,20.97,21.35,228355529.0,6.741148471832275,09:41:49,,2,-0.01779859484777524,汽车零部,2,6,指数上涨,情绪上升,,,0,10,-1,-1,-1,可打但炸板/反包观察,可打但炸板/反包观察,低/可控,待验证/行情缺失,,,,,,,,,,,,False,,,,,,股性偏强,7,5,0.7142857142857143,7,5,0.7142857142857143,0.04236103696759771,0.07608797566413068,0.7142857142857143,5,1,0.2,0.2,0.04236103696759771,0.07608797566413068,,7,0.7142857142857143,0.2857142857142857,0.04236103696759771,0.025210084033613356,0.07608797566413068,0.0462623865151763,,,,,,炸板样本：不直接判错，单独看炸板质量；大环境：情绪上升，允许适度提高进攻仓位；指数环境：指数上涨；首次封板在10:30前，只作为前排证据之一；首板/低板位溢价弹性需依赖题材和封板质量；炸板次数2次，可接受但需看承接；换手处于可承接区间；所属行业在今日涨停/炸板热度前排：汽车零部；板块内封板排序第2，属于日内前排；炸板后收盘距涨停价较近，仍有反包观察价值；今日涨停家数尚可；今日炸板率不高，封板环境较好；三年股性偏强：涨停样本7，次日开盘有溢价率71.4%，均值4.2%；历史封板稳定性一般：涨停/炸板样本中未封住比例71.4%,,炸板样本：不直接判错，单独看炸板质量；大环境：情绪上升，允许适度提高进攻仓位；指数环境：指数上涨；首次封板在10:30前，只作为前排证据之一；首板/低板位溢价弹性需依赖题材和封板质量；炸板次数2次，可接受但需看承接；换手处于可承接区间；所属行业在今日涨停/炸板热度前排：汽车零部；板块内封板排序第2，属于日内前排；炸板后收盘距涨停价较近，仍有反包观察价值；今日涨停家数尚可；今日炸板率不高，封板环境较好；三年股性偏强：涨停样本7，次日开盘有溢价率71.4%，均值4.2%；历史封板稳定性一般：涨停/炸板样本中未封住比例71.4%,前一交易日本行业涨停样本缺失；技术筛选图形缺失；龙虎榜未上榜或未匹配；仅可作为盘后缺失项；T+1行情缺失或未收盘：2026-09-22,AKShare/Eastmoney pools + local technical screener + local stock_personality_history/history detail + Eastmoney LHB
2026-09-21,2026-09-22,600869,远东股份,炸板,0,7.146193027496338,22.94,23.55,6915617280.0,13.6802339553833,09:50:47,,2,-0.025902335456475578,电网设备,1,3,指数上涨,情绪上升,,,0,9,0,0,0,可打但炸板/反包观察,可打但炸板/反包观察,低/可控,待验证/行情缺失,,,,,,,,,,,,False,,,,,,样本不足,2,1,0.5,2,1,0.5,-0.011051251195655531,0.08484186491406709,0.5,1,0,0.0,0.0,-0.011051251195655531,0.08484186491406709,,2,0.5,0.5,-0.011051251195655531,-0.011051251195655531,0.08484186491406709,0.023096979234163373,,,,,,炸板样本：不直接判错，单独看炸板质量；大环境：情绪上升，允许适度提高进攻仓位；指数环境：指数上涨；首次封板在10:30前，只作为前排证据之一；首板/低板位溢价弹性需依赖题材和封板质量；炸板次数2次，可接受但需看承接；换手处于可承接区间；成交额较大，具备市场辨识度；题材/行业热度一般：电网设备；板块内封板排序第1，属于日内前排；炸板后收盘距涨停价较近，仍有反包观察价值；今日涨停家数尚可；今日炸板率不高，封板环境较好,,炸板样本：不直接判错，单独看炸板质量；大环境：情绪上升，允许适度提高进攻仓位；指数环境：指数上涨；首次封板在10:30前，只作为前排证据之一；首板/低板位溢价弹性需依赖题材和封板质量；炸板次数2次，可接受但需看承接；换手处于可承接区间；成交额较大，具备市场辨识度；题材/行业热度一般：电网设备；板块内封板排序第1，属于日内前排；炸板后收盘距涨停价较近，仍有反包观察价值；今日涨停家数尚可；今日炸板率不高，封板环境较好,前一交易日本行业涨停样本缺失；技术筛选图形缺失；同股历史涨停溢价样本不足；龙虎榜未上榜或未匹配；仅可作为盘后缺失项；T+1行情缺失或未收盘：2026-09-22,AKShare/Eastmoney pools + local technical screener + local stock_personality_history/history detail + Eastmoney LHB
2026-09-21,2026-09-22,000559,万向钱潮,炸板,0,6.352087020874023,11.72,12.12,1851935568.0,4.738247871398926,09:58:30,,3,-0.03300330033003285,汽车零部,4,6,指数上涨,情绪上升,,,0,6,1,1,1,可打但炸板/反包观察,可打但炸板/反包观察,低/可控,待验证/行情缺失,,,,,,,,,,,,False,,,,,,样本不足,,,,,,,,,,,,,,,,,,,,,,,,,,,,,炸板样本：不直接判错，单独看炸板质量；大环境：情绪上升，允许适度提高进攻仓位；指数环境：指数上涨；首次封板在10:30前，只作为前排证据之一；首板/低板位溢价弹性需依赖题材和封板质量；炸板次数3次，封板稳定性一般；换手处于可承接区间；所属行业在今日涨停/炸板热度前排：汽车零部；板块内封板排序第4，情绪上升期可按后排套利处理；今日涨停家数尚可；今日炸板率不高，封板环境较好,,炸板样本：不直接判错，单独看炸板质量；大环境：情绪上升，允许适度提高进攻仓位；指数环境：指数上涨；首次封板在10:30前，只作为前排证据之一；首板/低板位溢价弹性需依赖题材和封板质量；炸板次数3次，封板稳定性一般；换手处于可承接区间；所属行业在今日涨停/炸板热度前排：汽车零部；板块内封板排序第4，情绪上升期可按后排套利处理；今日涨停家数尚可；今日炸板率不高，封板环境较好,前一交易日本行业涨停样本缺失；技术筛选图形缺失；同股历史涨停溢价样本不足；龙虎榜未上榜或未匹配；仅可作为盘后缺失项；T+1行情缺失或未收盘：2026-09-22,AKShare/Eastmoney pools + local technical screener + local stock_personality_history/history detail + Eastmoney LHB
2026-09-21,2026-09-22,600391,航发科技,炸板,0,6.289614677429199,43.6,45.12,1208570624.0,8.377266883850098,10:03:51,,2,-0.03368794326241131,航空装备,1,1,指数上涨,情绪上升,,,0,7,1,1,1,可打但炸板/反包观察,可打但炸板/反包观察,低/可控,待验证/行情缺失,,,,,,,,,,,,False,,,,,,样本不足,,,,,,,,,,,,,,,,,,,,,,,,是,1.5821729898452759,,,,炸板样本：不直接判错，单独看炸板质量；大环境：情绪上升，允许适度提高进攻仓位；指数环境：指数上涨；首次封板偏晚，需要板块发酵、股性或大环境确认；首板/低板位溢价弹性需依赖题材和封板质量；炸板次数2次，可接受但需看承接；换手处于可承接区间；题材/行业热度一般：航空装备；板块内封板排序第1，属于日内前排；图形新高或强势池新高；今日涨停家数尚可；今日炸板率不高，封板环境较好,,炸板样本：不直接判错，单独看炸板质量；大环境：情绪上升，允许适度提高进攻仓位；指数环境：指数上涨；首次封板偏晚，需要板块发酵、股性或大环境确认；首板/低板位溢价弹性需依赖题材和封板质量；炸板次数2次，可接受但需看承接；换手处于可承接区间；题材/行业热度一般：航空装备；板块内封板排序第1，属于日内前排；图形新高或强势池新高；今日涨停家数尚可；今日炸板率不高，封板环境较好,前一交易日本行业涨停样本缺失；技术筛选图形缺失；同股历史涨停溢价样本不足；龙虎榜未上榜或未匹配；仅可作为盘后缺失项；T+1行情缺失或未收盘：2026-09-22,AKShare/Eastmoney pools + local technical screener + local stock_personality_history/history detail + Eastmoney LHB
2026-09-21,2026-09-22,301008,宏昌科技,炸板,0,15.21787166595459,52.09,54.25,1203293936.0,19.988069534301758,10:08:36,,2,-0.03981566820276494,家电零部,2,2,指数上涨,情绪上升,,,0,6,1,1,1,可打但炸板/反包观察,可打但炸板/反包观察,低/可控,待验证/行情缺失,,,,,,,,,,,,False,,,,,,样本不足,1,0,0.0,1,0,0.0,-0.009900990099009799,-0.006520164211543,0.0,0,0,,,-0.009900990099009799,-0.006520164211543,,1,0.0,1.0,-0.009900990099009799,-0.009900990099009799,-0.006520164211543,-0.07510263221444091,是,3.0992188453674316,,,,炸板样本：不直接判错，单独看炸板质量；大环境：情绪上升，允许适度提高进攻仓位；指数环境：指数上涨；首次封板偏晚，需要板块发酵、股性或大环境确认；首板/低板位溢价弹性需依赖题材和封板质量；炸板次数2次，可接受但需看承接；题材/行业热度一般：家电零部；板块内封板排序第2，属于日内前排；图形新高或强势池新高；今日涨停家数尚可；今日炸板率不高，封板环境较好,,炸板样本：不直接判错，单独看炸板质量；大环境：情绪上升，允许适度提高进攻仓位；指数环境：指数上涨；首次封板偏晚，需要板块发酵、股性或大环境确认；首板/低板位溢价弹性需依赖题材和封板质量；炸板次数2次，可接受但需看承接；题材/行业热度一般：家电零部；板块内封板排序第2，属于日内前排；图形新高或强势池新高；今日涨停家数尚可；今日炸板率不高，封板环境较好,前一交易日本行业涨停样本缺失；技术筛选图形缺失；同股历史涨停溢价样本不足；龙虎榜未上榜或未匹配；仅可作为盘后缺失项；T+1行情缺失或未收盘：2026-09-22,AKShare/Eastmoney pools + local technical screener + local stock_personality_history/history detail + Eastmoney LHB
2026-09-21,2026-09-22,002623,亚玛顿,炸板,2,7.073434352874756,19.83,20.37,572184816.0,15.090409278869629,10:16:06,,2,-0.026509572901325607,光伏设备,1,1,指数上涨,情绪上升,,,0,10,0,0,0,可打但炸板/反包观察,可打但炸板/反包观察,低/可控,待验证/行情缺失,,,,,,,,,,,,False,,,,,,样本不足,1,1,1.0,1,1,1.0,0.008639308855291628,0.09989200863930892,1.0,1,0,0.0,0.0,0.008639308855291628,0.09989200863930892,,1,1.0,0.0,0.008639308855291628,0.008639308855291628,0.09989200863930892,0.07073434125269973,是,2.875713348388672,,,,炸板样本：不直接判错，单独看炸板质量；大环境：情绪上升，允许适度提高进攻仓位；指数环境：指数上涨；首次封板偏晚，需要板块发酵、股性或大环境确认；2板承接优于普通首板；炸板次数2次，可接受但需看承接；换手处于可承接区间；题材/行业热度一般：光伏设备；板块内封板排序第1，属于日内前排；图形新高或强势池新高；炸板后收盘距涨停价较近，仍有反包观察价值；今日涨停家数尚可；今日炸板率不高，封板环境较好,,炸板样本：不直接判错，单独看炸板质量；大环境：情绪上升，允许适度提高进攻仓位；指数环境：指数上涨；首次封板偏晚，需要板块发酵、股性或大环境确认；2板承接优于普通首板；炸板次数2次，可接受但需看承接；换手处于可承接区间；题材/行业热度一般：光伏设备；板块内封板排序第1，属于日内前排；图形新高或强势池新高；炸板后收盘距涨停价较近，仍有反包观察价值；今日涨停家数尚可；今日炸板率不高，封板环境较好,前一交易日本行业涨停样本缺失；技术筛选图形缺失；同股历史涨停溢价样本不足；龙虎榜未上榜或未匹配；仅可作为盘后缺失项；T+1行情缺失或未收盘：2026-09-22,AKShare/Eastmoney pools + local technical screener + local stock_personality_history/history detail + Eastmoney LHB
2026-09-21,2026-09-22,002094,青岛金王,炸板,0,7.2265625,5.49,5.63,388682128.0,10.337690353393555,10:38:45,,1,-0.0248667850799289,家居用品,4,4,指数上涨,情绪上升,,,0,5,3,3,3,炸板可接受/反包观察,炸板可接受/反包观察,中：需看集合竞价承接,待验证/行情缺失,,,,,,,,,,,,False,,,,,,样本不足,2,0,0.0,2,0,0.0,-0.01317964257429155,0.07969939051685548,0.0,0,0,,,-0.01317964257429155,0.07969939051685548,,2,0.0,1.0,-0.01317964257429155,-0.01317964257429155,0.07969939051685548,0.050495850693846656,,,,,,炸板样本：不直接判错，单独看炸板质量；大环境：情绪上升，允许适度提高进攻仓位；指数环境：指数上涨；首次封板偏晚，需要板块发酵、股性或大环境确认；首板/低板位溢价弹性需依赖题材和封板质量；炸板次数1次，可接受但需看承接；换手处于可承接区间；题材/行业热度一般：家居用品；板块内封板排序第4，不是日内前排；炸板后收盘距涨停价较近，仍有反包观察价值；今日涨停家数尚可；今日炸板率不高，封板环境较好,,炸板样本：不直接判错，单独看炸板质量；大环境：情绪上升，允许适度提高进攻仓位；指数环境：指数上涨；首次封板偏晚，需要板块发酵、股性或大环境确认；首板/低板位溢价弹性需依赖题材和封板质量；炸板次数1次，可接受但需看承接；换手处于可承接区间；题材/行业热度一般：家居用品；板块内封板排序第4，不是日内前排；炸板后收盘距涨停价较近，仍有反包观察价值；今日涨停家数尚可；今日炸板率不高，封板环境较好,前一交易日本行业涨停样本缺失；技术筛选图形缺失；同股历史涨停溢价样本不足；龙虎榜未上榜或未匹配；仅可作为盘后缺失项；T+1行情缺失或未收盘：2026-09-22,AKShare/Eastmoney pools + local technical screener + local stock_personality_history/history detail + Eastmoney LHB
2026-09-21,2026-09-22,001282,三联锻造,炸板,0,5.330764293670654,16.4,17.13,155429318.0,6.136256694793701,10:53:27,,1,-0.04261529480443671,汽车零部,5,6,指数上涨,情绪上升,,,0,6,1,1,1,炸板可接受/反包观察,炸板可接受/反包观察,低/可控,待验证/行情缺失,,,,,,,,,,,,False,,,,,,样本不足,,,,,,,,,,,,,,,,,,,,,,,,,,,,,炸板样本：不直接判错，单独看炸板质量；大环境：情绪上升，允许适度提高进攻仓位；指数环境：指数上涨；首次封板偏晚，需要板块发酵、股性或大环境确认；首板/低板位溢价弹性需依赖题材和封板质量；炸板次数1次，可接受但需看承接；换手处于可承接区间；所属行业在今日涨停/炸板热度前排：汽车零部；板块内封板排序第5，情绪上升期可按后排套利处理；今日涨停家数尚可；今日炸板率不高，封板环境较好,,炸板样本：不直接判错，单独看炸板质量；大环境：情绪上升，允许适度提高进攻仓位；指数环境：指数上涨；首次封板偏晚，需要板块发酵、股性或大环境确认；首板/低板位溢价弹性需依赖题材和封板质量；炸板次数1次，可接受但需看承接；换手处于可承接区间；所属行业在今日涨停/炸板热度前排：汽车零部；板块内封板排序第5，情绪上升期可按后排套利处理；今日涨停家数尚可；今日炸板率不高，封板环境较好,前一交易日本行业涨停样本缺失；技术筛选图形缺失；同股历史涨停溢价样本不足；龙虎榜未上榜或未匹配；仅可作为盘后缺失项；T+1行情缺失或未收盘：2026-09-22,AKShare/Eastmoney pools + local technical screener + local stock_personality_history/history detail + Eastmoney LHB
2026-09-21,2026-09-22,000070,特发信息,炸板,0,7.231638431549072,18.98,19.47,3132139376.0,19.453676223754883,10:54:54,,2,-0.025166923472008107,通信设备,4,4,指数上涨,情绪上升,,,0,5,3,3,3,炸板可接受/反包观察,炸板可接受/反包观察,中：需看集合竞价承接,待验证/行情缺失,,,,,,,,,,,,False,,,,,,样本不足,2,1,0.5,2,1,0.5,0.0007656987277396832,0.010583794964628745,0.5,1,0,0.0,0.0,0.0007656987277396832,0.010583794964628745,,2,0.5,0.5,0.0007656987277396832,0.0007656987277396832,0.010583794964628745,-0.019314899993182533,,,,,,炸板样本：不直接判错，单独看炸板质量；大环境：情绪上升，允许适度提高进攻仓位；指数环境：指数上涨；首次封板偏晚，需要板块发酵、股性或大环境确认；首板/低板位溢价弹性需依赖题材和封板质量；炸板次数2次，可接受但需看承接；成交额较大，具备市场辨识度；题材/行业热度一般：通信设备；板块内封板排序第4，不是日内前排；炸板后收盘距涨停价较近，仍有反包观察价值；今日涨停家数尚可；今日炸板率不高，封板环境较好,,炸板样本：不直接判错，单独看炸板质量；大环境：情绪上升，允许适度提高进攻仓位；指数环境：指数上涨；首次封板偏晚，需要板块发酵、股性或大环境确认；首板/低板位溢价弹性需依赖题材和封板质量；炸板次数2次，可接受但需看承接；成交额较大，具备市场辨识度；题材/行业热度一般：通信设备；板块内封板排序第4，不是日内前排；炸板后收盘距涨停价较近，仍有反包观察价值；今日涨停家数尚可；今日炸板率不高，封板环境较好,前一交易日本行业涨停样本缺失；技术筛选图形缺失；同股历史涨停溢价样本不足；龙虎榜未上榜或未匹配；仅可作为盘后缺失项；T+1行情缺失或未收盘：2026-09-22,AKShare/Eastmoney pools + local technical screener + local stock_personality_history/history detail + Eastmoney LHB
2026-09-21,2026-09-22,600308,华泰股份,炸板,0,6.211180210113525,3.42,3.54,136750007.0,2.625833511352539,11:02:06,,1,-0.03389830508474578,造纸,1,1,指数上涨,情绪上升,,,0,6,1,1,1,可打但炸板/反包观察,可打但炸板/反包观察,低/可控,待验证/行情缺失,,,,,,,,,,,,False,,,,,,样本不足,,,,,,,,,,,,,,,,,,,,,,,,是,6.605085372924805,,,,炸板样本：不直接判错，单独看炸板质量；大环境：情绪上升，允许适度提高进攻仓位；指数环境：指数上涨；首次封板偏晚，需要板块发酵、股性或大环境确认；首板/低板位溢价弹性需依赖题材和封板质量；炸板次数1次，可接受但需看承接；题材/行业热度一般：造纸；板块内封板排序第1，属于日内前排；图形新高或强势池新高；今日涨停家数尚可；今日炸板率不高，封板环境较好,,炸板样本：不直接判错，单独看炸板质量；大环境：情绪上升，允许适度提高进攻仓位；指数环境：指数上涨；首次封板偏晚，需要板块发酵、股性或大环境确认；首板/低板位溢价弹性需依赖题材和封板质量；炸板次数1次，可接受但需看承接；题材/行业热度一般：造纸；板块内封板排序第1，属于日内前排；图形新高或强势池新高；今日涨停家数尚可；今日炸板率不高，封板环境较好,前一交易日本行业涨停样本缺失；技术筛选图形缺失；同股历史涨停溢价样本不足；龙虎榜未上榜或未匹配；仅可作为盘后缺失项；T+1行情缺失或未收盘：2026-09-22,AKShare/Eastmoney pools + local technical screener + local stock_personality_history/history detail + Eastmoney LHB
2026-09-21,2026-09-22,600303,曙光股份,炸板,0,5.3691277503967285,3.14,3.28,203313041.0,9.482149124145508,11:08:00,,1,-0.04268292682926822,商用车,1,1,指数上涨,情绪上升,,,0,6,1,1,1,炸板可接受/反包观察,炸板可接受/反包观察,低/可控,待验证/行情缺失,,,,,,,,,,,,False,,,,,,样本不足,1,0,0.0,1,0,0.0,-0.0073800738007380184,-0.0036900369003689537,0.0,0,0,,,-0.0073800738007380184,-0.0036900369003689537,,1,0.0,1.0,-0.0073800738007380184,-0.0073800738007380184,-0.0036900369003689537,-0.02583025830258301,,,,,,炸板样本：不直接判错，单独看炸板质量；大环境：情绪上升，允许适度提高进攻仓位；指数环境：指数上涨；首次封板偏晚，需要板块发酵、股性或大环境确认；首板/低板位溢价弹性需依赖题材和封板质量；炸板次数1次，可接受但需看承接；换手处于可承接区间；题材/行业热度一般：商用车；板块内封板排序第1，属于日内前排；今日涨停家数尚可；今日炸板率不高，封板环境较好,,炸板样本：不直接判错，单独看炸板质量；大环境：情绪上升，允许适度提高进攻仓位；指数环境：指数上涨；首次封板偏晚，需要板块发酵、股性或大环境确认；首板/低板位溢价弹性需依赖题材和封板质量；炸板次数1次，可接受但需看承接；换手处于可承接区间；题材/行业热度一般：商用车；板块内封板排序第1，属于日内前排；今日涨停家数尚可；今日炸板率不高，封板环境较好,前一交易日本行业涨停样本缺失；技术筛选图形缺失；同股历史涨停溢价样本不足；龙虎榜未上榜或未匹配；仅可作为盘后缺失项；T+1行情缺失或未收盘：2026-09-22,AKShare/Eastmoney pools + local technical screener + local stock_personality_history/history detail + Eastmoney LHB
2026-09-21,2026-09-22,300426,华智数媒,炸板,0,13.915416717529297,8.35,8.8,564065408.0,16.903949737548828,11:10:36,,3,-0.05113636363636376,影视院线,1,1,指数上涨,情绪上升,,,0,6,2,2,2,炸板可接受/反包观察,炸板可接受/反包观察,中：需看集合竞价承接,待验证/行情缺失,,,,,,,,,,,,False,,,,,,样本不足,1,0,0.0,1,0,0.0,-0.03717948717948716,0.023076923076923217,0.0,0,0,,,-0.03717948717948716,0.023076923076923217,,1,0.0,1.0,-0.03717948717948716,-0.03717948717948716,0.023076923076923217,-0.05769230769230771,是,5.977395534515381,,,,炸板样本：不直接判错，单独看炸板质量；大环境：情绪上升，允许适度提高进攻仓位；指数环境：指数上涨；首次封板偏晚，需要板块发酵、股性或大环境确认；首板/低板位溢价弹性需依赖题材和封板质量；炸板次数3次，封板稳定性一般；换手处于可承接区间；题材/行业热度一般：影视院线；板块内封板排序第1，属于日内前排；图形新高或强势池新高；今日涨停家数尚可；今日炸板率不高，封板环境较好,,炸板样本：不直接判错，单独看炸板质量；大环境：情绪上升，允许适度提高进攻仓位；指数环境：指数上涨；首次封板偏晚，需要板块发酵、股性或大环境确认；首板/低板位溢价弹性需依赖题材和封板质量；炸板次数3次，封板稳定性一般；换手处于可承接区间；题材/行业热度一般：影视院线；板块内封板排序第1，属于日内前排；图形新高或强势池新高；今日涨停家数尚可；今日炸板率不高，封板环境较好,前一交易日本行业涨停样本缺失；技术筛选图形缺失；同股历史涨停溢价样本不足；龙虎榜未上榜或未匹配；仅可作为盘后缺失项；T+1行情缺失或未收盘：2026-09-22,AKShare/Eastmoney pools + local technical screener + local stock_personality_history/history detail + Eastmoney LHB
2026-09-21,2026-09-22,600675,中华企业,炸板,0,6.060606002807617,2.45,2.54,278777168.0,1.9122998714447021,11:18:26,,1,-0.03543307086614167,房地产开,3,7,指数上涨,情绪上升,,,0,7,0,0,0,可打但炸板/反包观察,可打但炸板/反包观察,低/可控,待验证/行情缺失,,,,,,,,,,,,False,,,,,,样本不足,,,,,,,,,,,,,,,,,,,,,,,,是,3.8679757118225098,,,,炸板样本：不直接判错，单独看炸板质量；大环境：情绪上升，允许适度提高进攻仓位；指数环境：指数上涨；首次封板偏晚，需要板块发酵、股性或大环境确认；首板/低板位溢价弹性需依赖题材和封板质量；炸板次数1次，可接受但需看承接；所属行业在今日涨停/炸板热度前排：房地产开；板块内封板排序第3，属于日内前排；图形新高或强势池新高；今日涨停家数尚可；今日炸板率不高，封板环境较好,,炸板样本：不直接判错，单独看炸板质量；大环境：情绪上升，允许适度提高进攻仓位；指数环境：指数上涨；首次封板偏晚，需要板块发酵、股性或大环境确认；首板/低板位溢价弹性需依赖题材和封板质量；炸板次数1次，可接受但需看承接；所属行业在今日涨停/炸板热度前排：房地产开；板块内封板排序第3，属于日内前排；图形新高或强势池新高；今日涨停家数尚可；今日炸板率不高，封板环境较好,前一交易日本行业涨停样本缺失；技术筛选图形缺失；同股历史涨停溢价样本不足；龙虎榜未上榜或未匹配；仅可作为盘后缺失项；T+1行情缺失或未收盘：2026-09-22,AKShare/Eastmoney pools + local technical screener + local stock_personality_history/history detail + Eastmoney LHB
2026-09-21,2026-09-22,002169,智光电气,炸板,0,9.157509803771973,14.9,15.02,961044384.0,8.638971328735352,13:05:27,,3,-0.007989347536617841,电网设备,2,3,指数上涨,情绪上升,,,0,7,2,2,2,可打但炸板/反包观察,可打但炸板/反包观察,中：需看集合竞价承接,待验证/行情缺失,,,,,,,,,,,,False,,,,,,样本不足,1,1,1.0,1,1,1.0,-0.0037285607755407346,0.017897091722595126,1.0,1,0,0.0,0.0,-0.0037285607755407346,0.017897091722595126,,1,0.0,1.0,-0.0037285607755407346,-0.0037285607755407346,0.017897091722595126,-0.026099925428784476,是,2.5305466651916504,,,,炸板样本：不直接判错，单独看炸板质量；大环境：情绪上升，允许适度提高进攻仓位；指数环境：指数上涨；首次封板偏晚，需要板块发酵、股性或大环境确认；首板/低板位溢价弹性需依赖题材和封板质量；炸板次数3次，封板稳定性一般；换手处于可承接区间；题材/行业热度一般：电网设备；板块内封板排序第2，属于日内前排；图形新高或强势池新高；炸板后收盘距涨停价较近，仍有反包观察价值；今日涨停家数尚可；今日炸板率不高，封板环境较好,,炸板样本：不直接判错，单独看炸板质量；大环境：情绪上升，允许适度提高进攻仓位；指数环境：指数上涨；首次封板偏晚，需要板块发酵、股性或大环境确认；首板/低板位溢价弹性需依赖题材和封板质量；炸板次数3次，封板稳定性一般；换手处于可承接区间；题材/行业热度一般：电网设备；板块内封板排序第2，属于日内前排；图形新高或强势池新高；炸板后收盘距涨停价较近，仍有反包观察价值；今日涨停家数尚可；今日炸板率不高，封板环境较好,前一交易日本行业涨停样本缺失；技术筛选图形缺失；同股历史涨停溢价样本不足；龙虎榜未上榜或未匹配；仅可作为盘后缺失项；T+1行情缺失或未收盘：2026-09-22,AKShare/Eastmoney pools + local technical screener + local stock_personality_history/history detail + Eastmoney LHB
2026-09-21,2026-09-22,600383,金地集团,炸板,0,9.777777671813965,2.47,2.48,895001520.0,8.26307201385498,13:22:07,,5,-0.004032258064516014,房地产开,6,7,指数上涨,情绪上升,,,0,7,2,2,2,可打但炸板/反包观察,可打但炸板/反包观察,中：需看集合竞价承接,待验证/行情缺失,,,,,,,,,,,,False,,,,,,样本不足,,,,,,,,,,,,,,,,,,,,,,,,是,5.219344615936279,,,,炸板样本：不直接判错，单独看炸板质量；大环境：情绪上升，允许适度提高进攻仓位；指数环境：指数上涨；首次封板偏晚，需要板块发酵、股性或大环境确认；首板/低板位溢价弹性需依赖题材和封板质量；炸板次数5次，封板稳定性一般；换手处于可承接区间；所属行业在今日涨停/炸板热度前排：房地产开；板块内封板排序第6，情绪上升期可按后排套利处理；图形新高或强势池新高；炸板后收盘距涨停价较近，仍有反包观察价值；今日涨停家数尚可；今日炸板率不高，封板环境较好,,炸板样本：不直接判错，单独看炸板质量；大环境：情绪上升，允许适度提高进攻仓位；指数环境：指数上涨；首次封板偏晚，需要板块发酵、股性或大环境确认；首板/低板位溢价弹性需依赖题材和封板质量；炸板次数5次，封板稳定性一般；换手处于可承接区间；所属行业在今日涨停/炸板热度前排：房地产开；板块内封板排序第6，情绪上升期可按后排套利处理；图形新高或强势池新高；炸板后收盘距涨停价较近，仍有反包观察价值；今日涨停家数尚可；今日炸板率不高，封板环境较好,前一交易日本行业涨停样本缺失；技术筛选图形缺失；同股历史涨停溢价样本不足；龙虎榜未上榜或未匹配；仅可作为盘后缺失项；T+1行情缺失或未收盘：2026-09-22,AKShare/Eastmoney pools + local technical screener + local stock_personality_history/history detail + Eastmoney LHB
2026-09-21,2026-09-22,000002,万  科Ａ,炸板,2,9.939759254455566,3.65,3.65,2931911904.0,8.588953971862793,13:22:36,,13,0.0,房地产开,5,7,指数上涨,情绪上升,,,0,9,2,2,2,可打但炸板/反包观察,可打但炸板/反包观察,中：需看集合竞价承接,待验证/行情缺失,,,,,,,,,,,,False,,,,,,样本不足,1,0,0.0,1,0,0.0,-0.0060240963855421326,0.09939759036144591,0.0,0,0,,,-0.0060240963855421326,0.09939759036144591,,1,0.0,1.0,-0.0060240963855421326,-0.0060240963855421326,0.09939759036144591,0.09939759036144591,是,5.9316935539245605,,,,炸板样本：不直接判错，单独看炸板质量；大环境：情绪上升，允许适度提高进攻仓位；指数环境：指数上涨；首次封板偏晚，需要板块发酵、股性或大环境确认；2板承接优于普通首板；炸板次数13次，封板分歧大；换手处于可承接区间；成交额较大，具备市场辨识度；所属行业在今日涨停/炸板热度前排：房地产开；板块内封板排序第5，情绪上升期可按后排套利处理；图形新高或强势池新高；炸板后收盘距涨停价较近，仍有反包观察价值；今日涨停家数尚可；今日炸板率不高，封板环境较好,,炸板样本：不直接判错，单独看炸板质量；大环境：情绪上升，允许适度提高进攻仓位；指数环境：指数上涨；首次封板偏晚，需要板块发酵、股性或大环境确认；2板承接优于普通首板；炸板次数13次，封板分歧大；换手处于可承接区间；成交额较大，具备市场辨识度；所属行业在今日涨停/炸板热度前排：房地产开；板块内封板排序第5，情绪上升期可按后排套利处理；图形新高或强势池新高；炸板后收盘距涨停价较近，仍有反包观察价值；今日涨停家数尚可；今日炸板率不高，封板环境较好,前一交易日本行业涨停样本缺失；技术筛选图形缺失；同股历史涨停溢价样本不足；龙虎榜未上榜或未匹配；仅可作为盘后缺失项；T+1行情缺失或未收盘：2026-09-22,AKShare/Eastmoney pools + local technical screener + local stock_personality_history/history detail + Eastmoney LHB
2026-09-21,2026-09-22,603351,威尔药业,炸板,0,7.9778828620910645,27.34,27.85,138943384.0,3.7858333587646484,13:29:10,,1,-0.01831238779174149,化学制药,9,10,指数上涨,情绪上升,,,0,7,1,1,1,可打但炸板/反包观察,可打但炸板/反包观察,低/可控,待验证/行情缺失,,,,,,,,,,,,False,,,,,,样本不足,,,,,,,,,,,,,,,,,,,,,,,,,,,,,炸板样本：不直接判错，单独看炸板质量；大环境：情绪上升，允许适度提高进攻仓位；指数环境：指数上涨；首次封板偏晚，需要板块发酵、股性或大环境确认；首板/低板位溢价弹性需依赖题材和封板质量；炸板次数1次，可接受但需看承接；换手处于可承接区间；所属行业在今日涨停/炸板热度前排：化学制药；板块内封板排序第9，情绪上升期可按后排套利处理；炸板后收盘距涨停价较近，仍有反包观察价值；今日涨停家数尚可；今日炸板率不高，封板环境较好,,炸板样本：不直接判错，单独看炸板质量；大环境：情绪上升，允许适度提高进攻仓位；指数环境：指数上涨；首次封板偏晚，需要板块发酵、股性或大环境确认；首板/低板位溢价弹性需依赖题材和封板质量；炸板次数1次，可接受但需看承接；换手处于可承接区间；所属行业在今日涨停/炸板热度前排：化学制药；板块内封板排序第9，情绪上升期可按后排套利处理；炸板后收盘距涨停价较近，仍有反包观察价值；今日涨停家数尚可；今日炸板率不高，封板环境较好,前一交易日本行业涨停样本缺失；技术筛选图形缺失；同股历史涨停溢价样本不足；龙虎榜未上榜或未匹配；仅可作为盘后缺失项；T+1行情缺失或未收盘：2026-09-22,AKShare/Eastmoney pools + local technical screener + local stock_personality_history/history detail + Eastmoney LHB
2026-09-21,2026-09-22,002482,广田集团,炸板,0,5.223880767822266,1.41,1.47,226459841.0,4.277842998504639,13:38:33,,1,-0.04081632653061229,装修装饰,2,2,指数上涨,情绪上升,,,0,7,1,1,1,炸板可接受/反包观察,炸板可接受/反包观察,低/可控,待验证/行情缺失,,,,,,,,,,,,False,,,,,,样本不足,,,,,,,,,,,,,,,,,,,,,,,,是,3.3636245727539062,,,,炸板样本：不直接判错，单独看炸板质量；大环境：情绪上升，允许适度提高进攻仓位；指数环境：指数上涨；首次封板偏晚，需要板块发酵、股性或大环境确认；首板/低板位溢价弹性需依赖题材和封板质量；炸板次数1次，可接受但需看承接；换手处于可承接区间；题材/行业热度一般：装修装饰；板块内封板排序第2，属于日内前排；图形新高或强势池新高；今日涨停家数尚可；今日炸板率不高，封板环境较好,,炸板样本：不直接判错，单独看炸板质量；大环境：情绪上升，允许适度提高进攻仓位；指数环境：指数上涨；首次封板偏晚，需要板块发酵、股性或大环境确认；首板/低板位溢价弹性需依赖题材和封板质量；炸板次数1次，可接受但需看承接；换手处于可承接区间；题材/行业热度一般：装修装饰；板块内封板排序第2，属于日内前排；图形新高或强势池新高；今日涨停家数尚可；今日炸板率不高，封板环境较好,前一交易日本行业涨停样本缺失；技术筛选图形缺失；同股历史涨停溢价样本不足；龙虎榜未上榜或未匹配；仅可作为盘后缺失项；T+1行情缺失或未收盘：2026-09-22,AKShare/Eastmoney pools + local technical screener + local stock_personality_history/history detail + Eastmoney LHB
2026-09-21,2026-09-22,002199,东晶电子,炸板,0,5.2419352531433105,13.05,13.64,192626861.0,6.426577568054199,13:55:51,,1,-0.043255131964809346,元件,3,4,指数上涨,情绪上升,,,0,6,5,5,5,炸板失败/不能打,炸板失败/不能打,高：次日无溢价风险高,待验证/行情缺失,,,,,,,,,,,,False,,,,,,A杀血统高,5,2,0.4,5,2,0.4,-0.0009942341713020885,0.07463244476365252,0.4,2,1,0.5,0.5,-0.0009942341713020885,0.07463244476365252,谨慎可打,5,0.2,0.8,-0.0009942341713020885,-0.009708737864077777,0.07463244476365252,0.043399085035488304,,,,,,炸板样本：不直接判错，单独看炸板质量；大环境：情绪上升，允许适度提高进攻仓位；指数环境：指数上涨；首次封板偏晚，需要板块发酵、股性或大环境确认；首板/低板位溢价弹性需依赖题材和封板质量；炸板次数1次，可接受但需看承接；换手处于可承接区间；题材/行业热度一般：元件；板块内封板排序第3，属于日内前排；今日涨停家数尚可；今日炸板率不高，封板环境较好；三年股性偏弱：涨停样本5，次日开盘有溢价率20.0%，均值-0.1%；A杀血统指数偏高：历史炸板样本2，炸板后A杀率50.0%；A杀血统样本较少，强制退出严格可以打板名单,,炸板样本：不直接判错，单独看炸板质量；大环境：情绪上升，允许适度提高进攻仓位；指数环境：指数上涨；首次封板偏晚，需要板块发酵、股性或大环境确认；首板/低板位溢价弹性需依赖题材和封板质量；炸板次数1次，可接受但需看承接；换手处于可承接区间；题材/行业热度一般：元件；板块内封板排序第3，属于日内前排；今日涨停家数尚可；今日炸板率不高，封板环境较好；三年股性偏弱：涨停样本5，次日开盘有溢价率20.0%，均值-0.1%；A杀血统指数偏高：历史炸板样本2，炸板后A杀率50.0%；A杀血统样本较少，强制退出严格可以打板名单,前一交易日本行业涨停样本缺失；技术筛选图形缺失；龙虎榜未上榜或未匹配；仅可作为盘后缺失项；T+1行情缺失或未收盘：2026-09-22,AKShare/Eastmoney pools + local technical screener + local stock_personality_history/history detail + Eastmoney LHB
2026-09-21,2026-09-22,603997,继峰股份,炸板,0,9.307876586914062,13.74,13.83,809154016.0,4.713368892669678,14:08:06,,2,-0.006507592190889366,汽车零部,6,6,指数上涨,情绪上升,,,0,8,1,1,1,可打但炸板/反包观察,可打但炸板/反包观察,低/可控,待验证/行情缺失,,,,,,,,,,,,False,,,,,,样本不足,,,,,,,,,,,,,,,,,,,,,,,,是,3.4220147132873535,,,,炸板样本：不直接判错，单独看炸板质量；大环境：情绪上升，允许适度提高进攻仓位；指数环境：指数上涨；首次封板偏晚，需要板块发酵、股性或大环境确认；首板/低板位溢价弹性需依赖题材和封板质量；炸板次数2次，可接受但需看承接；换手处于可承接区间；所属行业在今日涨停/炸板热度前排：汽车零部；板块内封板排序第6，情绪上升期可按后排套利处理；图形新高或强势池新高；炸板后收盘距涨停价较近，仍有反包观察价值；今日涨停家数尚可；今日炸板率不高，封板环境较好,,炸板样本：不直接判错，单独看炸板质量；大环境：情绪上升，允许适度提高进攻仓位；指数环境：指数上涨；首次封板偏晚，需要板块发酵、股性或大环境确认；首板/低板位溢价弹性需依赖题材和封板质量；炸板次数2次，可接受但需看承接；换手处于可承接区间；所属行业在今日涨停/炸板热度前排：汽车零部；板块内封板排序第6，情绪上升期可按后排套利处理；图形新高或强势池新高；炸板后收盘距涨停价较近，仍有反包观察价值；今日涨停家数尚可；今日炸板率不高，封板环境较好,前一交易日本行业涨停样本缺失；技术筛选图形缺失；同股历史涨停溢价样本不足；龙虎榜未上榜或未匹配；仅可作为盘后缺失项；T+1行情缺失或未收盘：2026-09-22,AKShare/Eastmoney pools + local technical screener + local stock_personality_history/history detail + Eastmoney LHB
2026-09-21,2026-09-22,000823,超声电子,炸板,0,7.784431457519531,25.2,25.72,4382095104.0,30.479877471923828,14:18:51,,1,-0.02021772939346811,元件,4,4,指数上涨,情绪上升,,,0,6,4,4,4,可打但炸板/反包观察,可打但炸板/反包观察,高：次日无溢价风险高,待验证/行情缺失,,,,,,,,,,,,False,,,,,,股性偏强,6,5,0.8333333333333334,6,5,0.8333333333333334,0.02723488629480919,0.08914786930766475,0.8333333333333334,5,0,0.0,0.0,0.02723488629480919,0.08914786930766475,,5,0.8,0.2,0.02723488629480919,0.016349977905435242,0.08914786930766475,0.06434259829904768,,,,,,炸板样本：不直接判错，单独看炸板质量；大环境：情绪上升，允许适度提高进攻仓位；指数环境：指数上涨；首次封板偏晚，需要板块发酵、股性或大环境确认；首板/低板位溢价弹性需依赖题材和封板质量；炸板次数1次，可接受但需看承接；换手过高，次日抛压风险上升；成交额较大，具备市场辨识度；题材/行业热度一般：元件；板块内封板排序第4，不是日内前排；炸板后收盘距涨停价较近，仍有反包观察价值；今日涨停家数尚可；今日炸板率不高，封板环境较好；三年股性偏强：涨停样本6，次日开盘有溢价率80.0%，均值2.7%；历史封板稳定性一般：涨停/炸板样本中未封住比例83.3%,,炸板样本：不直接判错，单独看炸板质量；大环境：情绪上升，允许适度提高进攻仓位；指数环境：指数上涨；首次封板偏晚，需要板块发酵、股性或大环境确认；首板/低板位溢价弹性需依赖题材和封板质量；炸板次数1次，可接受但需看承接；换手过高，次日抛压风险上升；成交额较大，具备市场辨识度；题材/行业热度一般：元件；板块内封板排序第4，不是日内前排；炸板后收盘距涨停价较近，仍有反包观察价值；今日涨停家数尚可；今日炸板率不高，封板环境较好；三年股性偏强：涨停样本6，次日开盘有溢价率80.0%，均值2.7%；历史封板稳定性一般：涨停/炸板样本中未封住比例83.3%,前一交易日本行业涨停样本缺失；技术筛选图形缺失；龙虎榜未上榜或未匹配；仅可作为盘后缺失项；T+1行情缺失或未收盘：2026-09-22,AKShare/Eastmoney pools + local technical screener + local stock_personality_history/history detail + Eastmoney LHB
2026-09-21,2026-09-22,002909,集泰股份,炸板,0,5.855161666870117,6.87,7.14,454332688.0,17.518522262573242,14:40:30,,1,-0.037815126050420145,化学制品,6,6,指数上涨,情绪上升,,,0,7,4,4,4,不能打板,不能打板,高：次日无溢价风险高,待验证/行情缺失,,,,,,,,,,,,False,,,,,,A杀血统高,6,3,0.5,6,3,0.5,0.054399334859828695,0.09291290597918882,0.5,3,1,0.3333333333333333,0.3333333333333333,0.054399334859828695,0.09291290597918882,禁止打板,6,0.8333333333333334,0.16666666666666666,0.054399334859828695,0.055926769279264876,0.09291290597918882,0.04779537323151478,,,,,,炸板样本：不直接判错，单独看炸板质量；大环境：情绪上升，允许适度提高进攻仓位；指数环境：指数上涨；首次封板偏晚，需要板块发酵、股性或大环境确认；首板/低板位溢价弹性需依赖题材和封板质量；炸板次数1次，可接受但需看承接；换手处于可承接区间；所属行业在今日涨停/炸板热度前排：化学制品；板块内封板排序第6，情绪上升期可按后排套利处理；今日涨停家数尚可；今日炸板率不高，封板环境较好；三年股性偏强：涨停样本6，次日开盘有溢价率83.3%，均值5.4%；历史封板稳定性一般：涨停/炸板样本中未封住比例50.0%；A杀血统指数偏高：历史炸板样本3，炸板后A杀率33.3%；历史炸板A杀率>30%，按股性记忆强制禁止打板,,炸板样本：不直接判错，单独看炸板质量；大环境：情绪上升，允许适度提高进攻仓位；指数环境：指数上涨；首次封板偏晚，需要板块发酵、股性或大环境确认；首板/低板位溢价弹性需依赖题材和封板质量；炸板次数1次，可接受但需看承接；换手处于可承接区间；所属行业在今日涨停/炸板热度前排：化学制品；板块内封板排序第6，情绪上升期可按后排套利处理；今日涨停家数尚可；今日炸板率不高，封板环境较好；三年股性偏强：涨停样本6，次日开盘有溢价率83.3%，均值5.4%；历史封板稳定性一般：涨停/炸板样本中未封住比例50.0%；A杀血统指数偏高：历史炸板样本3，炸板后A杀率33.3%；历史炸板A杀率>30%，按股性记忆强制禁止打板,前一交易日本行业涨停样本缺失；技术筛选图形缺失；龙虎榜未上榜或未匹配；仅可作为盘后缺失项；T+1行情缺失或未收盘：2026-09-22,AKShare/Eastmoney pools + local technical screener + local stock_personality_history/history detail + Eastmoney LHB
